job_id,company_name,industry,job_title,skills_required,experience_level,employment_type,location,median_salary,posted_date,company_size,tools_preferred
1,Foster and Sons,Healthcare,Data Analyst,"NumPy, Reinforcement Learning, PyTorch, Scikit-learn, GCP, FastAPI",Mid,Full-time,"Tracybury, AR",101229,20-08-2025,Large,"KDB+, LangChain"
2,"Boyd, Myers and Ramirez",Tech,Computer Vision Engineer,"Scikit-learn, CUDA, SQL, Pandas",Senior,Full-time,"Lake Scott, CU",111699,22-03-2024,Large,"FastAPI, KDB+, TensorFlow"
3,King Inc,Tech,Quant Researcher,"MLflow, FastAPI, Azure, PyTorch, SQL, GCP",Entry,Full-time,"East Paige, CM",170850,18-09-2025,Large,"BigQuery, PyTorch, Scikit-learn"
4,"Cooper, Archer and Lynch",Tech,AI Product Manager,"Scikit-learn, C++, Pandas, LangChain, AWS, R",Mid,Full-time,"Perezview, FI",87326,08-05-2024,Large,"TensorFlow, BigQuery, MLflow"
5,Hall LLC,Finance,Data Scientist,"Excel, Keras, SQL, Hugging Face",Senior,Contract,"North Desireeland, NE",117054,24-02-2025,Large,"PyTorch, LangChain"
6,Ellis PLC,E-commerce,AI Product Manager,"GCP, Excel, Scikit-learn, MLflow",Senior,Remote,"South Kevin, TZ",136675,07-08-2025,Large,"PyTorch, TensorFlow, FastAPI"
7,Matthews-Moses,Automotive,Data Analyst,"Python, Flask, Scikit-learn, GCP",Mid,Full-time,"West Shawn, LR",79585,23-12-2024,Large,"PyTorch, MLflow"
8,Mullins Ltd,Education,Data Scientist,"Excel, SQL, Flask",Entry,Internship,"Port Hailey, RU",72588,14-08-2024,Large,BigQuery
9,Aguilar PLC,Healthcare,ML Engineer,"Pandas, LangChain, GCP, Azure",Entry,Internship,"Butlermouth, GB",161372,15-09-2025,Large,"Scikit-learn, LangChain, BigQuery"
10,Parks LLC,Automotive,Computer Vision Engineer,"Excel, Reinforcement Learning, TensorFlow",Senior,Full-time,"Nicoleshire, BA",122195,07-08-2025,Large,"MLflow, TensorFlow"
11,Vaughan-Ortiz,Tech,Data Scientist,"Keras, MLflow, Reinforcement Learning",Entry,Internship,"New Angelatown, LU",112968,10-01-2024,Large,"LangChain, BigQuery, Scikit-learn"
12,"Johnson, Guzman and Hernandez",Finance,ML Engineer,"Excel, Reinforcement Learning, Keras, Scikit-learn",Entry,Full-time,"Joychester, LT",98127,15-03-2024,Large,"TensorFlow, PyTorch, BigQuery"
13,Martin and Sons,E-commerce,NLP Engineer,"C++, Hugging Face, Python, FastAPI",Entry,Full-time,"South Michael, FM",109898,27-09-2023,Startup,LangChain
14,Frank-Duarte,Retail,Quant Researcher,"Excel, MLflow, NumPy, Hugging Face, LangChain, FastAPI",Senior,Full-time,"Christianberg, GQ",165490,20-11-2024,Mid,"LangChain, TensorFlow, Scikit-learn"
15,Rogers Ltd,Education,NLP Engineer,"Pandas, CUDA, NumPy, FastAPI",Mid,Remote,"New Katieborough, FJ",173292,08-07-2024,Large,FastAPI
16,Wright-Evans,Automotive,NLP Engineer,"Hugging Face, Scikit-learn, Reinforcement Learning",Senior,Remote,"Stephaniechester, LU",171268,06-04-2024,Startup,TensorFlow
17,Preston Ltd,E-commerce,ML Engineer,"MLflow, R, C++",Entry,Full-time,"South Tim, CZ",158810,14-05-2025,Mid,LangChain
18,Smith-Moore,Automotive,AI Product Manager,"Excel, MLflow, Hugging Face, Flask, Power BI",Entry,Internship,"Blevinsburgh, VU",165521,29-04-2024,Startup,BigQuery
19,Webb and Sons,Healthcare,Data Scientist,"AWS, Azure, Power BI, CUDA, Reinforcement Learning, Hugging Face",Senior,Remote,"Parkmouth, CA",130295,19-10-2024,Mid,"BigQuery, FastAPI, KDB+"
20,Gates LLC,E-commerce,ML Engineer,"R, CUDA, Power BI, AWS",Mid,Internship,"Stevenhaven, BW",161379,29-08-2024,Large,MLflow
21,"Whitaker, Walker and Sandoval",Retail,Quant Researcher,"C++, Power BI, R, SQL, Keras, Azure",Entry,Remote,"Gregorymouth, LV",148845,19-01-2024,Large,"Scikit-learn, BigQuery, PyTorch"
22,Humphrey LLC,Retail,Quant Researcher,"LangChain, NumPy, CUDA, C++, MLflow, R",Entry,Full-time,"Lake Alexander, RU",83850,28-12-2023,Large,"PyTorch, LangChain"
23,"Adams, Stevenson and Wagner",E-commerce,NLP Engineer,"CUDA, FastAPI, Scikit-learn, MLflow, Hugging Face",Mid,Remote,"North Nicholas, SN",111608,25-11-2024,Startup,"PyTorch, Scikit-learn, KDB+"
24,"Thomas, Hurst and Becker",Tech,NLP Engineer,"PyTorch, CUDA, Hugging Face, Flask, C++",Senior,Internship,"Leeton, MW",96719,06-12-2023,Mid,Scikit-learn
25,Sherman-Nguyen,Healthcare,NLP Engineer,"Python, Reinforcement Learning, MLflow",Mid,Internship,"Suzanneview, TW",99767,13-06-2025,Mid,FastAPI
26,Johnson-Keller,Finance,NLP Engineer,"PyTorch, Reinforcement Learning, FastAPI, Power BI, Python, R",Mid,Remote,"Whitestad, BB",117250,20-12-2024,Mid,"FastAPI, PyTorch, KDB+"
27,Le PLC,Education,Quant Researcher,"Azure, Flask, FastAPI, Hugging Face, Power BI, Python",Senior,Internship,"Taraburgh, DZ",60797,02-01-2025,Large,"TensorFlow, Scikit-learn, FastAPI"
28,"Abbott, Nielsen and Young",Healthcare,Data Analyst,"R, Python, Pandas",Entry,Contract,"New Richard, TD",148692,28-02-2025,Startup,"PyTorch, MLflow"
29,Thomas-Ruiz,Finance,Data Analyst,"Flask, Hugging Face, Pandas, Python, Scikit-learn, Keras",Mid,Internship,"South Donaldton, GE",179504,31-01-2025,Startup,"Scikit-learn, FastAPI, LangChain"
30,"Good, Ware and Cruz",Finance,Data Analyst,"Scikit-learn, SQL, Azure",Entry,Contract,"North Michael, TT",116250,07-06-2024,Startup,TensorFlow
31,Gay PLC,Tech,Quant Researcher,"Keras, Excel, TensorFlow",Senior,Full-time,"Port Patriciaport, TG",74513,27-06-2024,Startup,"KDB+, PyTorch"
32,Kirby-Zuniga,Healthcare,Data Scientist,"Hugging Face, Scikit-learn, C++, Excel, Azure",Entry,Full-time,"Danielchester, ID",146069,22-09-2023,Mid,"LangChain, KDB+"
33,"Castillo, Campbell and Robinson",Tech,AI Product Manager,"Keras, PyTorch, AWS, FastAPI, CUDA",Mid,Contract,"Alexandriaburgh, KN",80136,30-09-2024,Startup,"TensorFlow, Scikit-learn"
34,Carter LLC,Finance,NLP Engineer,"MLflow, Keras, SQL, GCP, Power BI",Senior,Internship,"West Charles, TT",146755,25-11-2023,Startup,PyTorch
35,Hall Group,Automotive,Computer Vision Engineer,"GCP, C++, Excel",Entry,Contract,"North Denise, MC",115927,01-04-2024,Large,"TensorFlow, Scikit-learn"
36,Huynh PLC,Finance,Computer Vision Engineer,"PyTorch, LangChain, R",Mid,Remote,"Kirbyside, LT",122060,25-12-2023,Startup,"Scikit-learn, FastAPI, MLflow"
37,"Smith, Haas and Mendez",Retail,AI Researcher,"Excel, SQL, Python",Entry,Contract,"Lake John, AU",120173,16-11-2024,Mid,"Scikit-learn, LangChain, KDB+"
38,"Briggs, Shaw and Berry",E-commerce,ML Engineer,"SQL, Hugging Face, TensorFlow",Mid,Remote,"East Ashleyland, PL",137938,14-05-2025,Startup,MLflow
39,Boyd PLC,Retail,Data Scientist,"PyTorch, Power BI, AWS, FastAPI",Senior,Internship,"Port Misty, NL",111759,10-06-2024,Mid,LangChain
40,"Sanders, Mejia and Townsend",Automotive,Data Analyst,"Power BI, PyTorch, GCP, CUDA, Keras, Scikit-learn",Entry,Internship,"Deleonchester, HN",123785,27-06-2025,Mid,"FastAPI, Scikit-learn, LangChain"
41,Hernandez Inc,E-commerce,Quant Researcher,"NumPy, AWS, Excel, SQL, Keras",Senior,Remote,"Nicoleport, BF",68772,08-02-2025,Mid,"Scikit-learn, TensorFlow, BigQuery"
42,"Parrish, White and Grant",E-commerce,NLP Engineer,"R, Power BI, CUDA, MLflow",Mid,Full-time,"Kimside, BW",136190,10-11-2023,Startup,TensorFlow
43,"Carroll, Lucero and Lambert",Healthcare,AI Product Manager,"NumPy, SQL, Python, Reinforcement Learning, LangChain",Entry,Full-time,"Simsside, TD",144977,05-09-2024,Large,"PyTorch, TensorFlow, FastAPI"
44,"Thomas, Waller and Kelly",Education,Quant Researcher,"Hugging Face, Flask, TensorFlow, Excel, SQL",Entry,Contract,"South Jeremiah, MX",108523,11-03-2025,Large,"TensorFlow, LangChain, PyTorch"
45,"Franklin, Wright and Berg",Automotive,Quant Researcher,"Hugging Face, Pandas, CUDA, LangChain, FastAPI",Mid,Internship,"Ramirezmouth, PK",114761,16-03-2025,Mid,KDB+
46,"Coleman, Gray and Roach",Healthcare,ML Engineer,"LangChain, AWS, GCP",Entry,Internship,"New Rachelmouth, IT",124382,14-02-2025,Startup,"FastAPI, MLflow, TensorFlow"
47,Mooney-Decker,Finance,Data Scientist,"Scikit-learn, PyTorch, Flask, Azure",Mid,Contract,"Jennyland, TR",162948,04-08-2024,Startup,"PyTorch, BigQuery"
48,Wood LLC,Automotive,Computer Vision Engineer,"GCP, TensorFlow, Power BI",Entry,Contract,"Port Johnville, MA",152091,21-02-2025,Mid,"MLflow, BigQuery, LangChain"
49,Copeland Group,Education,NLP Engineer,"TensorFlow, LangChain, PyTorch, Power BI, R",Entry,Remote,"North Josephshire, YE",119857,19-03-2024,Mid,"KDB+, PyTorch, MLflow"
50,Richards PLC,Finance,NLP Engineer,"Power BI, CUDA, C++, Pandas, SQL, AWS",Mid,Full-time,"Lewismouth, TD",98026,07-05-2024,Large,"FastAPI, KDB+, Scikit-learn"
51,"Melendez, Williams and Williamson",E-commerce,AI Product Manager,"TensorFlow, Keras, PyTorch, AWS, Scikit-learn",Entry,Full-time,"Steinside, IT",182412,27-09-2023,Large,BigQuery
52,"Ellis, Crane and Boyle",E-commerce,Computer Vision Engineer,"Azure, Keras, Scikit-learn, Hugging Face, Excel, R",Entry,Contract,"North Jason, MR",118823,30-05-2025,Mid,"LangChain, KDB+, FastAPI"
53,Foley-Moore,Finance,Data Scientist,"Keras, Pandas, Python, FastAPI, CUDA, Scikit-learn",Mid,Contract,"Thomasfort, KG",92091,17-05-2025,Large,MLflow
54,Wright and Sons,Tech,Quant Researcher,"R, SQL, Python, PyTorch",Mid,Full-time,"Chavezstad, TG",95555,09-11-2024,Large,"LangChain, BigQuery, MLflow"
55,Williams-Vargas,Healthcare,Quant Researcher,"Keras, Excel, FastAPI, Azure, R, PyTorch",Senior,Full-time,"Carlland, ME",184756,10-11-2024,Startup,"FastAPI, TensorFlow, BigQuery"
56,Hill-Huff,Tech,ML Engineer,"Power BI, LangChain, Flask, Excel, SQL, CUDA",Senior,Remote,"Jessicamouth, PT",182427,23-04-2025,Startup,"BigQuery, PyTorch, TensorFlow"
57,Meyer PLC,Education,Data Analyst,"AWS, Excel, Azure",Entry,Internship,"Caitlynmouth, MR",89923,16-11-2023,Mid,"LangChain, Scikit-learn, PyTorch"
58,Boyd-Carlson,Retail,ML Engineer,"Excel, AWS, Keras, Azure, FastAPI, R",Senior,Full-time,"Villarrealhaven, KI",104503,11-02-2025,Large,"MLflow, LangChain"
59,Scott-Gardner,Tech,AI Researcher,"FastAPI, C++, Excel, Flask, Pandas",Senior,Remote,"North Laurie, BI",120415,21-06-2025,Large,"FastAPI, PyTorch, LangChain"
60,Jackson Group,Finance,AI Product Manager,"TensorFlow, C++, SQL, Hugging Face, Flask, Power BI",Mid,Internship,"East Juliashire, TR",89858,25-09-2023,Startup,BigQuery
61,"Sullivan, Silva and Sawyer",Finance,Data Analyst,"Power BI, Excel, GCP",Senior,Remote,"North Jonathan, NL",101114,27-06-2024,Mid,MLflow
62,"Page, Bonilla and Cohen",Retail,AI Product Manager,"Python, FastAPI, Scikit-learn, Hugging Face, Power BI, Flask",Entry,Remote,"Port Jacobchester, SB",88546,08-05-2024,Startup,LangChain
63,Young-Wright,Retail,Computer Vision Engineer,"Hugging Face, Keras, Scikit-learn",Mid,Internship,"Kaylaburgh, NO",135166,26-10-2024,Large,"TensorFlow, LangChain"
64,Patel PLC,E-commerce,AI Product Manager,"Reinforcement Learning, LangChain, Python",Entry,Remote,"South Jamie, KM",118082,17-02-2025,Startup,FastAPI
65,"Lopez, Nelson and Meyer",E-commerce,AI Researcher,"Azure, Pandas, Power BI, MLflow",Entry,Internship,"Lake Michelleport, RS",117660,06-01-2025,Startup,"PyTorch, TensorFlow, FastAPI"
66,"Harris, Porter and Walter",Retail,AI Researcher,"C++, Reinforcement Learning, NumPy, Azure, MLflow, Flask",Mid,Contract,"Port Kristenmouth, SA",152621,19-12-2023,Large,"FastAPI, KDB+"
67,Dominguez and Sons,Automotive,AI Product Manager,"LangChain, FastAPI, SQL",Senior,Internship,"Rodriguezstad, ET",165377,08-04-2024,Large,"BigQuery, KDB+"
68,Griffith-Garner,Retail,Data Analyst,"NumPy, Python, Azure, GCP, C++, Scikit-learn",Senior,Remote,"Meredithview, LS",47579,21-12-2024,Startup,PyTorch
69,Smith LLC,Healthcare,Data Analyst,"Power BI, AWS, NumPy, CUDA, MLflow",Mid,Full-time,"South Tylerhaven, LC",161300,09-12-2023,Mid,"LangChain, PyTorch, MLflow"
70,Smith-Jones,Education,Data Analyst,"LangChain, PyTorch, Flask",Mid,Full-time,"South Karenville, BB",103728,15-06-2025,Mid,BigQuery
71,"Maddox, Steele and Jones",Retail,ML Engineer,"Flask, Scikit-learn, NumPy",Entry,Internship,"Billyfort, YE",117900,12-03-2025,Mid,"FastAPI, PyTorch"
72,Williams PLC,Healthcare,Quant Researcher,"SQL, FastAPI, LangChain, Scikit-learn, NumPy, TensorFlow",Senior,Remote,"New Jefferyfort, TG",80348,12-02-2024,Startup,"FastAPI, LangChain"
73,"Hurst, Manning and Wood",Education,Data Analyst,"Azure, Excel, TensorFlow",Senior,Remote,"Petersenborough, VN",128014,02-05-2025,Large,"PyTorch, BigQuery, Scikit-learn"
74,"Howard, Carr and Joseph",Automotive,NLP Engineer,"C++, MLflow, CUDA, Hugging Face",Mid,Internship,"Leeberg, ME",128355,28-11-2023,Large,"MLflow, PyTorch"
75,Lewis-Smith,Automotive,ML Engineer,"MLflow, NumPy, R, C++, PyTorch",Senior,Remote,"North Christopherfurt, LR",171046,09-09-2025,Startup,KDB+
76,Luna and Sons,Automotive,AI Researcher,"R, Python, Flask",Mid,Contract,"Weberland, TL",70477,06-12-2023,Mid,"FastAPI, TensorFlow, PyTorch"
77,King-Sheppard,E-commerce,AI Researcher,"FastAPI, Hugging Face, PyTorch",Mid,Internship,"Zamorafurt, UA",141625,03-07-2025,Startup,PyTorch
78,Meyer-Shaffer,E-commerce,NLP Engineer,"Pandas, Flask, FastAPI, Reinforcement Learning",Mid,Internship,"Sharpborough, DM",59075,21-02-2024,Startup,"LangChain, PyTorch, Scikit-learn"
79,"Ellis, Page and Smith",Tech,Quant Researcher,"Reinforcement Learning, Flask, NumPy, LangChain",Entry,Contract,"North Carriestad, IR",96143,12-10-2024,Startup,LangChain
80,Martinez-Fitzgerald,Healthcare,ML Engineer,"AWS, TensorFlow, Flask, Power BI",Senior,Internship,"South Charles, CI",151712,20-01-2025,Large,KDB+
81,Johnson Inc,Education,AI Researcher,"Reinforcement Learning, Python, Pandas, TensorFlow",Mid,Internship,"Lake Kristen, AZ",138886,03-08-2025,Large,"Scikit-learn, MLflow, PyTorch"
82,Camacho PLC,Finance,Data Analyst,"R, C++, GCP, Hugging Face, LangChain, TensorFlow",Entry,Full-time,"Anthonyland, GQ",165481,14-01-2024,Large,"PyTorch, Scikit-learn, BigQuery"
83,Sweeney-Griffith,Finance,AI Product Manager,"Flask, Azure, C++, Excel",Entry,Internship,"Michaelchester, MK",105674,17-09-2025,Mid,MLflow
84,"Stafford, Owens and Thompson",Education,Data Analyst,"MLflow, Hugging Face, Python, Scikit-learn",Entry,Full-time,"Lake Debra, AM",100062,25-04-2025,Mid,"MLflow, LangChain, KDB+"
85,"Gonzalez, Watts and Thompson",E-commerce,Computer Vision Engineer,"FastAPI, SQL, Flask, CUDA, C++, Scikit-learn",Mid,Contract,"New Danielburgh, RU",59120,01-11-2024,Startup,"FastAPI, LangChain"
86,Graham Group,Tech,Data Analyst,"LangChain, FastAPI, PyTorch, CUDA, AWS",Senior,Full-time,"Lake Melissaville, PL",58237,21-03-2024,Large,"BigQuery, Scikit-learn, MLflow"
87,Ward-Allen,Education,Quant Researcher,"C++, Power BI, NumPy",Mid,Contract,"Jeffreyburgh, SC",132596,10-09-2024,Large,"LangChain, BigQuery"
88,"Garrett, Hernandez and Anderson",Finance,Quant Researcher,"FastAPI, Scikit-learn, LangChain",Mid,Internship,"Whiteville, SE",181715,16-11-2023,Mid,"LangChain, MLflow"
89,Long Inc,Finance,AI Researcher,"Flask, Python, Power BI, CUDA",Entry,Internship,"Jacksonmouth, UZ",105001,23-03-2025,Startup,"FastAPI, LangChain, BigQuery"
90,Cummings-Nash,Finance,AI Researcher,"Python, SQL, C++, FastAPI",Entry,Internship,"Adamton, HR",149552,17-10-2023,Startup,"KDB+, LangChain"
91,"Sawyer, Donovan and Vargas",Automotive,NLP Engineer,"TensorFlow, Power BI, FastAPI, LangChain, Scikit-learn, Python",Mid,Contract,"Lake Erica, NL",113658,19-10-2023,Mid,"BigQuery, KDB+, LangChain"
92,"Stewart, Gutierrez and Simpson",Tech,Data Scientist,"GCP, LangChain, Keras",Entry,Internship,"South Paige, VC",90755,21-03-2025,Large,"LangChain, FastAPI, Scikit-learn"
93,Jones-Marshall,Finance,NLP Engineer,"Excel, TensorFlow, Pandas, CUDA",Entry,Remote,"Scottberg, MG",149430,26-08-2025,Startup,"MLflow, FastAPI, TensorFlow"
94,Murphy-Rosales,Education,NLP Engineer,"FastAPI, PyTorch, CUDA, Flask, Scikit-learn",Mid,Remote,"West Jesse, NG",151115,13-07-2025,Large,"LangChain, BigQuery"
95,Solis-Thornton,Healthcare,ML Engineer,"Hugging Face, Python, FastAPI, CUDA, GCP",Entry,Full-time,"East Autumn, AM",124819,10-10-2024,Mid,"LangChain, BigQuery"
96,Michael Ltd,Healthcare,Computer Vision Engineer,"PyTorch, MLflow, Scikit-learn, Excel, Pandas",Senior,Full-time,"Maldonadoville, PL",115785,09-08-2025,Startup,LangChain
97,Alexander and Sons,Education,AI Researcher,"Pandas, R, FastAPI, AWS, MLflow, Python",Senior,Full-time,"Richardside, PY",158743,15-11-2024,Startup,"LangChain, FastAPI"
98,"Travis, Fletcher and Rodriguez",Finance,Computer Vision Engineer,"Python, SQL, Power BI, Scikit-learn, FastAPI",Mid,Contract,"Port Julieburgh, KW",177820,18-12-2023,Large,"FastAPI, KDB+, LangChain"
99,Lozano-Hill,Healthcare,Data Analyst,"Keras, NumPy, Excel, C++, Pandas",Entry,Contract,"South Stephanieville, BS",152145,22-05-2024,Large,"TensorFlow, BigQuery"
100,"Farmer, Leach and Norris",Retail,Computer Vision Engineer,"Keras, Power BI, MLflow, AWS",Mid,Contract,"Williamsbury, DO",153026,03-09-2025,Mid,TensorFlow
101,Price-Nichols,Healthcare,ML Engineer,"Pandas, MLflow, Hugging Face, SQL",Entry,Contract,"South Fredview, PL",92459,22-07-2025,Startup,TensorFlow
102,"Gonzalez, Jackson and Williams",Retail,Data Scientist,"Hugging Face, LangChain, Azure, Scikit-learn, Flask",Senior,Internship,"Heatherport, DO",123146,09-08-2025,Large,"KDB+, BigQuery, MLflow"
103,"Dodson, Palmer and Huber",Education,Quant Researcher,"Python, Pandas, NumPy, MLflow",Entry,Full-time,"Alejandromouth, CU",144737,26-02-2025,Mid,KDB+
104,Morris-Sanchez,Finance,Data Scientist,"Power BI, GCP, Scikit-learn",Senior,Internship,"New James, CR",151409,21-03-2025,Mid,TensorFlow
105,Cobb-Lindsey,E-commerce,NLP Engineer,"FastAPI, TensorFlow, NumPy, AWS, Azure",Entry,Contract,"West Madison, QA",153110,19-11-2024,Mid,"LangChain, Scikit-learn"
106,Ramirez-Goodwin,Automotive,Computer Vision Engineer,"CUDA, Pandas, GCP, LangChain, Azure, TensorFlow",Mid,Full-time,"Tanyachester, TW",88148,04-04-2025,Mid,"KDB+, MLflow"
107,Duran PLC,Healthcare,Computer Vision Engineer,"Keras, GCP, SQL",Senior,Remote,"New David, EG",123077,03-10-2023,Mid,"BigQuery, FastAPI"
108,Kaiser Group,Tech,AI Product Manager,"Power BI, FastAPI, Reinforcement Learning, SQL, Keras, AWS",Senior,Contract,"South Patricktown, NO",144219,30-03-2025,Large,"TensorFlow, Scikit-learn, MLflow"
109,Garcia PLC,Education,ML Engineer,"AWS, Hugging Face, Flask, CUDA",Mid,Contract,"Sanfordmouth, GW",138258,06-02-2024,Large,BigQuery
110,Steele-Norman,Healthcare,Quant Researcher,"Azure, MLflow, Excel, CUDA",Mid,Contract,"Elainefurt, BS",64980,20-06-2024,Mid,Scikit-learn
111,Garcia Ltd,Education,AI Researcher,"SQL, Flask, NumPy, Power BI, Excel",Entry,Remote,"Brownstad, LU",80323,08-09-2024,Large,KDB+
112,Hill LLC,Healthcare,AI Researcher,"GCP, Azure, Reinforcement Learning, TensorFlow, CUDA, FastAPI",Mid,Contract,"Lake Christopher, QA",125919,24-07-2024,Large,Scikit-learn
113,"Morales, Thomas and Miller",Healthcare,NLP Engineer,"Python, FastAPI, R",Mid,Full-time,"Millermouth, GY",146612,28-08-2024,Mid,"MLflow, Scikit-learn, FastAPI"
114,Kelly-Novak,Finance,Data Scientist,"Scikit-learn, Pandas, GCP, Python, R",Entry,Full-time,"Nicoleside, AD",90889,20-05-2025,Mid,KDB+
115,Martin-Hernandez,Tech,Quant Researcher,"AWS, Python, GCP, R, C++, FastAPI",Senior,Remote,"North Patrick, KE",152504,17-06-2025,Startup,"Scikit-learn, TensorFlow"
116,Price-Dean,Education,NLP Engineer,"NumPy, LangChain, Excel, Keras",Entry,Full-time,"Dennistown, IQ",176788,17-03-2024,Large,MLflow
117,Ruiz Inc,Automotive,Data Analyst,"NumPy, Scikit-learn, Keras, TensorFlow, Hugging Face, Excel",Entry,Contract,"Rodriguezfurt, LI",112398,07-05-2025,Large,"LangChain, KDB+"
118,"Hudson, Burton and Campbell",E-commerce,Data Analyst,"TensorFlow, R, Hugging Face",Mid,Internship,"Sullivanburgh, BJ",96386,05-04-2024,Startup,Scikit-learn
119,Roberson Inc,Automotive,NLP Engineer,"Python, Power BI, Pandas, MLflow, Keras, Scikit-learn",Mid,Contract,"New Justin, ZW",170122,01-01-2024,Mid,"MLflow, PyTorch, FastAPI"
120,Gutierrez PLC,Retail,NLP Engineer,"PyTorch, GCP, NumPy, Python, Pandas, Keras",Entry,Contract,"West Fredside, PW",72108,10-08-2025,Mid,"TensorFlow, KDB+, BigQuery"
121,"King, Chambers and Brown",Retail,AI Researcher,"SQL, Excel, Python",Mid,Remote,"Eriktown, GT",132648,08-10-2024,Mid,"Scikit-learn, MLflow"
122,Shannon LLC,Finance,AI Researcher,"GCP, Keras, Azure, SQL, Scikit-learn, NumPy",Entry,Contract,"Port Robert, TR",115469,10-07-2024,Large,BigQuery
123,Thompson-Norris,Finance,Computer Vision Engineer,"Azure, TensorFlow, PyTorch, AWS, Flask",Senior,Contract,"Davidfort, CU",115498,08-10-2024,Startup,"KDB+, MLflow"
124,Davis and Sons,E-commerce,Quant Researcher,"Hugging Face, Power BI, SQL, FastAPI, C++, Reinforcement Learning",Mid,Internship,"Carrollland, SE",123186,31-10-2023,Large,KDB+
125,"Reed, Garcia and French",E-commerce,NLP Engineer,"Keras, CUDA, TensorFlow",Mid,Full-time,"West Richardborough, BE",151142,03-08-2025,Startup,"BigQuery, TensorFlow"
126,Anderson-Cruz,Tech,Computer Vision Engineer,"SQL, AWS, Power BI",Mid,Remote,"Jasonshire, TH",121849,07-04-2025,Large,PyTorch
127,King PLC,Finance,Quant Researcher,"NumPy, CUDA, Scikit-learn, Keras, Excel, Pandas",Mid,Contract,"East Sheriton, SV",153136,10-03-2024,Large,Scikit-learn
128,Baker-Gomez,Finance,AI Product Manager,"NumPy, PyTorch, FastAPI, CUDA, Azure",Entry,Remote,"Sarahview, SE",135745,22-11-2024,Large,"LangChain, KDB+"
129,"Patterson, Bruce and Herring",Retail,NLP Engineer,"Keras, Pandas, MLflow, Scikit-learn",Mid,Remote,"Davechester, LR",177945,31-12-2024,Mid,"PyTorch, KDB+, LangChain"
130,Jackson Inc,Education,Data Analyst,"MLflow, NumPy, Scikit-learn, Azure, Keras",Senior,Internship,"Allenton, UG",107496,11-03-2025,Startup,Scikit-learn
131,"Thompson, Lewis and Gonzalez",E-commerce,NLP Engineer,"AWS, Hugging Face, Python, Reinforcement Learning, Scikit-learn, LangChain",Entry,Internship,"Westland, KM",123540,23-09-2024,Large,BigQuery
132,Mclean Inc,Healthcare,NLP Engineer,"Keras, Pandas, TensorFlow, CUDA",Mid,Remote,"Shermanshire, MM",71013,09-02-2025,Large,"KDB+, FastAPI"
133,Moore Inc,Automotive,AI Researcher,"Power BI, CUDA, Scikit-learn",Senior,Contract,"Jamesborough, GB",163806,23-04-2025,Mid,"BigQuery, LangChain, FastAPI"
134,Flores-Dalton,Automotive,AI Researcher,"CUDA, Reinforcement Learning, TensorFlow, Power BI, FastAPI, LangChain",Senior,Internship,"East Edward, MV",102041,01-09-2025,Mid,TensorFlow
135,Nguyen and Sons,Healthcare,Data Analyst,"C++, MLflow, TensorFlow, NumPy, Excel, R",Entry,Full-time,"Youngborough, CF",157674,29-02-2024,Mid,"PyTorch, FastAPI"
136,Russell Inc,Finance,NLP Engineer,"Excel, CUDA, GCP, Scikit-learn, Python",Senior,Remote,"Morrowview, RS",151506,30-12-2024,Mid,PyTorch
137,Castillo and Sons,Education,Computer Vision Engineer,"NumPy, MLflow, R, C++",Mid,Full-time,"North Sheilamouth, JP",165074,02-09-2024,Mid,"FastAPI, PyTorch, TensorFlow"
138,Price PLC,Finance,AI Product Manager,"AWS, GCP, R, Power BI",Senior,Contract,"Randallside, CZ",161282,05-03-2024,Startup,"BigQuery, Scikit-learn"
139,"Payne, Vasquez and Arnold",Healthcare,AI Product Manager,"Azure, Hugging Face, C++, Scikit-learn, Flask, Pandas",Mid,Full-time,"Danielfurt, GW",129108,14-01-2024,Large,"LangChain, PyTorch, MLflow"
140,Roth LLC,Retail,Data Analyst,"SQL, AWS, Pandas, PyTorch, LangChain, C++",Senior,Contract,"Royville, BG",168770,26-08-2025,Startup,BigQuery
141,Bryant and Sons,Automotive,Quant Researcher,"AWS, Pandas, NumPy, LangChain, GCP, Flask",Entry,Contract,"Port Allisonfurt, SN",85622,07-06-2025,Large,"Scikit-learn, TensorFlow"
142,"Morris, Williams and Campbell",Healthcare,ML Engineer,"C++, PyTorch, NumPy, LangChain, AWS, Keras",Mid,Remote,"South Heatherside, KZ",93267,14-05-2024,Startup,TensorFlow
143,Perez Ltd,Healthcare,AI Product Manager,"MLflow, LangChain, Power BI, Scikit-learn, Pandas",Entry,Remote,"West Susan, NG",167987,04-04-2025,Large,"FastAPI, KDB+"
144,Smith-Hernandez,Education,Data Scientist,"NumPy, TensorFlow, GCP, LangChain",Mid,Contract,"Shelbyberg, AO",87614,05-01-2024,Startup,"Scikit-learn, KDB+"
145,"Barber, Green and Fernandez",Retail,Data Analyst,"Scikit-learn, PyTorch, Python, GCP",Entry,Contract,"Ryanberg, MD",80851,30-07-2024,Mid,"MLflow, KDB+"
146,"Baker, Nichols and Chen",Education,ML Engineer,"LangChain, Keras, Hugging Face, Scikit-learn, Reinforcement Learning",Entry,Contract,"West Carloston, CO",103029,10-03-2025,Large,"BigQuery, MLflow, Scikit-learn"
147,Crawford-Cooper,E-commerce,AI Researcher,"FastAPI, Python, Pandas, Azure",Entry,Internship,"Calderonfurt, KN",108437,17-08-2025,Mid,BigQuery
148,"Manning, Hernandez and Serrano",Retail,NLP Engineer,"Power BI, Flask, GCP, CUDA",Mid,Remote,"New Crystalport, BF",80304,19-12-2023,Large,FastAPI
149,Sanchez and Sons,E-commerce,Data Analyst,"PyTorch, AWS, SQL",Senior,Remote,"North Melissa, NL",139381,17-09-2025,Startup,"PyTorch, Scikit-learn"
150,Gomez-Mosley,Automotive,Computer Vision Engineer,"CUDA, Python, Keras, SQL",Senior,Internship,"East James, CR",119376,28-12-2024,Mid,KDB+
151,"Knox, Kirby and Rogers",Education,AI Researcher,"NumPy, AWS, Azure, TensorFlow, CUDA",Mid,Remote,"Cynthiamouth, SC",87503,08-03-2024,Startup,"FastAPI, TensorFlow, LangChain"
152,Johnson-Hansen,E-commerce,ML Engineer,"Python, Keras, PyTorch",Mid,Internship,"New Christopher, KG",126040,21-03-2024,Mid,Scikit-learn
153,Allen-Carr,Finance,AI Product Manager,"TensorFlow, FastAPI, AWS",Mid,Contract,"West Jamesborough, BT",117190,14-12-2023,Mid,Scikit-learn
154,Carroll-Peterson,Education,AI Researcher,"CUDA, MLflow, LangChain",Mid,Internship,"Lake Amanda, PG",177702,27-07-2024,Startup,"TensorFlow, FastAPI, PyTorch"
155,Castillo and Sons,Healthcare,NLP Engineer,"Flask, GCP, Azure, Reinforcement Learning, PyTorch",Mid,Contract,"New Monicaborough, KH",88306,04-06-2024,Mid,"MLflow, PyTorch, KDB+"
156,Dixon-Fields,Automotive,Data Analyst,"PyTorch, Power BI, TensorFlow, Keras",Senior,Remote,"New Christinastad, GY",169836,23-11-2024,Startup,"BigQuery, KDB+"
157,Ashley-Espinoza,Education,Computer Vision Engineer,"Python, LangChain, Hugging Face, Excel, Flask, Reinforcement Learning",Senior,Internship,"Elizabethchester, KZ",97377,23-06-2025,Startup,"TensorFlow, MLflow"
158,"Scott, Nelson and Cooke",Education,NLP Engineer,"Flask, Keras, Hugging Face, Azure, C++, SQL",Senior,Remote,"Hayesberg, AG",144875,02-01-2025,Mid,"MLflow, Scikit-learn, FastAPI"
159,Wright-Pennington,Finance,Quant Researcher,"R, NumPy, Keras, TensorFlow, Python, GCP",Mid,Contract,"Bentonland, BG",89653,14-09-2025,Large,"Scikit-learn, KDB+, BigQuery"
160,Garcia-Martinez,Education,Data Analyst,"Power BI, Flask, LangChain, Excel, MLflow",Mid,Contract,"Michaeltown, UY",111709,16-03-2025,Large,"Scikit-learn, BigQuery, KDB+"
161,Ryan-Ward,Education,Quant Researcher,"FastAPI, Azure, Power BI, CUDA, Flask",Mid,Internship,"Hernandezfurt, MX",181710,05-02-2024,Mid,"KDB+, BigQuery"
162,"Ross, Torres and Griffith",Healthcare,NLP Engineer,"MLflow, Excel, LangChain",Senior,Contract,"Jessicamouth, PS",55814,04-12-2023,Large,"FastAPI, PyTorch"
163,"Contreras, Taylor and Nelson",Education,ML Engineer,"NumPy, Scikit-learn, AWS, Power BI, SQL",Mid,Internship,"North Danielfort, LC",68090,16-03-2025,Startup,"Scikit-learn, MLflow, BigQuery"
164,French Inc,Finance,NLP Engineer,"R, Keras, NumPy, FastAPI",Entry,Remote,"East Ritaburgh, AM",123737,06-08-2025,Mid,"TensorFlow, MLflow"
165,"Roth, Le and Hamilton",Healthcare,AI Product Manager,"Keras, GCP, NumPy, AWS",Mid,Full-time,"Lake Eriktown, TZ",133329,14-04-2025,Large,LangChain
166,"Boyd, Gallagher and Thompson",Healthcare,Computer Vision Engineer,"Hugging Face, Reinforcement Learning, LangChain",Senior,Internship,"Brandonton, RO",142265,16-09-2025,Large,"BigQuery, MLflow, FastAPI"
167,Benjamin-Nguyen,Tech,Computer Vision Engineer,"LangChain, TensorFlow, AWS, Reinforcement Learning",Senior,Internship,"Barryborough, JM",107124,16-04-2024,Startup,"TensorFlow, BigQuery"
168,Coleman-Jimenez,Automotive,Data Analyst,"FastAPI, Reinforcement Learning, Hugging Face, GCP, R",Entry,Internship,"West Alexanderberg, MG",60127,18-10-2024,Mid,TensorFlow
169,Williams-Gross,Finance,Data Analyst,"Power BI, Excel, SQL, AWS, Azure",Entry,Full-time,"Ericport, BR",128378,11-12-2024,Startup,"FastAPI, MLflow, KDB+"
170,Gonzalez Ltd,E-commerce,ML Engineer,"FastAPI, AWS, PyTorch",Mid,Remote,"Johnsonmouth, BS",99926,02-05-2025,Mid,LangChain
171,Hart-Miller,E-commerce,AI Product Manager,"CUDA, Python, Keras",Senior,Internship,"South Gary, BN",133960,15-03-2025,Startup,"FastAPI, PyTorch, TensorFlow"
172,Kim Inc,Tech,AI Researcher,"Flask, Azure, Hugging Face, FastAPI, Excel",Mid,Contract,"West Ralphview, SL",137108,25-05-2024,Mid,"PyTorch, BigQuery"
173,Horton LLC,Tech,Data Scientist,"TensorFlow, CUDA, Reinforcement Learning, Flask, R",Entry,Internship,"Debraview, HU",97429,31-01-2024,Mid,"FastAPI, PyTorch"
174,Mendoza Ltd,Retail,AI Product Manager,"NumPy, MLflow, Python, C++, Azure",Mid,Internship,"North Michael, CU",122493,01-08-2024,Large,"FastAPI, MLflow"
175,"Alexander, Warner and Mendez",Tech,AI Product Manager,"NumPy, PyTorch, C++, MLflow, TensorFlow",Entry,Contract,"Joneston, TL",107572,24-01-2025,Mid,"TensorFlow, KDB+, MLflow"
176,Williams Ltd,Automotive,NLP Engineer,"Power BI, Azure, FastAPI, LangChain, NumPy",Mid,Contract,"Port Ariel, TR",176328,21-01-2025,Mid,"KDB+, BigQuery"
177,Mills Group,Finance,Quant Researcher,"Excel, Azure, Python, R, Hugging Face",Mid,Internship,"Johnathanmouth, HN",120115,29-04-2025,Mid,"PyTorch, LangChain, MLflow"
178,Jordan-Graves,Healthcare,AI Product Manager,"Power BI, MLflow, NumPy, Pandas",Senior,Full-time,"East Jennifer, EE",163894,01-08-2025,Startup,"Scikit-learn, PyTorch, LangChain"
179,Casey-Smith,Automotive,AI Product Manager,"LangChain, R, Hugging Face, Scikit-learn",Mid,Remote,"Romerobury, BI",107417,07-10-2024,Mid,"TensorFlow, BigQuery, KDB+"
180,Melton-Turner,Retail,AI Researcher,"Power BI, TensorFlow, Azure, CUDA, GCP, Pandas",Entry,Internship,"West Chelseafurt, AU",117454,22-02-2024,Startup,"TensorFlow, FastAPI"
181,Gutierrez-Hernandez,E-commerce,Data Analyst,"Reinforcement Learning, SQL, Scikit-learn, AWS",Senior,Remote,"Lake Thomas, MD",149154,23-05-2025,Large,"KDB+, Scikit-learn, PyTorch"
182,"Oliver, Tran and Jackson",Finance,NLP Engineer,"Scikit-learn, LangChain, Hugging Face, Python",Mid,Internship,"North Briannafort, PH",140725,08-06-2024,Startup,PyTorch
183,Diaz-Hardy,Healthcare,AI Researcher,"Python, NumPy, Flask, LangChain, R",Entry,Internship,"Davidstad, BY",119939,22-08-2024,Startup,"BigQuery, TensorFlow"
184,White-Hayes,Automotive,Quant Researcher,"PyTorch, Python, GCP, MLflow",Senior,Full-time,"West Derek, VU",114838,26-03-2024,Large,"Scikit-learn, BigQuery"
185,Dominguez Ltd,Education,Computer Vision Engineer,"Python, MLflow, Azure, TensorFlow, Power BI",Entry,Remote,"East Christopher, EE",164636,29-01-2025,Mid,TensorFlow
186,"Welch, Green and Williams",E-commerce,Data Analyst,"NumPy, R, MLflow, C++, FastAPI",Entry,Contract,"Emmafurt, GN",141389,21-10-2024,Large,BigQuery
187,Reed LLC,Healthcare,AI Researcher,"Excel, CUDA, Pandas",Mid,Full-time,"Andreside, GA",138736,20-01-2024,Large,"LangChain, MLflow"
188,Brown and Sons,Retail,Computer Vision Engineer,"Scikit-learn, SQL, Keras, GCP, AWS, NumPy",Mid,Remote,"New Donald, CU",79600,14-09-2024,Large,KDB+
189,Gutierrez Group,Automotive,Data Scientist,"PyTorch, SQL, Reinforcement Learning, MLflow, AWS",Entry,Internship,"New Andrea, ST",79194,29-09-2024,Large,BigQuery
190,"Robinson, Stafford and Hoffman",Retail,AI Product Manager,"FastAPI, GCP, LangChain, MLflow",Entry,Full-time,"Palmerburgh, CF",111750,30-05-2024,Large,"PyTorch, KDB+"
191,"Wu, Browning and Ramos",Tech,Data Analyst,"NumPy, R, Power BI, CUDA",Mid,Internship,"North Louis, UY",121696,28-10-2024,Mid,"MLflow, LangChain, FastAPI"
192,Jones-Curtis,Education,AI Researcher,"Pandas, CUDA, PyTorch",Senior,Full-time,"North Nataliemouth, SR",155486,25-01-2024,Mid,"FastAPI, BigQuery"
193,Lewis-Brooks,Retail,ML Engineer,"Azure, Python, Hugging Face, SQL",Mid,Contract,"Owenshaven, LY",82727,11-02-2024,Mid,"MLflow, KDB+"
194,"Hobbs, Lawson and Robertson",Retail,Data Scientist,"MLflow, PyTorch, Scikit-learn",Senior,Internship,"Port Ricardo, SR",147706,19-05-2024,Large,"LangChain, KDB+"
195,"Gonzales, Lane and Hart",Healthcare,Quant Researcher,"Pandas, Reinforcement Learning, FastAPI",Mid,Internship,"Kaylaland, DE",155547,04-11-2023,Mid,Scikit-learn
196,Kim PLC,Retail,NLP Engineer,"TensorFlow, SQL, NumPy",Entry,Internship,"North Jamietown, KE",174884,08-12-2024,Mid,"BigQuery, FastAPI"
197,"Vasquez, Fleming and Jones",Tech,AI Product Manager,"Flask, C++, TensorFlow, Reinforcement Learning, R",Entry,Internship,"East Melindastad, TO",138069,27-08-2024,Startup,"Scikit-learn, TensorFlow, FastAPI"
198,Rice Inc,Automotive,Data Analyst,"LangChain, Python, SQL",Entry,Internship,"East Linda, KP",145669,15-08-2024,Mid,BigQuery
199,"Morris, Jensen and Hamilton",Tech,Quant Researcher,"Azure, Scikit-learn, Keras, R, Hugging Face",Mid,Contract,"Port Mckenzie, BO",70079,01-04-2024,Mid,"BigQuery, KDB+"
200,Gonzalez and Sons,Education,AI Product Manager,"NumPy, AWS, LangChain",Entry,Full-time,"New Traceyborough, BG",150518,17-06-2025,Startup,PyTorch
201,Robinson-Hall,E-commerce,Data Scientist,"C++, Scikit-learn, CUDA, LangChain",Entry,Internship,"Flowersberg, MG",160398,31-12-2024,Large,"BigQuery, PyTorch"
202,Mendoza Ltd,Finance,AI Product Manager,"NumPy, Excel, Azure, AWS",Entry,Contract,"Chandlerville, RS",108857,07-11-2024,Mid,"PyTorch, TensorFlow, FastAPI"
203,Richards-Barnes,Finance,NLP Engineer,"Power BI, GCP, FastAPI, C++, Pandas, SQL",Entry,Remote,"Williamton, TM",109295,16-02-2024,Large,"LangChain, KDB+, FastAPI"
204,Bailey-Harris,Automotive,Quant Researcher,"MLflow, Flask, Azure, CUDA, FastAPI",Mid,Internship,"Lake Sarah, SY",197777,12-05-2025,Startup,TensorFlow
205,Soto and Sons,Automotive,Data Analyst,"Pandas, AWS, R, TensorFlow, FastAPI, MLflow",Entry,Contract,"East Johnton, HR",69149,24-12-2024,Mid,BigQuery
206,Williams Ltd,Healthcare,Data Scientist,"Python, Power BI, PyTorch",Senior,Full-time,"Samuelhaven, BO",95758,22-01-2025,Startup,MLflow
207,Lane-Weaver,Retail,Computer Vision Engineer,"TensorFlow, Python, AWS, Reinforcement Learning, NumPy, CUDA",Senior,Internship,"Garciamouth, KI",119145,18-05-2024,Large,TensorFlow
208,Hernandez PLC,Education,AI Product Manager,"SQL, MLflow, R",Senior,Remote,"Lake Charlesmouth, CL",97636,13-10-2023,Startup,Scikit-learn
209,Ortiz-Mcfarland,Finance,AI Product Manager,"NumPy, Reinforcement Learning, Azure, C++, R",Entry,Full-time,"Reyesview, NR",152580,09-01-2024,Large,"Scikit-learn, BigQuery, FastAPI"
210,Rice-Hendricks,Healthcare,Data Scientist,"Power BI, Azure, SQL, C++, Hugging Face",Senior,Full-time,"East William, NZ",134504,01-01-2024,Mid,"KDB+, FastAPI, PyTorch"
211,"Brown, Jackson and Carr",E-commerce,Computer Vision Engineer,"Python, Pandas, AWS, TensorFlow, SQL",Senior,Remote,"Greeneton, LU",112227,08-11-2023,Mid,"KDB+, FastAPI"
212,"Kelley, Steele and Bell",Finance,AI Product Manager,"LangChain, Flask, PyTorch, Python",Entry,Remote,"South Anthonyfurt, BO",72950,16-01-2024,Mid,FastAPI
213,Cline PLC,Tech,Data Analyst,"Keras, Azure, Excel, TensorFlow",Mid,Internship,"Hannahside, KI",90295,31-12-2024,Mid,"Scikit-learn, MLflow"
214,Shah-White,Finance,Quant Researcher,"Keras, CUDA, PyTorch, Power BI",Entry,Contract,"Lake Erikburgh, ZM",125137,29-01-2025,Large,BigQuery
215,Davis-Butler,Automotive,Data Scientist,"Scikit-learn, Power BI, PyTorch, SQL, Excel, AWS",Entry,Internship,"South Zacharyburgh, ES",131594,13-01-2024,Mid,LangChain
216,"Newton, Kelly and Martinez",Automotive,NLP Engineer,"Azure, NumPy, LangChain, FastAPI, Hugging Face, Keras",Senior,Remote,"Lake Johnchester, CG",163002,08-01-2024,Mid,"FastAPI, PyTorch, TensorFlow"
217,Berry-Lewis,E-commerce,Computer Vision Engineer,"AWS, Python, Flask, Pandas, Azure, LangChain",Entry,Internship,"Melissaton, LA",153084,24-10-2023,Startup,Scikit-learn
218,"Brandt, Fuller and Cruz",Finance,AI Researcher,"Hugging Face, R, C++",Mid,Remote,"New Sydneyton, PH",146333,09-07-2024,Large,"TensorFlow, LangChain, FastAPI"
219,Turner PLC,Tech,Quant Researcher,"Python, NumPy, Excel, Azure, Scikit-learn",Entry,Contract,"Jasonfurt, BW",82120,09-09-2024,Mid,"BigQuery, PyTorch"
220,Sanchez Ltd,Automotive,AI Researcher,"Power BI, GCP, MLflow, CUDA, Flask",Entry,Full-time,"Barnetthaven, IN",149395,16-03-2025,Startup,"KDB+, PyTorch"
221,Crawford Group,Automotive,ML Engineer,"PyTorch, Reinforcement Learning, Azure, Python, AWS, Hugging Face",Mid,Contract,"Abbottmouth, IN",83216,06-11-2024,Mid,"FastAPI, LangChain, TensorFlow"
222,"Humphrey, Barrett and Colon",E-commerce,Data Scientist,"Pandas, MLflow, Azure, Reinforcement Learning, FastAPI, R",Senior,Full-time,"Davidmouth, IE",181922,20-06-2024,Large,"MLflow, PyTorch, TensorFlow"
223,Obrien PLC,Education,Quant Researcher,"Pandas, AWS, R, PyTorch, Power BI, NumPy",Senior,Remote,"Mariochester, BY",100901,17-06-2025,Large,MLflow
224,"Stanton, Martin and Martin",Automotive,Data Analyst,"C++, NumPy, Power BI, MLflow, CUDA",Senior,Contract,"West Sally, GR",113216,06-06-2024,Large,"BigQuery, TensorFlow"
225,"James, Payne and Roth",Education,AI Researcher,"Power BI, Azure, R",Mid,Remote,"West Ernest, BY",106855,08-09-2024,Mid,"LangChain, Scikit-learn, FastAPI"
226,"Bowen, Flores and Williams",Finance,Computer Vision Engineer,"NumPy, C++, AWS, SQL, MLflow",Senior,Internship,"Alanside, SK",132845,02-10-2024,Mid,"PyTorch, Scikit-learn"
227,Flynn LLC,Retail,Quant Researcher,"Azure, C++, Reinforcement Learning",Entry,Contract,"Carrollview, HN",73923,01-10-2023,Mid,"BigQuery, Scikit-learn, LangChain"
228,"Campos, Floyd and Clark",Finance,AI Researcher,"Power BI, Hugging Face, Keras, Reinforcement Learning, TensorFlow, Excel",Entry,Contract,"Changside, DJ",165701,13-05-2024,Mid,LangChain
229,"Henderson, Lynch and Lindsey",Education,AI Product Manager,"MLflow, LangChain, Hugging Face, Azure, Flask",Mid,Full-time,"Thomasland, NI",121663,23-04-2024,Mid,TensorFlow
230,Mitchell-Peters,Tech,AI Product Manager,"SQL, Keras, Scikit-learn, NumPy",Senior,Internship,"Melissaview, GN",75203,16-12-2023,Mid,"KDB+, FastAPI"
231,Mcfarland Inc,Tech,AI Product Manager,"NumPy, Pandas, Hugging Face",Mid,Contract,"Gatesburgh, ZM",101784,19-04-2025,Mid,"TensorFlow, MLflow, LangChain"
232,Jones and Sons,Finance,AI Product Manager,"Scikit-learn, Keras, C++",Mid,Internship,"Lake Jose, ML",136175,01-05-2024,Mid,"BigQuery, MLflow, KDB+"
233,"Nash, Anderson and Brown",Retail,Computer Vision Engineer,"MLflow, GCP, TensorFlow, AWS",Senior,Full-time,"New Jeffrey, SV",149303,11-04-2025,Startup,"TensorFlow, LangChain, BigQuery"
234,"Whitehead, Summers and Nelson",Education,Data Analyst,"Flask, Excel, Keras, PyTorch, Python",Entry,Internship,"East Bryce, IS",157460,21-12-2024,Startup,Scikit-learn
235,Gonzalez-Thompson,Education,NLP Engineer,"SQL, Python, MLflow",Senior,Remote,"Graceville, TO",100538,10-12-2023,Mid,MLflow
236,"Simon, Price and Dickson",Tech,AI Product Manager,"PyTorch, Excel, Reinforcement Learning, Scikit-learn, Azure",Entry,Remote,"Williamsside, NE",129693,11-09-2024,Mid,"BigQuery, KDB+"
237,Strickland-Stevenson,Automotive,AI Researcher,"Excel, Hugging Face, PyTorch, R, SQL, Flask",Senior,Internship,"East Mary, LI",127774,09-09-2024,Mid,"TensorFlow, PyTorch, LangChain"
238,Kramer Inc,Automotive,AI Researcher,"Scikit-learn, Hugging Face, Pandas, Keras, TensorFlow",Senior,Remote,"Garzaside, NA",104122,24-08-2024,Mid,"TensorFlow, Scikit-learn"
239,Mahoney-Collins,Finance,AI Product Manager,"FastAPI, MLflow, LangChain, Hugging Face, Power BI",Entry,Remote,"Marktown, AO",102831,29-10-2023,Startup,"TensorFlow, KDB+, BigQuery"
240,Ortiz PLC,Finance,Quant Researcher,"Pandas, Keras, Python, NumPy, GCP",Senior,Remote,"South Staceyport, IN",82492,26-09-2023,Large,"PyTorch, MLflow"
241,"Donaldson, Cox and Lopez",Finance,Data Analyst,"Power BI, Azure, SQL, Flask, NumPy, CUDA",Entry,Remote,"Port Marcusville, US",156089,19-08-2025,Large,"BigQuery, Scikit-learn"
242,"Clark, Baker and Parks",Automotive,Computer Vision Engineer,"Keras, SQL, FastAPI, GCP, Flask",Mid,Full-time,"Singhfort, PA",54386,17-08-2025,Mid,"LangChain, BigQuery"
243,Anderson-Gonzalez,E-commerce,Computer Vision Engineer,"Excel, Keras, Pandas, CUDA, SQL, Hugging Face",Senior,Internship,"Samuelton, DK",79343,05-05-2024,Startup,"MLflow, KDB+, BigQuery"
244,Walker-Becker,Retail,Data Analyst,"CUDA, PyTorch, Excel",Senior,Internship,"Port Andrewside, MT",157282,29-08-2024,Mid,LangChain
245,Hall Group,Finance,Data Scientist,"Flask, Scikit-learn, FastAPI, Power BI",Senior,Contract,"New Manuelbury, LS",120550,13-12-2023,Mid,"PyTorch, BigQuery"
246,Blake-Daugherty,E-commerce,Data Scientist,"Flask, C++, CUDA, R",Senior,Internship,"Lake Adamfurt, BR",124290,10-04-2024,Startup,"LangChain, Scikit-learn"
247,Powers Group,Education,Quant Researcher,"R, Pandas, TensorFlow",Senior,Internship,"Grahamshire, PH",153865,18-10-2024,Mid,"TensorFlow, LangChain"
248,Bernard-Herrera,Education,Data Scientist,"MLflow, Hugging Face, FastAPI, Azure",Entry,Internship,"Port Denise, MV",105730,29-05-2025,Mid,"Scikit-learn, KDB+"
249,Thomas Group,Education,AI Product Manager,"NumPy, MLflow, PyTorch, Pandas, FastAPI",Entry,Internship,"New Melissa, KM",187423,13-09-2024,Startup,BigQuery
250,Phelps-Johnson,Education,Data Scientist,"FastAPI, TensorFlow, Keras, Excel, Pandas",Mid,Full-time,"Lake Kristen, SY",93503,25-12-2024,Mid,BigQuery
251,Young-Brown,Healthcare,AI Researcher,"Power BI, C++, Flask, Keras, Reinforcement Learning, SQL",Mid,Remote,"North Samuel, UY",115331,04-09-2024,Large,TensorFlow
252,"Alvarez, Martinez and Miller",Finance,NLP Engineer,"FastAPI, MLflow, Pandas, R, TensorFlow",Mid,Full-time,"Kimberlyfort, MN",67345,31-07-2024,Mid,"LangChain, BigQuery"
253,Phillips-Baker,Education,Computer Vision Engineer,"R, Keras, PyTorch",Entry,Remote,"West James, SG",56275,15-05-2025,Startup,KDB+
254,Cochran-Bailey,Retail,Data Scientist,"Pandas, GCP, C++, Reinforcement Learning",Senior,Internship,"West Andrew, NA",117722,28-05-2024,Startup,MLflow
255,Vazquez LLC,Education,AI Product Manager,"Azure, LangChain, Reinforcement Learning",Mid,Full-time,"East Bruce, AM",179744,21-03-2025,Startup,"PyTorch, FastAPI"
256,Carey and Sons,Education,AI Product Manager,"Keras, Excel, SQL, Python, Scikit-learn",Entry,Remote,"Robertfort, LK",121384,19-06-2024,Mid,"FastAPI, Scikit-learn, MLflow"
257,"Marshall, Mccoy and Montgomery",Healthcare,AI Product Manager,"Power BI, C++, NumPy",Senior,Internship,"Greggbury, KI",98814,15-10-2024,Large,"PyTorch, BigQuery"
258,Hart-Peterson,Automotive,ML Engineer,"Excel, FastAPI, Hugging Face, C++, GCP, R",Senior,Remote,"South Christopher, CN",83146,21-10-2023,Mid,"Scikit-learn, TensorFlow"
259,Clark-Sharp,Retail,AI Researcher,"Reinforcement Learning, MLflow, Hugging Face, CUDA, Flask",Senior,Full-time,"Lake Mark, BN",170859,09-04-2024,Startup,"MLflow, BigQuery, LangChain"
260,"Daniels, Martinez and Brown",E-commerce,NLP Engineer,"AWS, Power BI, GCP, NumPy, Flask",Senior,Remote,"Mariestad, SG",98847,14-08-2025,Mid,"LangChain, FastAPI"
261,Lawson-Mitchell,Finance,Data Analyst,"Azure, Flask, CUDA, TensorFlow",Entry,Full-time,"Jacobchester, PL",78701,02-09-2024,Large,"Scikit-learn, LangChain"
262,"James, Johnson and Pineda",Education,Data Scientist,"FastAPI, Pandas, Scikit-learn",Entry,Contract,"Maxwellburgh, JO",114861,22-07-2025,Large,"Scikit-learn, PyTorch"
263,Allen-Parker,Healthcare,Computer Vision Engineer,"FastAPI, Keras, TensorFlow, SQL, C++, GCP",Mid,Internship,"North Dakota, BJ",55295,30-03-2025,Startup,"LangChain, KDB+, Scikit-learn"
264,Russell and Sons,Automotive,Data Scientist,"Excel, CUDA, Reinforcement Learning, R, FastAPI, Keras",Mid,Remote,"Gallegosbury, MG",75353,08-12-2024,Startup,KDB+
265,"Peters, Mcdaniel and Adams",E-commerce,Data Analyst,"Excel, GCP, CUDA, Azure",Entry,Internship,"Pruittchester, PG",174978,18-02-2024,Mid,"LangChain, BigQuery, MLflow"
266,Jones PLC,Retail,Quant Researcher,"Python, PyTorch, LangChain, Hugging Face, Power BI, Scikit-learn",Mid,Contract,"West Ricky, US",54613,13-11-2024,Startup,"LangChain, PyTorch, FastAPI"
267,"Taylor, Ruiz and Padilla",Education,Data Analyst,"Scikit-learn, Excel, GCP, Python",Senior,Full-time,"Barnettburgh, BO",95913,18-04-2025,Mid,"MLflow, FastAPI"
268,Johnson-Roberson,Retail,AI Product Manager,"FastAPI, MLflow, Pandas, Hugging Face, GCP, C++",Mid,Remote,"Port Rachel, HT",124211,06-10-2024,Startup,"FastAPI, MLflow, Scikit-learn"
269,Carey and Sons,Healthcare,AI Researcher,"MLflow, Scikit-learn, R",Entry,Contract,"Lindastad, LB",142079,19-08-2025,Startup,PyTorch
270,"Willis, Smith and Norris",Finance,AI Product Manager,"SQL, Flask, Reinforcement Learning, C++",Entry,Remote,"South Aaron, MT",129249,19-08-2025,Startup,"LangChain, BigQuery"
271,Gallagher Inc,E-commerce,AI Researcher,"LangChain, Excel, TensorFlow, Scikit-learn",Mid,Internship,"Cathyton, AL",112582,08-06-2025,Startup,"LangChain, KDB+, BigQuery"
272,Jones Inc,E-commerce,Computer Vision Engineer,"AWS, FastAPI, MLflow",Mid,Remote,"North Thomas, GM",149923,03-02-2025,Large,MLflow
273,Coleman-Yoder,Education,Data Scientist,"Azure, Hugging Face, Python",Entry,Internship,"Maxwellchester, LK",170353,19-02-2024,Large,"Scikit-learn, MLflow"
274,Mcdonald Ltd,Automotive,ML Engineer,"R, AWS, Azure",Entry,Remote,"New David, MG",75602,14-06-2025,Large,"Scikit-learn, BigQuery"
275,Anderson-Campbell,Education,AI Researcher,"CUDA, Power BI, SQL, Pandas",Mid,Contract,"Bestview, AG",113281,10-04-2025,Mid,"Scikit-learn, FastAPI, KDB+"
276,"Garner, Massey and Lozano",E-commerce,Computer Vision Engineer,"Reinforcement Learning, Scikit-learn, Excel, SQL",Senior,Internship,"New Douglasburgh, TV",117430,29-04-2025,Startup,"MLflow, BigQuery"
277,"White, Waters and Johnson",Tech,Data Scientist,"MLflow, Keras, LangChain",Senior,Contract,"Daleville, CL",88078,04-03-2025,Startup,PyTorch
278,Cox-Griffin,Tech,AI Product Manager,"C++, Scikit-learn, PyTorch, Pandas, Flask",Mid,Contract,"East Melissatown, IN",92364,26-12-2023,Mid,MLflow
279,Smith Inc,Tech,NLP Engineer,"AWS, SQL, Excel",Entry,Contract,"Perezfurt, SZ",130428,19-09-2025,Startup,"MLflow, LangChain, FastAPI"
280,Mason Inc,Automotive,Quant Researcher,"Reinforcement Learning, MLflow, TensorFlow, PyTorch, Keras",Mid,Contract,"Angelafurt, BT",75276,14-02-2025,Large,PyTorch
281,Clark Group,Tech,Data Analyst,"Azure, TensorFlow, NumPy",Mid,Contract,"Lauraside, US",74439,26-04-2025,Mid,"KDB+, BigQuery, MLflow"
282,Sutton-Weber,Automotive,Data Analyst,"FastAPI, NumPy, C++, LangChain",Senior,Internship,"West Anna, MK",145138,13-12-2024,Mid,LangChain
283,Stevenson Ltd,Retail,Computer Vision Engineer,"Flask, Excel, PyTorch, Scikit-learn, FastAPI, Keras",Entry,Contract,"Jeffreyport, IS",145166,19-01-2024,Mid,"PyTorch, TensorFlow, MLflow"
284,Scott-Wright,Finance,Data Scientist,"Keras, MLflow, Excel",Senior,Remote,"Lake Shelly, CN",106543,03-08-2025,Large,"LangChain, KDB+"
285,Gonzales-Charles,E-commerce,ML Engineer,"Azure, PyTorch, CUDA",Entry,Internship,"South Sarah, JO",128946,12-09-2024,Startup,"KDB+, TensorFlow, LangChain"
286,Saunders Inc,Automotive,Data Analyst,"CUDA, R, Hugging Face, PyTorch, AWS",Senior,Full-time,"Lake Lisafurt, ER",140657,05-06-2025,Mid,BigQuery
287,Park PLC,E-commerce,AI Researcher,"Pandas, C++, R, MLflow",Senior,Internship,"Amandamouth, LT",84673,22-02-2024,Startup,FastAPI
288,Jimenez-Brown,Healthcare,Data Analyst,"Python, Pandas, R, Flask",Entry,Contract,"Stuartfurt, AL",91839,17-02-2025,Startup,"PyTorch, MLflow"
289,Mendoza-Smith,Retail,Quant Researcher,"PyTorch, TensorFlow, Hugging Face",Senior,Remote,"South Amy, FJ",169984,27-09-2024,Mid,"MLflow, BigQuery, KDB+"
290,Hartman-Torres,Tech,ML Engineer,"Python, AWS, R, Azure, Scikit-learn",Mid,Full-time,"Leeville, GD",77083,11-02-2025,Large,LangChain
291,"Johnson, Humphrey and Walsh",Tech,AI Researcher,"Excel, NumPy, AWS, PyTorch, Pandas, CUDA",Mid,Contract,"Susanland, GQ",192467,07-04-2025,Mid,Scikit-learn
292,"Rose, Miller and Gonzalez",Automotive,AI Product Manager,"LangChain, Hugging Face, NumPy, Excel",Entry,Contract,"Perkinsbury, ES",141769,22-10-2023,Large,"Scikit-learn, KDB+, BigQuery"
293,Meyer-Randall,Education,AI Researcher,"FastAPI, LangChain, Pandas, NumPy, TensorFlow",Entry,Full-time,"East Tyler, UA",114876,12-06-2025,Mid,"LangChain, FastAPI"
294,"Knox, Diaz and Fowler",Education,Data Analyst,"AWS, MLflow, PyTorch",Mid,Internship,"New Monique, NZ",159275,11-09-2024,Large,"LangChain, BigQuery, TensorFlow"
295,Arnold LLC,Healthcare,Quant Researcher,"PyTorch, Flask, Scikit-learn, AWS",Senior,Full-time,"Kathymouth, SB",105375,20-04-2024,Startup,KDB+
296,Durham LLC,Education,Data Analyst,"SQL, TensorFlow, AWS, Reinforcement Learning, GCP, NumPy",Senior,Remote,"Lake David, JO",91206,22-10-2024,Large,PyTorch
297,"Robinson, Chang and Jimenez",Retail,Data Scientist,"Excel, Hugging Face, FastAPI, CUDA, MLflow, Flask",Entry,Full-time,"South Richardshire, DM",148675,08-11-2024,Mid,"Scikit-learn, FastAPI, KDB+"
298,"Dunn, Anderson and Barber",Tech,Data Analyst,"FastAPI, Pandas, Scikit-learn, PyTorch",Entry,Internship,"Melaniestad, ET",166854,14-01-2025,Large,"LangChain, FastAPI"
299,Lee Ltd,Automotive,ML Engineer,"NumPy, MLflow, CUDA, Azure, C++, GCP",Entry,Internship,"North Rebeccaton, LB",93009,12-06-2024,Mid,LangChain
300,Powell and Sons,Automotive,AI Researcher,"C++, Python, TensorFlow, Keras, Excel",Mid,Contract,"South Angel, AL",131420,14-02-2025,Mid,BigQuery
301,"Thompson, Bonilla and Caldwell",Finance,Data Scientist,"Keras, FastAPI, AWS, SQL, Excel, C++",Mid,Contract,"Wellsport, ER",105064,04-10-2023,Mid,"LangChain, MLflow"
302,"Allen, Navarro and Palmer",Retail,Quant Researcher,"Reinforcement Learning, TensorFlow, Azure, CUDA, GCP, Hugging Face",Mid,Full-time,"Millerton, SA",89847,14-10-2023,Mid,"Scikit-learn, LangChain, BigQuery"
303,Hunt-Richards,Healthcare,Data Analyst,"Pandas, TensorFlow, PyTorch, Power BI, GCP",Mid,Full-time,"Michaelview, TO",88231,25-11-2023,Startup,"Scikit-learn, TensorFlow, PyTorch"
304,Malone-Rodriguez,Retail,NLP Engineer,"Hugging Face, FastAPI, Python, NumPy",Senior,Contract,"North Johnstad, PY",142402,03-11-2024,Mid,"Scikit-learn, TensorFlow, MLflow"
305,Shields Group,Retail,AI Product Manager,"Azure, SQL, Hugging Face, R, LangChain",Mid,Remote,"West Savannahbury, WS",113455,12-08-2025,Large,"PyTorch, TensorFlow"
306,"Ball, Vasquez and Morales",E-commerce,AI Researcher,"PyTorch, AWS, Python, Scikit-learn",Entry,Internship,"West Dianastad, KM",75883,09-07-2025,Mid,"BigQuery, FastAPI"
307,"Johnson, Zuniga and Martinez",E-commerce,Data Scientist,"Azure, AWS, Keras, R, FastAPI",Entry,Internship,"Williamberg, TG",90820,17-02-2024,Large,"BigQuery, MLflow, LangChain"
308,Bryan-Rios,Tech,Computer Vision Engineer,"Keras, Azure, Hugging Face, CUDA, MLflow",Mid,Full-time,"Lake Williamton, BT",100868,18-12-2023,Mid,PyTorch
309,"Williams, Garza and Hill",Education,Data Analyst,"Reinforcement Learning, SQL, AWS, FastAPI, TensorFlow, PyTorch",Senior,Internship,"Gateschester, PW",125425,14-11-2023,Large,"BigQuery, MLflow"
310,Graves Group,Healthcare,Computer Vision Engineer,"Pandas, Scikit-learn, Excel, TensorFlow, GCP",Entry,Remote,"Port Michael, KM",123220,01-02-2024,Startup,"MLflow, LangChain, KDB+"
311,"Rogers, Davila and Ashley",Tech,Computer Vision Engineer,"FastAPI, Keras, PyTorch, GCP, Excel",Senior,Contract,"North Jamesstad, BO",157317,06-12-2023,Startup,"KDB+, Scikit-learn"
312,Strickland-Werner,Automotive,Data Scientist,"GCP, Excel, CUDA",Mid,Full-time,"Port Alicia, UY",102309,21-10-2024,Large,"MLflow, LangChain, KDB+"
313,"Moreno, Wood and Murillo",E-commerce,Data Scientist,"SQL, Flask, AWS, Reinforcement Learning, FastAPI, LangChain",Mid,Internship,"North Brittany, TL",79768,03-05-2024,Startup,"LangChain, KDB+, PyTorch"
314,"Singleton, Simon and Harper",Healthcare,ML Engineer,"FastAPI, Scikit-learn, Pandas, Azure, Reinforcement Learning",Entry,Contract,"Padillashire, KW",143375,30-11-2024,Large,KDB+
315,"Dunn, Snyder and Nichols",Finance,AI Researcher,"LangChain, Hugging Face, Keras, Azure, Excel, FastAPI",Mid,Internship,"Port John, LA",61725,11-06-2025,Startup,Scikit-learn
316,"Wallace, Gonzales and Wilkins",Automotive,NLP Engineer,"R, MLflow, Azure, Scikit-learn",Entry,Internship,"Josebury, LY",121919,27-07-2024,Mid,PyTorch
317,Turner-Mccarthy,Finance,Data Analyst,"NumPy, R, MLflow, Flask, TensorFlow",Mid,Contract,"Ryanberg, MX",173443,12-03-2025,Mid,"Scikit-learn, BigQuery, MLflow"
318,"Reyes, Miller and Burke",Retail,ML Engineer,"Scikit-learn, R, TensorFlow, Power BI, Azure",Mid,Internship,"West Julie, ZM",73875,22-06-2024,Mid,"PyTorch, LangChain"
319,"Russell, Kim and Harris",Retail,AI Product Manager,"Keras, Python, Reinforcement Learning, Scikit-learn",Mid,Full-time,"South Staceyview, PY",165588,15-09-2024,Startup,"KDB+, MLflow, TensorFlow"
320,Miller-Holland,E-commerce,NLP Engineer,"Flask, NumPy, Keras, AWS, SQL",Entry,Contract,"Lake Nicole, SB",152383,19-02-2024,Startup,LangChain
321,Anthony-Gould,Automotive,AI Researcher,"Hugging Face, Azure, NumPy, Scikit-learn, Pandas",Senior,Full-time,"Davisstad, HR",138982,22-09-2024,Large,"PyTorch, Scikit-learn, FastAPI"
322,Adams-Hill,Automotive,NLP Engineer,"Azure, R, CUDA",Senior,Full-time,"Lewisville, PW",109009,18-12-2024,Large,"MLflow, PyTorch, FastAPI"
323,Salas Inc,Retail,AI Product Manager,"Excel, Keras, GCP, MLflow",Senior,Full-time,"West Veronica, CN",154654,01-10-2024,Mid,"BigQuery, TensorFlow, FastAPI"
324,Morrison-Patel,Education,AI Researcher,"Pandas, Excel, NumPy, LangChain",Senior,Internship,"South Brianfurt, VE",120584,01-01-2025,Startup,"Scikit-learn, FastAPI"
325,Moyer-Simpson,Healthcare,Data Scientist,"Pandas, FastAPI, Scikit-learn, AWS",Mid,Remote,"Lake Ricky, CF",91011,25-01-2025,Mid,"MLflow, TensorFlow"
326,Jimenez PLC,Finance,AI Product Manager,"MLflow, Scikit-learn, Python, Reinforcement Learning, C++",Mid,Contract,"East Sandra, CR",149901,21-01-2024,Mid,"FastAPI, Scikit-learn, MLflow"
327,Atkinson-Gonzales,Tech,NLP Engineer,"FastAPI, Azure, LangChain, GCP",Entry,Internship,"Jonathanland, LB",155228,30-07-2024,Mid,KDB+
328,Cook LLC,Tech,Quant Researcher,"Reinforcement Learning, Hugging Face, Scikit-learn, C++",Senior,Internship,"Erikastad, TJ",110314,17-04-2025,Mid,MLflow
329,Wagner Inc,Tech,Quant Researcher,"Azure, PyTorch, Keras",Mid,Full-time,"Lake Kelseystad, LB",139936,06-08-2024,Mid,"TensorFlow, MLflow, FastAPI"
330,Galloway-Martinez,Tech,ML Engineer,"Pandas, FastAPI, TensorFlow, SQL",Senior,Full-time,"Michaelland, VC",187346,02-04-2024,Large,MLflow
331,Love-Rhodes,Retail,Data Scientist,"AWS, Power BI, R, NumPy, Scikit-learn, LangChain",Senior,Internship,"Port Elizabeth, CZ",80438,15-04-2024,Startup,"KDB+, FastAPI, LangChain"
332,Stewart-Kennedy,E-commerce,Data Scientist,"C++, AWS, MLflow",Senior,Remote,"Lake Kathleenstad, TZ",90103,16-10-2024,Startup,LangChain
333,Sparks and Sons,Tech,NLP Engineer,"Flask, PyTorch, C++, Pandas, TensorFlow",Entry,Full-time,"North Emilymouth, FR",146770,19-11-2023,Mid,"TensorFlow, KDB+"
334,White Inc,Healthcare,Computer Vision Engineer,"Azure, PyTorch, R, Reinforcement Learning, Flask, Keras",Mid,Full-time,"Port Robert, MV",76980,07-10-2023,Mid,Scikit-learn
335,Watson Ltd,E-commerce,AI Researcher,"Scikit-learn, R, TensorFlow, PyTorch",Senior,Full-time,"Port Justinfurt, MK",142426,05-02-2025,Mid,"BigQuery, LangChain, MLflow"
336,Clark-Bailey,Education,Data Analyst,"MLflow, Keras, C++, GCP, NumPy",Mid,Internship,"North Shelly, KZ",150564,22-06-2025,Large,"BigQuery, TensorFlow"
337,Holland-Mcgee,Education,Quant Researcher,"GCP, Power BI, Python, Azure, Hugging Face, CUDA",Senior,Remote,"East Christiebury, LR",165633,28-09-2024,Startup,"LangChain, Scikit-learn"
338,"Cummings, Schmidt and Clarke",Tech,Data Scientist,"C++, Excel, MLflow, Pandas, R, NumPy",Mid,Contract,"Stevenmouth, AD",116552,22-04-2025,Large,"PyTorch, BigQuery"
339,Hines-Mckinney,E-commerce,Computer Vision Engineer,"Keras, FastAPI, Power BI, MLflow",Mid,Contract,"Lake Christopher, FR",100046,10-03-2025,Large,"MLflow, LangChain"
340,Graves and Sons,Healthcare,Data Scientist,"Excel, PyTorch, R, Power BI, Flask, Pandas",Senior,Internship,"West Sara, BB",170572,24-11-2024,Startup,TensorFlow
341,Walker-Davis,Tech,Computer Vision Engineer,"Power BI, R, Scikit-learn",Mid,Internship,"Erinton, MH",158679,19-12-2024,Large,"TensorFlow, MLflow, Scikit-learn"
342,"Finley, Bruce and Wheeler",Healthcare,ML Engineer,"Excel, PyTorch, LangChain, Flask, GCP",Entry,Full-time,"West Donald, CG",88776,12-09-2024,Mid,KDB+
343,Simmons-Evans,Tech,AI Product Manager,"Power BI, Scikit-learn, R, Pandas",Entry,Remote,"Thompsonport, BH",88447,31-08-2024,Startup,FastAPI
344,Melton-Salazar,Education,Computer Vision Engineer,"Reinforcement Learning, Python, NumPy, LangChain",Entry,Internship,"Sanderston, KG",155806,02-02-2025,Large,TensorFlow
345,"Anthony, Miller and Russell",E-commerce,Data Analyst,"TensorFlow, Keras, PyTorch, Reinforcement Learning",Senior,Internship,"East Linda, NZ",129664,09-06-2024,Startup,"PyTorch, Scikit-learn"
346,Young-Anderson,Education,AI Researcher,"NumPy, GCP, AWS, Python, Keras",Senior,Contract,"East Ryantown, BZ",150751,19-10-2024,Startup,"Scikit-learn, TensorFlow, KDB+"
347,"Conway, Hernandez and Perez",Finance,NLP Engineer,"MLflow, Power BI, Keras",Entry,Full-time,"Nunezside, TG",163186,18-11-2023,Large,"PyTorch, TensorFlow, MLflow"
348,Anderson and Sons,Automotive,Quant Researcher,"TensorFlow, Power BI, Python, Keras, AWS",Senior,Internship,"Jadeview, BF",90614,30-11-2023,Large,Scikit-learn
349,Ware-Ellis,Automotive,NLP Engineer,"SQL, MLflow, Power BI, FastAPI, NumPy",Senior,Full-time,"Leeview, MA",148805,13-10-2024,Startup,"FastAPI, BigQuery, MLflow"
350,"Snyder, Simpson and Maxwell",Tech,AI Product Manager,"FastAPI, NumPy, C++, MLflow, GCP",Senior,Contract,"East Robert, CV",120937,16-01-2024,Large,"Scikit-learn, MLflow"
351,Ellis Ltd,Retail,AI Researcher,"SQL, Pandas, Power BI, FastAPI",Entry,Internship,"Bullockton, KP",94762,25-12-2023,Startup,MLflow
352,"Blair, Ruiz and Sanchez",Retail,Computer Vision Engineer,"FastAPI, Power BI, Azure, Python",Entry,Internship,"Perezview, SN",139482,23-07-2025,Mid,"LangChain, KDB+"
353,Griffin-Dalton,Education,ML Engineer,"Python, PyTorch, Excel",Entry,Contract,"Knightmouth, AF",98936,02-01-2024,Large,"LangChain, BigQuery, FastAPI"
354,Alexander PLC,Automotive,Data Analyst,"LangChain, GCP, R, MLflow, Scikit-learn",Entry,Contract,"Lake Marcia, MT",110496,22-04-2025,Mid,"KDB+, PyTorch"
355,"Velazquez, Brewer and Murphy",E-commerce,Quant Researcher,"C++, LangChain, Power BI, Pandas, CUDA, TensorFlow",Senior,Remote,"Mooreville, NP",66503,22-05-2025,Startup,FastAPI
356,Bean LLC,Education,Quant Researcher,"Excel, Power BI, Reinforcement Learning, SQL, NumPy",Senior,Internship,"Port Matthewhaven, ST",189067,12-09-2025,Large,"PyTorch, TensorFlow, MLflow"
357,Rogers-Villanueva,E-commerce,ML Engineer,"Flask, FastAPI, CUDA",Mid,Internship,"New Kenneth, DO",125824,09-06-2024,Large,"TensorFlow, FastAPI"
358,Taylor PLC,Tech,Data Analyst,"Power BI, MLflow, TensorFlow, AWS, Hugging Face",Senior,Remote,"Schroederport, DK",101885,10-05-2024,Mid,FastAPI
359,Lee Group,Tech,Quant Researcher,"Python, Power BI, Scikit-learn, FastAPI, Excel, SQL",Entry,Full-time,"Taylorstad, MR",82621,18-12-2024,Large,PyTorch
360,"Miller, Browning and Shaw",Tech,AI Product Manager,"Reinforcement Learning, CUDA, NumPy",Senior,Full-time,"Bryanburgh, SK",158028,25-01-2024,Large,MLflow
361,"Branch, Elliott and Ramirez",Automotive,NLP Engineer,"Power BI, Keras, TensorFlow, FastAPI",Entry,Remote,"New Micheletown, NZ",126877,21-08-2025,Large,"MLflow, TensorFlow, FastAPI"
362,"Reyes, Vincent and Hayes",Finance,AI Product Manager,"Hugging Face, R, LangChain",Mid,Internship,"Kathleenton, IQ",71705,31-01-2025,Large,FastAPI
363,Rose Ltd,Finance,NLP Engineer,"Pandas, CUDA, AWS, TensorFlow, Python",Entry,Full-time,"South Brianmouth, JM",146010,13-08-2025,Mid,"MLflow, FastAPI, BigQuery"
364,Miller-Bishop,Healthcare,AI Product Manager,"Hugging Face, GCP, Excel, NumPy",Senior,Remote,"West Stephaniefort, FR",155829,02-12-2024,Large,"LangChain, FastAPI"
365,Krueger-Tanner,E-commerce,AI Product Manager,"LangChain, Reinforcement Learning, FastAPI, Power BI, AWS",Entry,Internship,"Port Rebecca, US",66372,25-03-2024,Mid,"KDB+, TensorFlow, PyTorch"
366,"Johnson, Castaneda and Duke",Tech,AI Product Manager,"CUDA, FastAPI, Python",Mid,Full-time,"Powellshire, JM",117808,12-05-2025,Startup,"MLflow, PyTorch"
367,"Riley, Beltran and Lucero",E-commerce,Data Analyst,"Flask, TensorFlow, Scikit-learn, MLflow",Entry,Full-time,"North Natalie, EC",149066,09-06-2025,Startup,LangChain
368,Perez-Williams,Healthcare,AI Product Manager,"Scikit-learn, SQL, GCP, Hugging Face",Senior,Contract,"West Denisetown, VU",155923,04-06-2024,Mid,MLflow
369,Silva-Russell,Retail,Data Analyst,"Reinforcement Learning, MLflow, PyTorch, LangChain, Hugging Face, AWS",Senior,Remote,"Petersonchester, UG",102634,13-09-2024,Mid,"TensorFlow, PyTorch"
370,"Matthews, Bailey and Banks",Education,NLP Engineer,"R, Python, PyTorch, CUDA",Entry,Remote,"Daughertyborough, SA",107531,08-09-2024,Large,"KDB+, PyTorch, FastAPI"
371,Santiago-King,Education,Quant Researcher,"MLflow, Keras, TensorFlow, CUDA, Flask",Entry,Remote,"Lake Linda, AT",94482,12-10-2024,Mid,"Scikit-learn, PyTorch"
372,"Caldwell, Richardson and Hines",Retail,AI Researcher,"CUDA, Power BI, Hugging Face, Pandas, MLflow",Senior,Internship,"North Jesusfurt, AL",96565,07-04-2025,Large,KDB+
373,"Washington, Smith and Hicks",Automotive,ML Engineer,"Flask, PyTorch, Reinforcement Learning, MLflow",Senior,Contract,"West Regina, AG",169269,22-08-2024,Startup,"LangChain, PyTorch"
374,"Cummings, Ball and Owens",Healthcare,Data Analyst,"C++, NumPy, CUDA, GCP, TensorFlow, Hugging Face",Entry,Full-time,"Boydtown, HT",85793,20-03-2025,Mid,"TensorFlow, Scikit-learn, PyTorch"
375,"Harrington, Gross and Kim",Tech,NLP Engineer,"Flask, CUDA, AWS",Senior,Full-time,"Lake Lisamouth, CR",136222,25-11-2024,Startup,Scikit-learn
376,"Bryan, Harding and Hamilton",Finance,AI Product Manager,"R, Python, PyTorch, GCP, Power BI",Senior,Contract,"Campbellburgh, PL",137661,03-05-2025,Mid,"MLflow, TensorFlow"
377,"Miller, Cox and Clark",Tech,Quant Researcher,"Hugging Face, MLflow, CUDA",Entry,Contract,"Jacksonberg, MR",71704,24-09-2023,Large,"KDB+, PyTorch"
378,Watson-Boyle,Education,NLP Engineer,"FastAPI, TensorFlow, PyTorch",Senior,Full-time,"Geraldville, TT",79692,22-08-2024,Mid,"Scikit-learn, PyTorch, TensorFlow"
379,"Montoya, Chambers and Bennett",E-commerce,Quant Researcher,"Excel, CUDA, Keras",Entry,Remote,"Odommouth, JO",94121,09-02-2024,Startup,"PyTorch, Scikit-learn"
380,"Fields, Porter and Martinez",Finance,Quant Researcher,"Power BI, FastAPI, Azure, MLflow, CUDA",Entry,Full-time,"New Dawn, CV",104384,10-02-2025,Mid,"KDB+, Scikit-learn, FastAPI"
381,"Gallegos, Ruiz and Ross",E-commerce,Data Scientist,"Reinforcement Learning, Hugging Face, GCP, Excel, MLflow, CUDA",Senior,Contract,"Proctorbury, HR",93143,24-10-2024,Large,MLflow
382,Ingram LLC,Retail,Computer Vision Engineer,"Keras, Excel, Power BI, SQL, GCP",Mid,Internship,"Gonzalezbury, TW",111985,28-07-2025,Large,"KDB+, TensorFlow"
383,Moody Inc,E-commerce,AI Product Manager,"LangChain, Scikit-learn, Keras, Power BI, Excel",Senior,Remote,"West Benjamin, DJ",138999,13-11-2023,Mid,"Scikit-learn, FastAPI"
384,Walls-Kidd,Tech,AI Product Manager,"SQL, CUDA, AWS",Entry,Remote,"Wheelermouth, UY",68635,20-10-2023,Startup,TensorFlow
385,Mullins Group,Automotive,NLP Engineer,"SQL, C++, CUDA, GCP, Flask, Reinforcement Learning",Entry,Contract,"Brianview, DJ",117931,16-05-2025,Mid,BigQuery
386,King Group,Healthcare,NLP Engineer,"C++, Excel, Scikit-learn, FastAPI, Power BI",Mid,Full-time,"New Jeffreyhaven, AE",173883,04-06-2024,Large,"LangChain, PyTorch"
387,Hansen-Stone,Retail,Quant Researcher,"C++, CUDA, Power BI, Azure, AWS, PyTorch",Entry,Internship,"West William, ID",60868,15-03-2024,Mid,KDB+
388,Gardner Group,Retail,ML Engineer,"LangChain, Pandas, Scikit-learn, CUDA, Reinforcement Learning, TensorFlow",Entry,Internship,"Port Monicaborough, KW",116961,16-04-2025,Startup,PyTorch
389,Leonard-Duke,Retail,AI Researcher,"Keras, PyTorch, AWS, SQL",Mid,Internship,"Patrickfurt, BD",65772,04-01-2025,Mid,Scikit-learn
390,Patton and Sons,Retail,NLP Engineer,"Power BI, GCP, TensorFlow, CUDA, MLflow",Entry,Internship,"West Melissa, MH",159655,14-03-2024,Startup,"BigQuery, LangChain, Scikit-learn"
391,Vazquez PLC,Automotive,AI Product Manager,"FastAPI, NumPy, R",Senior,Remote,"New Matthew, SC",179429,20-03-2025,Large,PyTorch
392,Romero PLC,Tech,ML Engineer,"FastAPI, NumPy, R",Senior,Internship,"Christianland, PT",79676,22-06-2024,Startup,LangChain
393,Howell PLC,Healthcare,Quant Researcher,"Flask, PyTorch, GCP",Senior,Contract,"Millermouth, CF",86752,18-09-2024,Mid,"LangChain, FastAPI, TensorFlow"
394,Beltran PLC,Retail,Data Analyst,"Azure, PyTorch, Pandas, R, GCP",Entry,Full-time,"Alexiston, UY",171199,09-04-2025,Large,"FastAPI, Scikit-learn"
395,Browning Inc,Healthcare,ML Engineer,"PyTorch, Azure, LangChain, Python",Senior,Internship,"Shariborough, BO",163536,25-12-2024,Large,"Scikit-learn, MLflow"
396,Strong-Davis,Healthcare,Data Scientist,"Reinforcement Learning, Scikit-learn, TensorFlow, PyTorch, Hugging Face, Flask",Mid,Contract,"Jasonbury, CD",152211,30-05-2024,Startup,PyTorch
397,"Richardson, Burton and Stephens",Finance,Quant Researcher,"LangChain, Pandas, Power BI",Entry,Remote,"Timothyland, LR",149206,23-09-2024,Mid,"TensorFlow, FastAPI"
398,Salinas-Taylor,Retail,NLP Engineer,"PyTorch, MLflow, LangChain",Entry,Internship,"Georgeport, CI",80093,13-09-2025,Mid,KDB+
399,Hunt Ltd,Finance,Data Analyst,"SQL, GCP, PyTorch",Entry,Remote,"Jacksonfort, PG",85977,13-09-2025,Startup,"KDB+, TensorFlow, PyTorch"
400,Carr Group,Education,Data Scientist,"C++, GCP, Reinforcement Learning, R, Python, Power BI",Entry,Full-time,"Murphymouth, GM",62955,23-09-2024,Startup,"PyTorch, KDB+, LangChain"
401,Harris LLC,E-commerce,NLP Engineer,"Reinforcement Learning, Pandas, NumPy, FastAPI",Entry,Full-time,"South Randytown, PA",142721,25-10-2024,Mid,TensorFlow
402,Reyes-Lowery,Automotive,AI Product Manager,"Pandas, Keras, Scikit-learn, TensorFlow",Mid,Internship,"Samanthaborough, VA",138535,26-07-2024,Startup,BigQuery
403,"Charles, Henry and Stark",Education,Computer Vision Engineer,"FastAPI, AWS, Hugging Face, R",Mid,Remote,"Valenzuelaborough, BF",153913,25-04-2024,Startup,PyTorch
404,"Hill, Lucas and Alvarez",Healthcare,NLP Engineer,"C++, PyTorch, Flask",Mid,Remote,"Adamport, LC",58430,16-01-2025,Mid,KDB+
405,Stone-Lee,Tech,AI Researcher,"LangChain, Pandas, AWS",Mid,Contract,"North Rebecca, LS",111670,24-06-2024,Large,FastAPI
406,"Johnson, Williams and Perkins",Finance,Quant Researcher,"AWS, GCP, Azure, Scikit-learn, Python",Mid,Internship,"Bennettland, SN",101060,11-11-2024,Mid,"FastAPI, TensorFlow"
407,Hays-Smith,Finance,AI Researcher,"FastAPI, NumPy, Excel",Entry,Full-time,"North Kristin, LC",127174,21-04-2024,Mid,"MLflow, TensorFlow"
408,Hansen-Martin,Healthcare,ML Engineer,"Reinforcement Learning, GCP, PyTorch",Senior,Full-time,"Jessicaborough, BB",67737,08-11-2024,Startup,"LangChain, MLflow, Scikit-learn"
409,Calderon Inc,Retail,Quant Researcher,"GCP, SQL, R, AWS",Mid,Remote,"Alexanderfort, PT",71007,29-11-2024,Startup,LangChain
410,Brown Group,Healthcare,AI Researcher,"CUDA, SQL, AWS, Azure, Python",Senior,Contract,"Jameston, RO",166053,19-08-2025,Startup,"LangChain, Scikit-learn"
411,"Robertson, Davis and Gray",Tech,Data Analyst,"Excel, Scikit-learn, Flask, Power BI",Senior,Contract,"Martintown, TW",134896,09-08-2025,Startup,"KDB+, FastAPI"
412,"Anderson, Lawrence and Drake",Automotive,AI Researcher,"FastAPI, Azure, Pandas, NumPy",Entry,Full-time,"Annastad, AT",95373,28-06-2025,Startup,"BigQuery, TensorFlow, KDB+"
413,Lynn-Burke,Healthcare,Data Scientist,"PyTorch, Power BI, Scikit-learn",Entry,Remote,"East Carolport, BA",114575,17-12-2024,Startup,"LangChain, MLflow"
414,Travis-Glass,Healthcare,AI Product Manager,"Hugging Face, PyTorch, Reinforcement Learning, MLflow, Scikit-learn",Mid,Internship,"Simmonsside, MW",58636,11-08-2025,Large,"MLflow, Scikit-learn"
415,Leonard LLC,Education,Data Analyst,"LangChain, Python, MLflow, TensorFlow, FastAPI",Entry,Internship,"Bellfort, MV",81196,05-02-2025,Mid,FastAPI
416,"Kim, Allison and Ryan",Retail,ML Engineer,"Keras, Python, SQL",Mid,Contract,"Bowersberg, BD",72690,29-11-2024,Large,"KDB+, PyTorch"
417,"Ellis, Townsend and Harrison",Finance,AI Product Manager,"SQL, R, TensorFlow, Flask",Entry,Internship,"South Andreamouth, AF",112858,19-05-2024,Mid,"KDB+, LangChain"
418,"Steele, Aguilar and Jackson",Finance,ML Engineer,"Reinforcement Learning, Keras, NumPy, Pandas, Hugging Face, R",Entry,Contract,"North Amandamouth, IE",69724,06-04-2025,Large,TensorFlow
419,Peck Group,Finance,AI Researcher,"Python, LangChain, CUDA, C++",Mid,Full-time,"West Christopherville, HR",101909,17-09-2025,Mid,LangChain
420,Higgins-Hall,E-commerce,Data Analyst,"Keras, R, NumPy, Reinforcement Learning",Mid,Contract,"Suttonland, MV",118564,16-03-2024,Startup,"Scikit-learn, KDB+, MLflow"
421,"Hicks, Sullivan and Kline",Education,AI Researcher,"TensorFlow, Keras, Python, FastAPI",Mid,Contract,"Steveborough, LR",92841,15-03-2025,Startup,"LangChain, FastAPI, TensorFlow"
422,Marquez and Sons,Retail,AI Researcher,"Pandas, C++, PyTorch, TensorFlow",Mid,Contract,"East Aaron, IQ",167789,19-02-2024,Mid,LangChain
423,Moore-Mann,Education,Quant Researcher,"FastAPI, CUDA, R, Scikit-learn",Entry,Contract,"Melvintown, HT",88514,20-02-2024,Large,"TensorFlow, PyTorch"
424,Ramirez Ltd,Finance,ML Engineer,"LangChain, MLflow, Flask, AWS",Entry,Internship,"South Jeremyton, AM",90584,11-07-2025,Large,LangChain
425,"Garcia, Drake and Gonzalez",Finance,Computer Vision Engineer,"Excel, FastAPI, Hugging Face, LangChain, Flask",Senior,Full-time,"Jamesfurt, BW",111576,14-12-2024,Startup,"BigQuery, Scikit-learn"
426,"Edwards, Jackson and Baker",Automotive,Data Analyst,"NumPy, MLflow, TensorFlow",Entry,Contract,"Sullivanshire, WS",185408,11-11-2024,Large,"PyTorch, TensorFlow"
427,Turner Group,E-commerce,NLP Engineer,"TensorFlow, Power BI, GCP, Flask, Keras, Pandas",Entry,Internship,"Mariaburgh, AT",142414,13-02-2025,Mid,"FastAPI, BigQuery, TensorFlow"
428,Castro PLC,Education,Quant Researcher,"TensorFlow, GCP, Reinforcement Learning, Hugging Face",Senior,Internship,"West Tammie, KW",119543,30-11-2023,Startup,"PyTorch, TensorFlow, KDB+"
429,"Coffey, Shannon and Mclean",Automotive,ML Engineer,"MLflow, Keras, Reinforcement Learning, Flask, TensorFlow, R",Entry,Full-time,"Johnfurt, MR",133111,30-05-2025,Startup,"PyTorch, KDB+"
430,Wilcox Ltd,Automotive,Computer Vision Engineer,"FastAPI, R, Scikit-learn, SQL",Mid,Full-time,"Robertsonbury, VN",106060,07-03-2024,Startup,"TensorFlow, FastAPI"
431,Mcbride-Skinner,E-commerce,AI Product Manager,"PyTorch, CUDA, Reinforcement Learning, C++",Entry,Full-time,"Port Daleborough, MW",78558,19-06-2025,Mid,"TensorFlow, BigQuery, LangChain"
432,Alexander Inc,E-commerce,AI Researcher,"FastAPI, C++, MLflow, Reinforcement Learning",Senior,Full-time,"East Lynnchester, FI",165277,27-06-2024,Large,"TensorFlow, MLflow"
433,Ramsey-Barnes,Tech,AI Researcher,"LangChain, Python, AWS, R, Azure, Pandas",Entry,Contract,"Jackburgh, BB",161337,29-11-2023,Mid,"BigQuery, MLflow, KDB+"
434,Clark and Sons,Retail,NLP Engineer,"FastAPI, NumPy, C++, Azure",Entry,Contract,"East Samuelfort, PS",125981,10-07-2024,Mid,"MLflow, KDB+, FastAPI"
435,Blair-Shaffer,Tech,AI Product Manager,"Keras, PyTorch, R, Hugging Face, CUDA",Entry,Contract,"Lindseymouth, CM",62065,29-08-2024,Startup,BigQuery
436,Salazar-Clark,Retail,Quant Researcher,"Reinforcement Learning, AWS, Azure, Pandas, Keras, Power BI",Entry,Full-time,"New Samanthaport, MC",120019,21-03-2024,Mid,"TensorFlow, BigQuery"
437,Jones-Simpson,E-commerce,Computer Vision Engineer,"TensorFlow, CUDA, MLflow",Senior,Internship,"Charlottechester, BZ",185746,08-11-2023,Mid,"TensorFlow, BigQuery"
438,Johnson-Jackson,Finance,Data Scientist,"R, MLflow, Reinforcement Learning, Azure",Entry,Remote,"Lake Meganborough, MX",148935,06-07-2025,Large,"TensorFlow, KDB+"
439,Lane-Rodriguez,Finance,Quant Researcher,"Scikit-learn, Excel, Azure, Flask, Hugging Face, Pandas",Senior,Full-time,"South Katherine, DE",107818,30-03-2024,Startup,"PyTorch, LangChain, KDB+"
440,"Jones, Thompson and Gomez",Education,Quant Researcher,"Power BI, Hugging Face, GCP",Senior,Contract,"West Gregorychester, ET",153824,04-05-2024,Large,Scikit-learn
441,"Ho, Mitchell and King",Automotive,ML Engineer,"NumPy, LangChain, R, Scikit-learn",Senior,Contract,"Port Carolineside, SG",66730,16-03-2025,Large,TensorFlow
442,Mathis-Davila,Tech,Quant Researcher,"SQL, Hugging Face, Keras, AWS, MLflow, R",Mid,Internship,"West Bethchester, HR",115892,13-10-2024,Startup,"LangChain, PyTorch, FastAPI"
443,Perez-Hawkins,Automotive,Computer Vision Engineer,"Pandas, Hugging Face, Keras",Mid,Internship,"New Frederickstad, NA",89003,28-07-2025,Large,FastAPI
444,"Perez, Butler and Carroll",E-commerce,ML Engineer,"Excel, Hugging Face, SQL, Azure",Entry,Contract,"Lauraland, KZ",144885,29-04-2025,Mid,KDB+
445,Ford PLC,E-commerce,Computer Vision Engineer,"FastAPI, Scikit-learn, Pandas, NumPy, Excel, CUDA",Mid,Contract,"East Robert, RS",158867,07-02-2025,Mid,"Scikit-learn, KDB+, MLflow"
446,Rivera Ltd,Retail,Computer Vision Engineer,"Python, PyTorch, Keras, Power BI, Reinforcement Learning",Senior,Remote,"West Bonnieville, CA",123066,16-03-2024,Startup,BigQuery
447,Thompson-White,E-commerce,Computer Vision Engineer,"LangChain, TensorFlow, Pandas, Flask",Senior,Remote,"Coryfurt, KG",140628,02-01-2025,Large,"FastAPI, MLflow"
448,"Johnson, Foster and Martin",Education,NLP Engineer,"MLflow, CUDA, Power BI, FastAPI",Mid,Remote,"Smithfurt, SB",136045,22-10-2023,Startup,"FastAPI, BigQuery"
449,Solomon-Hartman,Finance,Data Analyst,"Pandas, Azure, Keras, PyTorch, AWS, Hugging Face",Mid,Remote,"West Christopherfort, GM",134607,24-08-2024,Startup,"BigQuery, KDB+"
450,"Kelley, Adams and Robertson",Automotive,ML Engineer,"Hugging Face, SQL, TensorFlow",Entry,Full-time,"Port James, LY",155899,13-08-2024,Mid,"Scikit-learn, BigQuery"
451,Johnson-Cabrera,Healthcare,ML Engineer,"TensorFlow, PyTorch, FastAPI, Hugging Face, LangChain, AWS",Senior,Contract,"South Bryanberg, GD",49666,12-05-2024,Large,"TensorFlow, PyTorch, LangChain"
452,"Love, Liu and Flynn",Tech,Quant Researcher,"Excel, LangChain, MLflow, CUDA, Reinforcement Learning",Entry,Full-time,"Matthewshire, FR",102275,25-03-2025,Startup,MLflow
453,Mcdonald and Sons,Retail,Quant Researcher,"TensorFlow, AWS, Azure",Senior,Remote,"Villanuevaberg, KM",159685,01-05-2025,Large,"FastAPI, LangChain, PyTorch"
454,Le Ltd,Finance,AI Product Manager,"R, TensorFlow, C++, Hugging Face, SQL, Flask",Entry,Internship,"South Ginachester, TV",150885,08-03-2024,Large,"KDB+, BigQuery"
455,Larson-Moss,Healthcare,AI Product Manager,"C++, Reinforcement Learning, NumPy, LangChain",Mid,Internship,"South Williamfurt, BB",121823,13-10-2023,Large,FastAPI
456,"Farmer, Thompson and Smith",Healthcare,ML Engineer,"Flask, SQL, PyTorch, C++, TensorFlow",Mid,Full-time,"New Daniel, KP",67827,30-12-2023,Large,KDB+
457,Burns-Davis,Healthcare,NLP Engineer,"Python, AWS, NumPy, Power BI, Hugging Face",Senior,Internship,"Nicholasshire, PH",54890,03-01-2024,Large,"FastAPI, LangChain"
458,Scott-Hernandez,Retail,ML Engineer,"CUDA, Keras, TensorFlow, Scikit-learn",Senior,Full-time,"Freemanland, GD",150066,31-03-2025,Startup,BigQuery
459,Lozano-Valencia,E-commerce,Data Scientist,"LangChain, AWS, Scikit-learn, Flask",Entry,Internship,"Kelseybury, US",143454,22-03-2024,Startup,"BigQuery, KDB+"
460,Watkins-Pearson,Finance,Quant Researcher,"R, SQL, Hugging Face, Keras, Pandas",Mid,Remote,"East Rhondaview, IL",57738,04-09-2024,Large,"TensorFlow, BigQuery, LangChain"
461,Lewis Inc,Finance,Data Scientist,"Hugging Face, Pandas, PyTorch, SQL, R, Excel",Senior,Full-time,"Lake Anthony, MN",86399,15-02-2024,Startup,"LangChain, TensorFlow"
462,"Moreno, Salazar and Sexton",Finance,Data Scientist,"Power BI, Hugging Face, TensorFlow",Mid,Full-time,"North Johnstad, TZ",119568,29-01-2025,Startup,"MLflow, Scikit-learn"
463,Lopez Ltd,Tech,AI Researcher,"Power BI, R, GCP",Entry,Full-time,"East Deborahshire, DZ",139392,19-05-2025,Mid,PyTorch
464,Orozco-Tran,Retail,Quant Researcher,"Reinforcement Learning, Excel, TensorFlow, AWS, C++",Mid,Internship,"Kevinton, ZW",155436,09-01-2024,Large,"KDB+, MLflow, TensorFlow"
465,Allen-Miller,Education,AI Researcher,"Hugging Face, Power BI, SQL, Pandas, Reinforcement Learning",Senior,Contract,"Elijahshire, BJ",80812,06-08-2025,Large,Scikit-learn
466,"Ray, Phillips and Kim",Automotive,NLP Engineer,"PyTorch, Reinforcement Learning, R, NumPy",Mid,Internship,"West Shellymouth, TG",141771,08-07-2024,Startup,"FastAPI, PyTorch"
467,Rodriguez-Williams,Automotive,Data Scientist,"MLflow, C++, SQL",Mid,Internship,"New Jenniferfort, YE",154257,16-11-2024,Startup,MLflow
468,Randall-Sanchez,Tech,Data Scientist,"MLflow, Azure, GCP, Flask, AWS",Mid,Contract,"West Julieland, CO",166892,26-12-2024,Mid,LangChain
469,"Mendoza, Chung and Burnett",E-commerce,Computer Vision Engineer,"Python, PyTorch, R, LangChain",Mid,Remote,"New Jacob, KG",167100,20-09-2024,Large,TensorFlow
470,Odom PLC,Healthcare,NLP Engineer,"TensorFlow, Python, CUDA",Senior,Contract,"South Jacobshire, BE",126318,09-07-2025,Mid,"PyTorch, MLflow"
471,"Miller, Jimenez and Walker",Education,Computer Vision Engineer,"C++, Pandas, Hugging Face, SQL, LangChain, Python",Senior,Internship,"Lake Patriciaview, LY",141280,29-09-2024,Mid,MLflow
472,Valdez-Williams,Automotive,ML Engineer,"NumPy, AWS, Excel",Mid,Contract,"Port Charles, BE",128469,19-05-2024,Large,TensorFlow
473,"Rodriguez, West and Erickson",Tech,ML Engineer,"PyTorch, Reinforcement Learning, FastAPI, R, C++",Entry,Full-time,"Lake Joshuastad, QA",191811,01-05-2024,Startup,BigQuery
474,Church-Young,Automotive,Data Analyst,"Keras, LangChain, CUDA",Mid,Contract,"West Paulshire, PE",93708,17-05-2025,Startup,"FastAPI, Scikit-learn, TensorFlow"
475,Ramirez PLC,Healthcare,AI Researcher,"GCP, PyTorch, Flask",Entry,Full-time,"East Jason, IL",132397,14-02-2024,Mid,"MLflow, KDB+, LangChain"
476,Simmons PLC,Automotive,AI Researcher,"AWS, Excel, R",Entry,Internship,"Peterland, IL",90786,18-02-2024,Mid,MLflow
477,"Miller, Simmons and Johnson",Healthcare,Computer Vision Engineer,"FastAPI, LangChain, SQL, TensorFlow, R",Mid,Remote,"Obrienshire, UZ",59575,11-04-2024,Startup,BigQuery
478,"Stevens, Ball and Tyler",Automotive,Data Analyst,"Keras, LangChain, R, MLflow, Azure, TensorFlow",Senior,Remote,"Dennischester, BH",134558,19-08-2024,Mid,"TensorFlow, BigQuery, LangChain"
479,"Hunt, Scott and Schneider",Retail,Quant Researcher,"SQL, R, Keras",Mid,Remote,"Jessicaside, CH",66068,12-10-2024,Large,"KDB+, MLflow"
480,"Wright, Diaz and Rosario",Education,AI Product Manager,"Power BI, CUDA, Scikit-learn",Entry,Remote,"East Bernardfurt, CY",111333,13-03-2025,Startup,"MLflow, PyTorch"
481,"Dean, Reid and Johnson",Finance,AI Researcher,"AWS, CUDA, GCP, Scikit-learn, Azure",Mid,Internship,"Santostown, TL",169804,17-07-2024,Large,"Scikit-learn, KDB+"
482,"Rose, Simon and Cruz",Education,Quant Researcher,"SQL, Hugging Face, Azure, C++, Keras, Flask",Senior,Contract,"Haasview, PY",140207,01-09-2025,Mid,KDB+
483,Russo Inc,Automotive,Quant Researcher,"Excel, Power BI, GCP, CUDA, PyTorch, Keras",Mid,Contract,"Munozside, MA",106998,21-08-2025,Mid,Scikit-learn
484,"Short, Hodge and Castillo",Tech,Data Analyst,"Keras, C++, Scikit-learn, Flask, PyTorch, Pandas",Mid,Internship,"Lake Jasonville, LV",168413,01-02-2024,Mid,"MLflow, PyTorch"
485,Bauer Group,E-commerce,AI Product Manager,"TensorFlow, Power BI, Reinforcement Learning, NumPy, CUDA, Excel",Mid,Remote,"South Jaredview, PW",145832,02-02-2024,Startup,"LangChain, Scikit-learn, FastAPI"
486,Petty PLC,Retail,Computer Vision Engineer,"Python, Azure, R, TensorFlow, GCP",Entry,Remote,"Castrobury, ES",89313,18-07-2024,Startup,"MLflow, BigQuery, Scikit-learn"
487,Stuart and Sons,Healthcare,Data Scientist,"Hugging Face, C++, PyTorch, Reinforcement Learning, TensorFlow",Mid,Internship,"Lake Randychester, TR",143759,04-03-2025,Large,"PyTorch, BigQuery"
488,"Barker, Monroe and Ortega",Education,AI Product Manager,"Reinforcement Learning, GCP, NumPy",Senior,Full-time,"Robertsonfort, MU",103103,27-11-2023,Startup,"Scikit-learn, TensorFlow, BigQuery"
489,Chambers-Santiago,Finance,AI Product Manager,"Reinforcement Learning, NumPy, Scikit-learn",Entry,Contract,"Halefurt, JO",145153,17-10-2023,Startup,"LangChain, BigQuery"
490,Nolan-Brown,E-commerce,Quant Researcher,"PyTorch, Hugging Face, GCP, Flask",Mid,Full-time,"Karenville, GA",139494,16-06-2024,Large,Scikit-learn
491,"Cox, Fitzgerald and Wong",Finance,Data Scientist,"R, FastAPI, AWS",Mid,Internship,"Davidtown, ID",144822,29-09-2023,Large,"PyTorch, LangChain"
492,Zhang-Williams,Automotive,Data Analyst,"MLflow, CUDA, C++",Entry,Contract,"East Henryfort, CA",137950,09-11-2024,Large,"LangChain, TensorFlow"
493,Henry-Grimes,Education,Data Scientist,"CUDA, AWS, NumPy, Azure, Power BI",Entry,Remote,"Port Biancachester, DE",125710,16-10-2023,Large,"TensorFlow, Scikit-learn, FastAPI"
494,"Garcia, Lowery and Alexander",Finance,AI Researcher,"Keras, NumPy, Python, AWS, Flask, Azure",Mid,Remote,"East Kennethfurt, MT",78829,04-01-2024,Large,"Scikit-learn, LangChain"
495,Turner PLC,Healthcare,Quant Researcher,"Azure, Flask, MLflow, GCP",Senior,Full-time,"East Sandrabury, TL",87488,08-03-2025,Large,"PyTorch, KDB+"
496,Davis LLC,Tech,AI Product Manager,"FastAPI, CUDA, R",Entry,Remote,"Sarahburgh, VA",77881,21-07-2025,Mid,KDB+
497,Foster-Stephens,Education,Data Scientist,"AWS, CUDA, MLflow, Python",Senior,Internship,"Robinsonport, IQ",63830,10-08-2025,Mid,"KDB+, PyTorch, FastAPI"
498,"Ho, Scott and Martinez",Education,AI Product Manager,"Flask, SQL, PyTorch, Azure, AWS",Senior,Full-time,"Lyonsland, MK",149163,24-04-2025,Startup,LangChain
499,Green PLC,Retail,Computer Vision Engineer,"C++, SQL, Python, MLflow, Power BI, FastAPI",Mid,Remote,"Gutierrezport, NO",117621,27-03-2025,Large,LangChain
500,Hudson Group,E-commerce,Computer Vision Engineer,"CUDA, SQL, Keras, C++",Mid,Remote,"New Shawnberg, SE",90097,16-05-2024,Mid,"FastAPI, Scikit-learn, TensorFlow"
501,"Pham, Mathews and Gray",Automotive,AI Product Manager,"MLflow, TensorFlow, NumPy, Pandas",Mid,Remote,"South Crystalshire, FR",88492,30-10-2023,Large,TensorFlow
502,"Saunders, Howell and Martinez",Healthcare,Computer Vision Engineer,"TensorFlow, NumPy, Pandas, PyTorch, Azure",Senior,Full-time,"West Wandaside, KE",78828,14-08-2024,Mid,"KDB+, FastAPI, Scikit-learn"
503,King LLC,Automotive,Computer Vision Engineer,"FastAPI, Keras, CUDA, PyTorch, LangChain",Senior,Internship,"Ruizton, CI",68464,28-11-2024,Startup,"BigQuery, MLflow"
504,Anthony Group,Tech,NLP Engineer,"PyTorch, Azure, Reinforcement Learning, TensorFlow, Pandas, FastAPI",Mid,Contract,"Lisaborough, MG",172856,17-04-2025,Large,PyTorch
505,"Kim, Peterson and Schaefer",Automotive,AI Researcher,"GCP, MLflow, PyTorch",Entry,Contract,"Ericksonport, NZ",169159,02-07-2025,Large,"PyTorch, MLflow, LangChain"
506,Parrish-Small,Retail,NLP Engineer,"Python, Flask, LangChain, AWS, Keras",Senior,Contract,"Perryland, MA",142485,05-08-2025,Startup,"FastAPI, Scikit-learn, PyTorch"
507,"Shaw, Myers and Smith",Finance,Data Scientist,"Azure, TensorFlow, C++",Mid,Full-time,"Brookeport, TV",141251,21-05-2024,Startup,TensorFlow
508,Smith-Huynh,Automotive,ML Engineer,"Scikit-learn, Hugging Face, TensorFlow",Entry,Contract,"South Dawnfort, AE",89141,21-09-2024,Startup,"TensorFlow, BigQuery"
509,Cardenas-Williams,Education,Data Scientist,"Python, Azure, Reinforcement Learning, LangChain, AWS, Hugging Face",Senior,Remote,"West Michael, PW",167293,20-12-2024,Startup,"LangChain, TensorFlow, KDB+"
510,Davis Inc,Healthcare,Data Analyst,"MLflow, Python, TensorFlow, LangChain",Entry,Full-time,"Taylorland, PL",73813,27-12-2024,Mid,"TensorFlow, PyTorch, KDB+"
511,Davis-Hudson,Retail,Data Analyst,"GCP, Scikit-learn, Flask, AWS, Excel, Power BI",Entry,Remote,"South Thomasview, BR",150316,13-08-2025,Startup,PyTorch
512,"Mcdonald, Carey and Cruz",Healthcare,AI Researcher,"TensorFlow, R, FastAPI, Pandas, Power BI",Mid,Contract,"Kingburgh, ER",64953,23-09-2023,Large,"MLflow, Scikit-learn"
513,Williams LLC,Healthcare,AI Product Manager,"Python, Hugging Face, Scikit-learn, GCP",Entry,Contract,"Jeremytown, GQ",85318,04-01-2025,Large,"MLflow, KDB+"
514,Cooper PLC,Education,Quant Researcher,"Azure, Pandas, TensorFlow, AWS",Mid,Remote,"Michaelbury, FM",160280,27-06-2024,Large,"BigQuery, Scikit-learn, PyTorch"
515,"Graham, Ramirez and Haas",Automotive,Data Analyst,"R, Reinforcement Learning, Scikit-learn, PyTorch, GCP",Entry,Remote,"East Tammy, SY",183808,08-10-2024,Mid,"BigQuery, TensorFlow, FastAPI"
516,"Lowe, Schmidt and Harris",Tech,NLP Engineer,"Excel, Hugging Face, AWS, TensorFlow, R, Power BI",Entry,Contract,"Dannyborough, MA",89730,22-07-2025,Mid,TensorFlow
517,"Kemp, Young and Stewart",E-commerce,Computer Vision Engineer,"Python, Pandas, Excel, TensorFlow, Azure",Entry,Remote,"Tracyborough, CZ",80276,08-05-2024,Startup,"TensorFlow, PyTorch"
518,"Hodges, Allen and Washington",Automotive,Data Analyst,"PyTorch, Pandas, Reinforcement Learning",Mid,Contract,"Davidside, JO",57533,03-05-2024,Mid,KDB+
519,Blair PLC,E-commerce,Data Analyst,"NumPy, Keras, PyTorch, TensorFlow, Flask, Excel",Senior,Contract,"Hernandezshire, LU",133540,06-11-2024,Large,"FastAPI, PyTorch, BigQuery"
520,"Cruz, Patrick and King",E-commerce,AI Researcher,"R, TensorFlow, AWS",Mid,Remote,"Walshstad, KG",133751,26-04-2025,Startup,"PyTorch, KDB+"
521,"Rivers, Jones and Cameron",E-commerce,ML Engineer,"SQL, NumPy, Scikit-learn",Entry,Full-time,"Nelsonchester, NE",136009,02-11-2024,Large,"TensorFlow, LangChain"
522,Lindsey-Chan,Finance,AI Product Manager,"MLflow, Flask, Keras, Scikit-learn, LangChain",Entry,Contract,"Albertport, RW",60422,18-07-2024,Mid,TensorFlow
523,Hess Inc,Healthcare,Data Analyst,"FastAPI, Excel, PyTorch, Flask, Reinforcement Learning",Mid,Remote,"East Kathrynchester, FJ",120392,26-08-2024,Mid,"BigQuery, PyTorch, FastAPI"
524,Williams Ltd,Retail,ML Engineer,"Hugging Face, GCP, Scikit-learn",Entry,Contract,"Lake Patrick, ST",183549,27-02-2024,Mid,"Scikit-learn, PyTorch, LangChain"
525,"Moore, Fields and Valdez",Tech,AI Product Manager,"SQL, Python, Excel, Flask",Entry,Contract,"Marcusstad, GT",88200,31-08-2025,Mid,"TensorFlow, KDB+, BigQuery"
526,Todd-Wright,Automotive,Data Scientist,"SQL, Keras, Pandas, GCP",Senior,Contract,"Port Thomas, IQ",166076,12-03-2024,Startup,"FastAPI, KDB+"
527,Morrison and Sons,E-commerce,ML Engineer,"CUDA, Power BI, AWS, FastAPI, C++",Senior,Internship,"Richardfurt, JM",154279,04-11-2024,Mid,TensorFlow
528,"Barrett, Bennett and Stokes",Education,ML Engineer,"C++, CUDA, Azure",Entry,Remote,"New John, JP",155360,22-03-2025,Startup,"LangChain, MLflow"
529,"Jefferson, Orr and Gonzalez",Retail,NLP Engineer,"LangChain, GCP, Reinforcement Learning, Excel, FastAPI, Power BI",Mid,Remote,"Lake Matthewhaven, RO",107952,24-01-2024,Large,"KDB+, PyTorch"
530,"Davis, Chambers and Lee",Healthcare,Data Analyst,"Excel, Power BI, PyTorch, Hugging Face, R",Senior,Remote,"Davidton, VN",165210,02-02-2024,Mid,"Scikit-learn, BigQuery, MLflow"
531,Guerra-Hall,Healthcare,AI Product Manager,"GCP, Reinforcement Learning, Keras, Pandas",Mid,Remote,"New Ronald, PA",158271,24-09-2024,Mid,FastAPI
532,Brooks Ltd,Healthcare,AI Product Manager,"Keras, FastAPI, C++, Hugging Face",Senior,Full-time,"West Elizabeth, DE",81454,05-02-2025,Mid,"Scikit-learn, PyTorch"
533,"Nolan, Jones and Nelson",Tech,ML Engineer,"Python, PyTorch, SQL, FastAPI",Mid,Contract,"Hillfurt, BO",85361,05-12-2023,Startup,"MLflow, FastAPI, Scikit-learn"
534,"Davidson, Walsh and Meyers",Finance,Data Analyst,"Keras, Python, Hugging Face, Flask",Senior,Internship,"Susanfort, IQ",87313,06-06-2024,Mid,"TensorFlow, FastAPI"
535,Burgess-Barrera,Finance,NLP Engineer,"Hugging Face, Azure, PyTorch, GCP",Senior,Contract,"Leebury, SC",124700,13-09-2025,Large,FastAPI
536,Anderson LLC,Healthcare,ML Engineer,"TensorFlow, LangChain, Keras, Scikit-learn, Excel, C++",Entry,Contract,"South Briannafort, MZ",92378,22-01-2024,Mid,MLflow
537,"Cameron, Carter and Smith",Healthcare,AI Researcher,"Scikit-learn, Azure, GCP",Mid,Full-time,"Blakebury, CL",104701,18-06-2025,Large,"PyTorch, MLflow"
538,Christensen LLC,Finance,AI Product Manager,"FastAPI, TensorFlow, Keras",Entry,Contract,"New Codystad, HU",129508,02-08-2024,Large,MLflow
539,Clark-Dennis,Finance,NLP Engineer,"R, NumPy, Scikit-learn",Mid,Remote,"North Brianhaven, IT",153250,08-08-2024,Mid,"BigQuery, PyTorch"
540,Obrien and Sons,Automotive,AI Researcher,"Python, MLflow, SQL",Mid,Internship,"North Joannaberg, VC",55347,30-06-2024,Large,"Scikit-learn, MLflow, FastAPI"
541,Gomez PLC,E-commerce,ML Engineer,"R, Scikit-learn, Power BI",Senior,Internship,"Stevenshire, BE",122736,05-04-2025,Startup,MLflow
542,Rogers-Shaw,E-commerce,ML Engineer,"Pandas, LangChain, Python, Keras",Senior,Internship,"Ginafurt, PW",149378,13-01-2025,Startup,"KDB+, Scikit-learn, TensorFlow"
543,Gardner-Murphy,Education,NLP Engineer,"Hugging Face, R, Azure, Power BI, Excel",Senior,Full-time,"Phillipsmouth, BE",163823,16-01-2024,Mid,"LangChain, FastAPI"
544,"Brooks, Morales and Parker",Automotive,Quant Researcher,"Pandas, FastAPI, Hugging Face, PyTorch, Power BI",Senior,Full-time,"South Chelseamouth, MR",74425,25-08-2024,Startup,LangChain
545,"Harrison, Nelson and Butler",Tech,Data Analyst,"GCP, Pandas, FastAPI, C++, Excel",Mid,Internship,"North Darren, PG",96036,25-06-2025,Mid,"FastAPI, MLflow"
546,"Boyd, Manning and Smith",E-commerce,ML Engineer,"Excel, Pandas, CUDA",Mid,Full-time,"Walshmouth, EG",141983,28-10-2024,Startup,PyTorch
547,Morgan Group,E-commerce,Data Scientist,"Reinforcement Learning, Hugging Face, Pandas, Excel",Mid,Contract,"East Robertbury, PS",86519,02-05-2025,Startup,"FastAPI, PyTorch"
548,"Sutton, Rivera and Mcintyre",Education,Data Scientist,"Reinforcement Learning, LangChain, C++",Entry,Internship,"Port Briannaview, MM",172244,07-09-2025,Startup,"LangChain, FastAPI"
549,Lee Inc,Education,AI Product Manager,"FastAPI, Excel, AWS, LangChain, Python",Entry,Contract,"Bradshawport, TW",90180,25-10-2024,Startup,"KDB+, MLflow"
550,Clark-Stevens,Tech,NLP Engineer,"Power BI, C++, R",Senior,Contract,"Port Isabellaport, BB",170094,17-01-2024,Startup,BigQuery
551,Young LLC,Education,Computer Vision Engineer,"C++, Hugging Face, Flask, Python, NumPy, Scikit-learn",Senior,Full-time,"South Evan, ZM",114041,12-02-2024,Large,"Scikit-learn, FastAPI, LangChain"
552,Shaffer Inc,Education,Data Scientist,"FastAPI, Azure, TensorFlow",Mid,Internship,"West Adammouth, MZ",169855,08-06-2024,Mid,TensorFlow
553,"Powers, Lee and Graves",Healthcare,NLP Engineer,"MLflow, Reinforcement Learning, Python",Mid,Internship,"North Cindy, CZ",79693,18-08-2025,Mid,"PyTorch, TensorFlow"
554,Williams-White,Tech,ML Engineer,"CUDA, R, Reinforcement Learning",Entry,Full-time,"Amyside, CH",153308,09-02-2025,Startup,"MLflow, PyTorch, KDB+"
555,Smith-Green,Finance,Data Analyst,"Python, AWS, FastAPI",Entry,Full-time,"East Mariahberg, NL",71299,18-08-2024,Mid,FastAPI
556,Miller and Sons,Tech,AI Researcher,"MLflow, AWS, SQL, Python",Mid,Full-time,"North Michele, BZ",139914,03-01-2024,Mid,"TensorFlow, FastAPI"
557,Thomas-Howell,Education,Data Scientist,"MLflow, Azure, Python",Senior,Internship,"Matthewshire, HN",98581,19-12-2023,Mid,"TensorFlow, KDB+"
558,"Velez, Foley and Walker",E-commerce,Quant Researcher,"Excel, Flask, Power BI, PyTorch, SQL, CUDA",Senior,Internship,"Lake Joseph, SN",161932,21-08-2024,Mid,"LangChain, BigQuery, FastAPI"
559,Mccoy Group,Tech,ML Engineer,"Scikit-learn, AWS, CUDA, Azure, Hugging Face",Senior,Full-time,"North Tamara, SM",76047,16-10-2024,Startup,"FastAPI, TensorFlow, LangChain"
560,Hall Ltd,E-commerce,NLP Engineer,"LangChain, Python, AWS, R, Keras",Entry,Remote,"Jamesview, HT",96298,31-05-2025,Startup,"LangChain, BigQuery"
561,Dixon-Sanchez,Tech,AI Product Manager,"Excel, Azure, Pandas, PyTorch, SQL",Mid,Remote,"Adamsshire, AZ",130793,21-05-2025,Startup,"PyTorch, TensorFlow, KDB+"
562,Goodman and Sons,Automotive,Data Scientist,"NumPy, Excel, LangChain",Entry,Contract,"Zacharyfurt, ST",164737,21-10-2024,Mid,"MLflow, Scikit-learn, FastAPI"
563,"Garcia, Moss and Mccormick",Tech,Quant Researcher,"TensorFlow, Flask, NumPy, GCP",Mid,Internship,"New Bettyborough, GR",129019,16-02-2024,Mid,TensorFlow
564,Mccullough-Fields,Healthcare,AI Researcher,"Hugging Face, Flask, Pandas, Scikit-learn",Senior,Remote,"Georgeview, LB",116155,31-07-2024,Mid,"BigQuery, MLflow"
565,"Green, Stewart and Nelson",Healthcare,AI Researcher,"Python, Pandas, R, Scikit-learn",Entry,Internship,"Carmenbury, TV",122818,02-09-2025,Large,"LangChain, TensorFlow, BigQuery"
566,Montgomery and Sons,Tech,Computer Vision Engineer,"Excel, TensorFlow, Azure, Reinforcement Learning",Entry,Contract,"New Josemouth, KE",74570,11-04-2024,Large,"BigQuery, FastAPI"
567,Fuentes LLC,E-commerce,Data Analyst,"Hugging Face, Keras, FastAPI, Power BI",Senior,Contract,"Lake Christophershire, UZ",101979,29-01-2025,Startup,"LangChain, PyTorch, MLflow"
568,Farmer-Higgins,Education,Data Analyst,"Reinforcement Learning, Pandas, AWS",Senior,Remote,"East Cindy, IL",156930,17-04-2024,Mid,"FastAPI, KDB+, BigQuery"
569,Lyons-Dunlap,Education,NLP Engineer,"Keras, Python, PyTorch, GCP, C++",Mid,Contract,"Jamesshire, BN",127601,03-08-2024,Large,"Scikit-learn, TensorFlow, PyTorch"
570,"Moore, Whitney and Davis",Tech,ML Engineer,"PyTorch, Flask, CUDA, NumPy, AWS, SQL",Senior,Full-time,"East Jamie, BO",89763,01-06-2025,Startup,"Scikit-learn, PyTorch, FastAPI"
571,Glass and Sons,Healthcare,NLP Engineer,"LangChain, TensorFlow, Azure",Mid,Internship,"Jenniferfurt, RO",146118,12-10-2023,Large,"MLflow, BigQuery"
572,Gaines Ltd,Tech,Quant Researcher,"TensorFlow, FastAPI, PyTorch, Hugging Face, Pandas",Mid,Full-time,"Jacquelineville, GE",154336,29-11-2024,Mid,"TensorFlow, LangChain, Scikit-learn"
573,Garcia-Cannon,Education,AI Product Manager,"Keras, NumPy, R, LangChain, Reinforcement Learning",Senior,Contract,"Port Shannon, TV",141615,09-03-2025,Startup,"KDB+, BigQuery"
574,"Robbins, Luna and Wiggins",Education,Data Analyst,"SQL, LangChain, MLflow, AWS, Reinforcement Learning",Mid,Contract,"Tonyburgh, BO",163112,12-12-2023,Startup,MLflow
575,Green-Poole,Retail,Data Analyst,"Flask, LangChain, FastAPI",Senior,Full-time,"Lake Timothyville, LB",75521,24-02-2025,Startup,"FastAPI, BigQuery, MLflow"
576,Shaw-Bell,Education,Quant Researcher,"LangChain, SQL, Reinforcement Learning",Senior,Internship,"Rodriguezfort, NZ",147293,16-10-2024,Startup,"PyTorch, LangChain, KDB+"
577,"Mason, Gonzalez and Miller",E-commerce,NLP Engineer,"Power BI, AWS, TensorFlow, Keras, CUDA, Pandas",Mid,Internship,"Garciamouth, DE",149965,23-05-2025,Mid,"KDB+, Scikit-learn"
578,Carroll-Carroll,Finance,AI Researcher,"Power BI, Pandas, CUDA",Mid,Remote,"Lake Andrewbury, ZA",188157,03-12-2023,Large,TensorFlow
579,"Fisher, Davis and Kelly",Finance,ML Engineer,"Pandas, GCP, Hugging Face",Entry,Full-time,"North Kevin, VA",157522,20-10-2023,Large,"LangChain, BigQuery"
580,Hughes Ltd,Automotive,Quant Researcher,"AWS, Power BI, MLflow, Python, GCP",Entry,Internship,"East Lisa, GY",103430,11-01-2024,Large,"MLflow, LangChain, BigQuery"
581,Mcneil Ltd,Education,Data Analyst,"Pandas, R, AWS, PyTorch",Senior,Full-time,"Brandonshire, MU",95607,17-11-2024,Large,LangChain
582,"Clark, Garcia and Smith",Education,ML Engineer,"Hugging Face, Python, Pandas",Entry,Contract,"East Laurenland, UA",136434,27-12-2023,Startup,"FastAPI, Scikit-learn, PyTorch"
583,Robinson-Murphy,Automotive,AI Researcher,"Power BI, Python, GCP, C++",Mid,Full-time,"East Raymond, NR",79460,26-03-2024,Large,"Scikit-learn, FastAPI, TensorFlow"
584,"Jenkins, Shelton and Galloway",Tech,Data Analyst,"CUDA, AWS, Scikit-learn",Mid,Internship,"Port Jenniferhaven, DM",166913,26-05-2024,Mid,MLflow
585,"Oconnor, Montgomery and Figueroa",Retail,Quant Researcher,"Python, LangChain, Pandas, TensorFlow",Mid,Internship,"Lake Elizabeth, BA",97518,12-12-2023,Startup,MLflow
586,Lin-Robinson,Automotive,AI Researcher,"Hugging Face, Azure, NumPy",Senior,Full-time,"Jamesmouth, TO",174447,19-07-2025,Mid,"LangChain, Scikit-learn, MLflow"
587,"Thompson, Mosley and Mitchell",E-commerce,ML Engineer,"R, Scikit-learn, SQL, LangChain",Entry,Internship,"Lake April, UA",143745,13-02-2024,Startup,PyTorch
588,Austin-Burke,Retail,NLP Engineer,"FastAPI, SQL, Scikit-learn, NumPy, Excel, PyTorch",Senior,Remote,"South Christophermouth, PW",122910,16-05-2024,Mid,"PyTorch, BigQuery"
589,Smith-Webster,E-commerce,NLP Engineer,"Power BI, Scikit-learn, R, Python, Keras",Senior,Contract,"West Karen, DK",160519,28-02-2025,Large,"TensorFlow, KDB+, MLflow"
590,Bennett and Sons,Education,Data Scientist,"C++, Reinforcement Learning, Azure, CUDA, MLflow",Entry,Full-time,"Burnetttown, KE",83649,13-05-2024,Startup,BigQuery
591,Hess-Hobbs,Healthcare,Data Scientist,"Keras, AWS, NumPy, MLflow, TensorFlow, Flask",Mid,Contract,"Jacquelineview, MN",130611,06-02-2025,Large,"Scikit-learn, KDB+, MLflow"
592,Scott-Garcia,Tech,NLP Engineer,"Flask, Power BI, LangChain, Excel, MLflow, R",Senior,Remote,"Raymondville, SR",67021,03-03-2024,Mid,"FastAPI, TensorFlow, MLflow"
593,Scott Ltd,Automotive,Quant Researcher,"Hugging Face, MLflow, CUDA, Python, Keras, SQL",Senior,Contract,"Lake Colleenmouth, NA",174908,29-12-2024,Large,"TensorFlow, FastAPI, Scikit-learn"
594,"Wheeler, Thompson and Rivera",Finance,Computer Vision Engineer,"Pandas, MLflow, TensorFlow, Power BI",Mid,Remote,"Jacobland, BR",98020,27-04-2025,Startup,"LangChain, KDB+, BigQuery"
595,Collins LLC,Finance,ML Engineer,"R, CUDA, TensorFlow",Senior,Internship,"Ryanfort, SB",159668,26-12-2024,Large,"PyTorch, LangChain"
596,"Decker, Wilson and Daniel",Education,NLP Engineer,"Azure, Excel, Power BI, SQL",Entry,Full-time,"North Elizabeth, VU",63059,30-09-2024,Startup,"Scikit-learn, BigQuery, MLflow"
597,Erickson-Hill,Finance,ML Engineer,"LangChain, Reinforcement Learning, CUDA, R, SQL, Excel",Senior,Internship,"Aaronview, AZ",54564,13-10-2024,Mid,KDB+
598,"Harrison, Miller and Vasquez",Tech,Data Analyst,"Flask, Reinforcement Learning, Pandas, CUDA, Azure",Mid,Internship,"East Laceyville, FI",77386,21-10-2024,Large,"LangChain, Scikit-learn, FastAPI"
599,Avery-Randall,Tech,AI Researcher,"TensorFlow, Power BI, PyTorch",Mid,Internship,"Thomasborough, SR",95808,27-07-2025,Mid,BigQuery
600,Gonzalez LLC,Tech,Computer Vision Engineer,"C++, Hugging Face, PyTorch, SQL",Mid,Full-time,"Lake Kaylaport, VU",108206,26-03-2024,Large,"MLflow, LangChain, KDB+"
601,Rodriguez LLC,E-commerce,AI Researcher,"LangChain, AWS, Hugging Face, Flask, R",Entry,Full-time,"Lake Jamesberg, JM",107306,17-06-2025,Mid,"KDB+, BigQuery"
602,Diaz PLC,Retail,AI Researcher,"Python, TensorFlow, GCP, R",Senior,Full-time,"Harrismouth, TR",90615,05-08-2025,Mid,"Scikit-learn, MLflow"
603,Perez-Herman,Education,NLP Engineer,"C++, GCP, Keras, AWS, TensorFlow, LangChain",Mid,Contract,"Michaelside, NA",125660,08-12-2024,Startup,"FastAPI, KDB+"
604,Reese Inc,Automotive,AI Researcher,"Python, PyTorch, Hugging Face, CUDA, Azure, MLflow",Mid,Full-time,"Webbmouth, NA",182330,07-03-2025,Startup,"BigQuery, LangChain"
605,Yang-Ross,E-commerce,AI Product Manager,"GCP, Power BI, Azure, Python",Senior,Contract,"Andrewschester, IQ",83187,06-11-2024,Mid,"KDB+, TensorFlow, Scikit-learn"
606,"Arnold, Burns and Garcia",Retail,ML Engineer,"C++, FastAPI, Scikit-learn",Senior,Remote,"Deniseport, NE",104716,17-03-2025,Mid,"PyTorch, BigQuery, Scikit-learn"
607,Blankenship-Ferguson,Education,NLP Engineer,"FastAPI, AWS, Power BI, Flask, SQL, MLflow",Senior,Remote,"Aarontown, TO",138048,01-05-2025,Startup,"FastAPI, BigQuery"
608,"Acosta, Roy and Gutierrez",Healthcare,Quant Researcher,"Python, AWS, R, Pandas, Power BI, TensorFlow",Senior,Internship,"East Erica, GY",98152,22-06-2025,Startup,"FastAPI, Scikit-learn, LangChain"
609,"Barton, Guzman and Jones",Finance,ML Engineer,"Pandas, R, LangChain",Mid,Full-time,"East Eric, FI",107741,30-04-2025,Mid,"LangChain, PyTorch"
610,Miller-Schultz,Retail,Data Scientist,"Flask, C++, NumPy, Python, GCP",Entry,Full-time,"Beckerburgh, GA",101711,15-04-2024,Large,TensorFlow
611,Hendricks Group,Tech,ML Engineer,"Hugging Face, Flask, MLflow",Mid,Contract,"West Julie, MX",88593,20-06-2025,Startup,"BigQuery, PyTorch"
612,"Burke, Paul and Conner",Education,Data Analyst,"Excel, Reinforcement Learning, Pandas, GCP, FastAPI",Entry,Contract,"New Jerome, BA",71121,26-01-2025,Startup,LangChain
613,Glenn-Rodriguez,Finance,Data Analyst,"SQL, GCP, Scikit-learn",Senior,Internship,"Maryton, TH",133702,10-05-2024,Startup,"Scikit-learn, MLflow"
614,Schaefer-Anderson,Tech,Computer Vision Engineer,"C++, Python, GCP",Entry,Internship,"New Natalieview, SE",191409,26-05-2025,Large,"FastAPI, Scikit-learn, PyTorch"
615,"Harris, Hopkins and Miranda",Finance,Computer Vision Engineer,"NumPy, Pandas, Reinforcement Learning",Entry,Full-time,"Brooksmouth, TR",104414,19-10-2024,Startup,"PyTorch, Scikit-learn, TensorFlow"
616,Reyes LLC,Retail,AI Product Manager,"Reinforcement Learning, Python, MLflow, Flask",Mid,Remote,"West Lynnbury, BB",145050,20-08-2025,Startup,LangChain
617,"Smith, Adkins and Peterson",Retail,Computer Vision Engineer,"Scikit-learn, LangChain, MLflow, FastAPI",Entry,Full-time,"South Gregory, BO",88305,24-10-2024,Large,"KDB+, FastAPI"
618,Guerra and Sons,Tech,Data Analyst,"Azure, MLflow, Pandas, PyTorch",Mid,Contract,"North Timothy, SC",161545,17-08-2024,Large,"MLflow, PyTorch, LangChain"
619,Smith Inc,E-commerce,AI Product Manager,"AWS, Keras, Flask, R, PyTorch, Python",Senior,Full-time,"Bryanttown, ET",92566,24-02-2024,Mid,"PyTorch, FastAPI"
620,Rodriguez-Mcgrath,E-commerce,Data Scientist,"GCP, Keras, LangChain",Mid,Full-time,"Bonnieview, SN",162486,21-01-2025,Large,"KDB+, FastAPI"
621,"Mullen, Chaney and Morris",Automotive,ML Engineer,"R, Pandas, TensorFlow, Hugging Face, Python",Entry,Internship,"Simmonston, HT",149044,09-09-2024,Large,"LangChain, KDB+"
622,"Walker, Welch and Alexander",Finance,Quant Researcher,"SQL, Excel, Azure, PyTorch, Scikit-learn",Mid,Contract,"South Alyssaview, DK",146938,11-04-2024,Startup,"Scikit-learn, LangChain, TensorFlow"
623,Cochran Ltd,Education,ML Engineer,"SQL, NumPy, Python, Power BI, Scikit-learn",Senior,Contract,"Robinsonland, BR",121585,26-08-2024,Large,FastAPI
624,Wells PLC,Tech,NLP Engineer,"Pandas, CUDA, R, Python, FastAPI, SQL",Entry,Internship,"Kevinfurt, FM",153789,06-04-2025,Mid,"MLflow, LangChain, KDB+"
625,Knight PLC,Tech,Data Scientist,"LangChain, Pandas, Flask, AWS",Senior,Remote,"Woodberg, PL",124048,12-05-2024,Mid,"Scikit-learn, BigQuery"
626,Rivers-Bautista,E-commerce,Data Analyst,"Power BI, NumPy, LangChain, CUDA, Reinforcement Learning, Excel",Senior,Contract,"Port Austinport, AT",123361,30-09-2023,Large,"Scikit-learn, BigQuery"
627,"Cabrera, Schultz and Walker",E-commerce,Data Analyst,"Keras, Scikit-learn, MLflow, Python, SQL, Excel",Senior,Full-time,"Jessicaland, MX",164179,12-04-2024,Large,"TensorFlow, LangChain, MLflow"
628,"Morgan, Novak and Sullivan",Education,ML Engineer,"GCP, SQL, TensorFlow, Keras, Reinforcement Learning",Entry,Remote,"North Ashley, KI",96490,09-07-2025,Mid,"BigQuery, MLflow"
629,"Hall, Oconnell and Wilson",Automotive,AI Product Manager,"Power BI, R, C++, TensorFlow, Python",Mid,Full-time,"Careyland, MN",60308,24-09-2024,Mid,Scikit-learn
630,Harris Ltd,Automotive,Data Analyst,"PyTorch, FastAPI, MLflow, C++, Pandas, NumPy",Entry,Internship,"South Keith, UY",152302,18-07-2024,Startup,"MLflow, Scikit-learn"
631,Barajas-Wilson,Healthcare,Quant Researcher,"AWS, Pandas, FastAPI, R",Mid,Full-time,"West Christopher, AR",182145,18-07-2024,Large,"KDB+, LangChain, Scikit-learn"
632,Olsen and Sons,Finance,Quant Researcher,"Pandas, Hugging Face, LangChain, Reinforcement Learning",Senior,Full-time,"Michelleview, AE",98668,21-02-2024,Startup,"MLflow, PyTorch, Scikit-learn"
633,Adams-Bautista,Education,Data Scientist,"Excel, Power BI, Azure, NumPy, Hugging Face, LangChain",Mid,Full-time,"South Maryshire, DO",135912,24-05-2025,Mid,Scikit-learn
634,Montgomery-Bell,Healthcare,ML Engineer,"Power BI, TensorFlow, Python, Azure, C++, SQL",Mid,Contract,"Carpenterfurt, MV",155567,27-04-2025,Mid,"FastAPI, MLflow, LangChain"
635,Case PLC,Healthcare,Quant Researcher,"MLflow, PyTorch, Azure, R, Python, GCP",Mid,Internship,"Millerborough, MH",92827,24-08-2024,Large,"LangChain, KDB+, Scikit-learn"
636,Fisher LLC,Retail,Data Analyst,"Pandas, AWS, MLflow, TensorFlow",Mid,Full-time,"Jacquelineburgh, ME",138134,08-12-2024,Startup,TensorFlow
637,Morgan Group,Automotive,Data Analyst,"Keras, FastAPI, Python, Excel, AWS",Senior,Internship,"South Jameshaven, TT",131483,13-06-2025,Startup,"PyTorch, TensorFlow, Scikit-learn"
638,Weiss Inc,Education,AI Product Manager,"Power BI, MLflow, FastAPI, R, TensorFlow, NumPy",Mid,Full-time,"North John, IE",136296,29-02-2024,Startup,"TensorFlow, FastAPI, LangChain"
639,"Mendoza, Bishop and Wade",Automotive,NLP Engineer,"GCP, FastAPI, Excel",Senior,Full-time,"South Omarshire, DO",147818,07-05-2024,Mid,"MLflow, TensorFlow"
640,Stephenson and Sons,Healthcare,NLP Engineer,"AWS, C++, MLflow",Entry,Full-time,"Thomasshire, TT",165886,11-02-2025,Large,MLflow
641,Hernandez-Robles,Automotive,AI Researcher,"Keras, TensorFlow, R, Azure",Mid,Contract,"Craigside, JM",172673,31-12-2024,Mid,"BigQuery, LangChain"
642,"Carter, Gordon and Hurst",Finance,ML Engineer,"AWS, Azure, Flask, Reinforcement Learning, TensorFlow, Excel",Senior,Contract,"South Cynthia, GB",73379,12-02-2024,Startup,"FastAPI, KDB+, TensorFlow"
643,Thomas and Sons,E-commerce,NLP Engineer,"Excel, Flask, Hugging Face, TensorFlow",Entry,Contract,"Garzashire, BT",89245,21-03-2025,Mid,MLflow
644,Love LLC,Education,AI Researcher,"CUDA, TensorFlow, FastAPI, Power BI, LangChain, MLflow",Entry,Contract,"North Dianaland, GR",90330,03-06-2024,Startup,KDB+
645,Ingram-Long,Tech,ML Engineer,"R, AWS, Python, MLflow",Entry,Internship,"Johnstad, MK",114686,05-04-2024,Mid,"FastAPI, BigQuery, PyTorch"
646,"Zavala, Jones and Williams",Tech,AI Researcher,"Python, FastAPI, MLflow, LangChain",Mid,Internship,"Hallport, BE",78522,19-10-2023,Large,PyTorch
647,"Leon, May and Wilson",Education,ML Engineer,"LangChain, Python, AWS",Entry,Full-time,"Jessicamouth, MY",73193,10-10-2024,Large,"PyTorch, LangChain, KDB+"
648,Norton-Flores,E-commerce,Quant Researcher,"LangChain, R, Azure, CUDA",Entry,Contract,"Sanchezfurt, TJ",90356,19-10-2023,Startup,"Scikit-learn, BigQuery, PyTorch"
649,"Brown, Ross and Wright",Retail,Data Scientist,"Hugging Face, Scikit-learn, Excel, SQL",Entry,Full-time,"Jillfort, JM",99581,28-11-2023,Mid,TensorFlow
650,"Townsend, Jenkins and Johnson",Tech,Quant Researcher,"Reinforcement Learning, LangChain, CUDA",Senior,Internship,"West Joshuabury, KN",128117,29-04-2024,Startup,"BigQuery, Scikit-learn, FastAPI"
651,"Riddle, Hicks and Thompson",E-commerce,NLP Engineer,"Keras, C++, Azure, FastAPI, CUDA, Scikit-learn",Entry,Remote,"Lake Melissafort, DJ",150944,16-12-2023,Mid,Scikit-learn
652,"Herrera, Moore and Braun",Automotive,AI Product Manager,"CUDA, C++, Excel",Senior,Full-time,"North Kyleborough, BB",81550,15-07-2025,Mid,"BigQuery, TensorFlow, FastAPI"
653,Jones LLC,Healthcare,AI Product Manager,"R, Hugging Face, Excel, Keras",Entry,Remote,"Mariabury, GQ",182197,07-12-2024,Mid,FastAPI
654,Jones-Ortiz,Education,ML Engineer,"LangChain, TensorFlow, C++, Power BI, MLflow, AWS",Mid,Contract,"West Michaelview, MN",136828,25-02-2024,Large,"LangChain, Scikit-learn, PyTorch"
655,Howe-Gallagher,Healthcare,Computer Vision Engineer,"Python, Keras, CUDA, PyTorch, MLflow, NumPy",Mid,Remote,"Gilbertbury, DE",81691,17-07-2024,Mid,PyTorch
656,Ellis-Bailey,Tech,Quant Researcher,"C++, Power BI, Pandas",Mid,Full-time,"New Kristenburgh, VN",78435,11-06-2025,Large,BigQuery
657,Robinson Group,Education,NLP Engineer,"Scikit-learn, PyTorch, R, FastAPI, Excel, NumPy",Mid,Internship,"South Daniel, OM",57113,01-06-2025,Mid,"KDB+, BigQuery, FastAPI"
658,Goodwin-Ramirez,Education,NLP Engineer,"Hugging Face, FastAPI, C++, CUDA",Mid,Internship,"New Vanessa, JO",89076,16-11-2024,Startup,BigQuery
659,Bennett-Jackson,Healthcare,Quant Researcher,"Reinforcement Learning, TensorFlow, SQL, Flask, C++, Keras",Entry,Internship,"Whitemouth, ZM",155593,28-06-2025,Large,"LangChain, MLflow, KDB+"
660,Bean-Chavez,Finance,AI Product Manager,"Pandas, NumPy, TensorFlow, R",Entry,Internship,"Jordanside, KR",61675,13-06-2025,Large,"TensorFlow, LangChain"
661,"Goodwin, Harrison and Lopez",Education,ML Engineer,"Azure, PyTorch, R, Scikit-learn, AWS, Excel",Mid,Internship,"Davidtown, AM",120896,24-01-2025,Startup,BigQuery
662,Gardner-Li,Finance,ML Engineer,"Excel, SQL, GCP, Hugging Face, R",Entry,Internship,"Dustinberg, UZ",104724,21-12-2024,Startup,"FastAPI, LangChain"
663,Robinson-Hill,Healthcare,Computer Vision Engineer,"Excel, CUDA, GCP, Reinforcement Learning, TensorFlow",Senior,Internship,"Lake Melissahaven, TM",131497,15-01-2025,Large,KDB+
664,Moore Inc,Automotive,AI Researcher,"Keras, Hugging Face, R",Senior,Internship,"Aimeestad, KM",132588,28-03-2025,Startup,FastAPI
665,"Fisher, Miller and Duarte",Automotive,AI Researcher,"Azure, Scikit-learn, Python, AWS, LangChain, C++",Entry,Full-time,"West Cassie, MD",119475,09-11-2023,Startup,TensorFlow
666,"Clayton, Pratt and Stone",Healthcare,NLP Engineer,"PyTorch, Excel, Scikit-learn, TensorFlow",Entry,Internship,"Stephanieside, AF",119865,03-05-2025,Mid,BigQuery
667,"Jones, Spencer and Bowers",Retail,Data Scientist,"Scikit-learn, GCP, AWS, FastAPI, Excel, Pandas",Entry,Internship,"Mooreside, GB",64943,31-01-2025,Large,Scikit-learn
668,Lyons Inc,Finance,NLP Engineer,"CUDA, R, GCP",Senior,Remote,"Wangside, UZ",98472,13-11-2024,Large,"BigQuery, KDB+"
669,Robinson PLC,Education,Data Analyst,"FastAPI, C++, Azure, Reinforcement Learning, CUDA",Senior,Internship,"West Brittanyland, MW",97054,10-02-2025,Large,"PyTorch, BigQuery"
670,"Lopez, Davis and Greene",Automotive,ML Engineer,"LangChain, Azure, CUDA, GCP",Entry,Full-time,"Johnsonland, SM",115334,10-08-2024,Mid,"KDB+, LangChain, PyTorch"
671,"Williams, Romero and Goodwin",Automotive,Data Scientist,"Azure, PyTorch, Excel, R, NumPy",Entry,Remote,"Gregorybury, MM",79437,15-10-2023,Startup,"PyTorch, Scikit-learn, KDB+"
672,Martinez LLC,E-commerce,Computer Vision Engineer,"R, MLflow, AWS, Flask, C++",Senior,Internship,"Timothytown, KZ",108358,27-07-2025,Large,"TensorFlow, FastAPI"
673,Lopez-Hughes,E-commerce,Quant Researcher,"AWS, Reinforcement Learning, TensorFlow, FastAPI, SQL, Power BI",Senior,Remote,"Kentville, BT",101626,12-01-2025,Startup,"LangChain, PyTorch, BigQuery"
674,"Palmer, Moody and Wallace",Tech,NLP Engineer,"CUDA, NumPy, Power BI, Azure, C++",Entry,Internship,"South Amanda, BE",100552,30-12-2024,Startup,"PyTorch, MLflow, KDB+"
675,Lawrence PLC,Retail,Computer Vision Engineer,"SQL, Flask, FastAPI, Pandas, Power BI",Senior,Contract,"Saraview, BR",137701,12-08-2025,Mid,"FastAPI, PyTorch, MLflow"
676,Harrison-Stevenson,Education,NLP Engineer,"GCP, Excel, NumPy, Azure, R, Pandas",Mid,Internship,"Barberfurt, AD",102362,26-01-2024,Large,"MLflow, BigQuery"
677,Webb-Garcia,Retail,ML Engineer,"Python, MLflow, Reinforcement Learning, Power BI, Flask",Mid,Internship,"Andreaton, RO",165557,31-07-2025,Large,LangChain
678,Williams-Leonard,Tech,Data Scientist,"Flask, GCP, MLflow, Keras, CUDA, AWS",Mid,Internship,"Samuelside, BI",193761,25-01-2024,Large,KDB+
679,Fox Group,Automotive,AI Researcher,"TensorFlow, C++, AWS, GCP",Entry,Contract,"West Madisonchester, NP",108195,30-06-2024,Large,"BigQuery, MLflow"
680,"Taylor, Ruiz and Hernandez",Education,AI Product Manager,"Azure, LangChain, C++, NumPy, MLflow",Senior,Contract,"East Davidbury, SK",117295,15-03-2025,Large,"Scikit-learn, LangChain, TensorFlow"
681,"Taylor, Thompson and Good",Retail,Computer Vision Engineer,"Scikit-learn, C++, LangChain, CUDA, Excel, Flask",Entry,Remote,"South Patriciaport, RS",185144,08-02-2025,Startup,PyTorch
682,"Wheeler, Hall and Gonzalez",Healthcare,AI Researcher,"Excel, AWS, Flask, NumPy",Entry,Remote,"New Devinview, AG",131284,09-05-2025,Mid,LangChain
683,"Bell, Jones and Munoz",Healthcare,AI Product Manager,"FastAPI, Keras, MLflow",Mid,Full-time,"Angelastad, DE",70333,18-10-2023,Large,FastAPI
684,"Moyer, Nelson and Johnston",Healthcare,Computer Vision Engineer,"Keras, PyTorch, TensorFlow, Scikit-learn, Azure",Mid,Full-time,"Jordanport, NG",125729,09-02-2024,Large,KDB+
685,"Shepard, Anderson and Robinson",Retail,Quant Researcher,"Excel, CUDA, Reinforcement Learning",Mid,Full-time,"Lake Stacey, SE",146478,13-10-2024,Startup,"TensorFlow, LangChain, PyTorch"
686,Smith and Sons,Automotive,AI Researcher,"Hugging Face, GCP, Azure",Entry,Full-time,"Collinsland, MA",161361,10-09-2024,Mid,MLflow
687,"Mathews, Chavez and Scott",Healthcare,Quant Researcher,"LangChain, AWS, NumPy, Flask, GCP, Excel",Senior,Full-time,"Hamiltonport, WS",151997,12-01-2025,Startup,LangChain
688,Wiley LLC,Retail,AI Researcher,"SQL, NumPy, Excel, Pandas, Python",Mid,Internship,"West Manuel, RW",89252,11-07-2025,Startup,LangChain
689,"Lawrence, Smith and Powell",Tech,Data Analyst,"Reinforcement Learning, Flask, CUDA",Senior,Contract,"North Jessicamouth, BT",172015,15-01-2024,Large,BigQuery
690,"Allen, Harvey and Jordan",Retail,NLP Engineer,"C++, GCP, Pandas, MLflow, TensorFlow",Senior,Full-time,"Montoyabury, AR",96135,29-06-2025,Large,TensorFlow
691,Shaw-Knapp,Automotive,AI Product Manager,"Reinforcement Learning, C++, PyTorch, AWS, Azure",Mid,Internship,"North Williamside, FJ",67997,28-07-2024,Large,"FastAPI, LangChain, KDB+"
692,Phillips Ltd,Automotive,Computer Vision Engineer,"LangChain, PyTorch, GCP, AWS, C++, Azure",Mid,Full-time,"North Davidshire, WS",103639,16-03-2025,Startup,"TensorFlow, PyTorch"
693,Lang-Hill,Retail,Computer Vision Engineer,"Hugging Face, Flask, LangChain, TensorFlow, Pandas, FastAPI",Entry,Full-time,"Stephanieville, DE",126795,02-09-2024,Mid,"TensorFlow, BigQuery, FastAPI"
694,Hernandez LLC,Tech,Computer Vision Engineer,"PyTorch, C++, Python, TensorFlow, Power BI",Mid,Contract,"Danielberg, DZ",105225,24-03-2025,Large,"Scikit-learn, BigQuery"
695,"Bradford, Ryan and Edwards",Automotive,NLP Engineer,"FastAPI, Excel, TensorFlow",Senior,Full-time,"Port Austinfort, SZ",151434,19-01-2024,Large,"LangChain, Scikit-learn, KDB+"
696,Lang PLC,Education,Data Analyst,"Power BI, TensorFlow, Keras",Entry,Full-time,"Jaredberg, LT",186466,25-11-2023,Large,FastAPI
697,Rivas Inc,Healthcare,Data Analyst,"Pandas, TensorFlow, Keras, Python, Excel",Mid,Full-time,"West Rick, CY",156625,11-11-2024,Mid,BigQuery
698,Spencer-Watson,Automotive,NLP Engineer,"MLflow, C++, Excel",Senior,Remote,"Wilsonfurt, VU",85619,19-02-2025,Startup,FastAPI
699,"Ward, Morton and Taylor",Education,AI Product Manager,"Azure, Flask, Keras, Scikit-learn, Reinforcement Learning, GCP",Mid,Full-time,"Lisaview, GM",120475,11-06-2024,Startup,"KDB+, MLflow, Scikit-learn"
700,"Deleon, Waters and Perez",Tech,Quant Researcher,"NumPy, PyTorch, R, Flask, Python, Keras",Senior,Internship,"Lake Michael, AU",76767,18-04-2024,Startup,PyTorch
701,"Thomas, Park and Smith",Healthcare,Quant Researcher,"CUDA, Excel, Azure, NumPy",Senior,Internship,"North Shaneland, LB",137389,07-01-2024,Mid,"TensorFlow, MLflow, KDB+"
702,Wilcox PLC,Tech,Data Analyst,"NumPy, Pandas, Excel",Mid,Remote,"East Leonard, CM",185318,21-07-2024,Mid,"PyTorch, FastAPI, BigQuery"
703,Sanders-English,E-commerce,NLP Engineer,"NumPy, AWS, Reinforcement Learning, Scikit-learn, MLflow",Entry,Contract,"Jeanettefurt, SL",116557,26-12-2024,Mid,FastAPI
704,Jackson-Johnson,Education,Quant Researcher,"Flask, Keras, FastAPI, Azure, TensorFlow",Mid,Internship,"Smithton, BH",104128,25-04-2024,Mid,"PyTorch, KDB+, MLflow"
705,"Morgan, Moore and Ramirez",Automotive,Quant Researcher,"SQL, Excel, GCP, Keras, FastAPI, MLflow",Mid,Remote,"Alexanderfurt, BE",153512,16-12-2024,Startup,"KDB+, MLflow, TensorFlow"
706,Ellis PLC,Healthcare,Quant Researcher,"Hugging Face, MLflow, Reinforcement Learning",Entry,Contract,"Youngton, WS",71334,06-10-2023,Large,LangChain
707,Rojas-Mckinney,Tech,ML Engineer,"FastAPI, Reinforcement Learning, PyTorch",Senior,Contract,"East Anthony, CM",148203,13-04-2025,Startup,"Scikit-learn, TensorFlow"
708,Gilbert-Gonzalez,Tech,Quant Researcher,"CUDA, NumPy, Flask, LangChain, Power BI, Azure",Senior,Full-time,"West Anthonyfurt, CV",106786,09-02-2025,Startup,LangChain
709,Martinez-Martin,E-commerce,Data Analyst,"Power BI, Pandas, CUDA",Mid,Full-time,"Port Brian, LC",92000,14-01-2025,Large,FastAPI
710,Ayers-Davis,Education,Computer Vision Engineer,"Hugging Face, Flask, Power BI, Pandas, Excel",Senior,Full-time,"Tracyshire, SC",128559,02-11-2024,Startup,Scikit-learn
711,Mcintosh Inc,Automotive,Computer Vision Engineer,"R, PyTorch, Flask, GCP, Hugging Face",Senior,Full-time,"Jameshaven, CF",153933,27-08-2024,Mid,"MLflow, KDB+"
712,"Barnes, Cervantes and Ramos",Retail,NLP Engineer,"PyTorch, Scikit-learn, C++, Azure",Senior,Remote,"Kristinaville, LT",129082,21-12-2023,Mid,"LangChain, MLflow"
713,Harris-Flores,Automotive,Quant Researcher,"PyTorch, MLflow, Scikit-learn",Entry,Internship,"Donnaland, FJ",65242,10-04-2024,Startup,"MLflow, LangChain, PyTorch"
714,"Montgomery, Bradley and Brandt",Education,AI Researcher,"Azure, Reinforcement Learning, SQL, LangChain",Entry,Remote,"North Royborough, IR",149252,13-03-2024,Startup,"MLflow, BigQuery"
715,Wright-Ochoa,E-commerce,NLP Engineer,"R, C++, Keras",Mid,Full-time,"Williamsfort, BZ",146476,01-05-2025,Startup,"PyTorch, FastAPI, TensorFlow"
716,Sanders Group,Finance,NLP Engineer,"C++, Pandas, FastAPI, MLflow, Excel",Entry,Internship,"Port Robinchester, NG",90609,08-10-2024,Large,TensorFlow
717,Meadows Group,Retail,Data Scientist,"AWS, Flask, Keras, Hugging Face, NumPy, Scikit-learn",Senior,Internship,"Joshuamouth, TN",166579,30-10-2023,Large,LangChain
718,Thompson-Patterson,Retail,AI Researcher,"AWS, Hugging Face, GCP, Power BI, Keras",Mid,Internship,"Michaelville, BG",145067,15-09-2024,Large,"TensorFlow, PyTorch, FastAPI"
719,"Edwards, Moore and Miller",E-commerce,Data Analyst,"GCP, R, Reinforcement Learning, PyTorch, Hugging Face, Excel",Senior,Full-time,"North Justinmouth, MG",118038,30-07-2024,Startup,MLflow
720,Martinez and Sons,Tech,NLP Engineer,"PyTorch, GCP, Keras, NumPy, Flask",Entry,Full-time,"Cooperport, WS",107905,05-05-2025,Startup,"MLflow, TensorFlow"
721,Shepard-Kelly,Automotive,Data Analyst,"TensorFlow, MLflow, C++, Flask, SQL, GCP",Entry,Internship,"New Susan, FJ",168659,26-09-2024,Mid,"BigQuery, MLflow"
722,Lambert Inc,Healthcare,ML Engineer,"C++, Pandas, Flask, Hugging Face, Excel",Mid,Remote,"West Ericshire, ZA",108499,17-02-2024,Large,"MLflow, BigQuery"
723,"Blankenship, Greer and Hernandez",Education,Data Analyst,"R, CUDA, Pandas, TensorFlow, Azure, PyTorch",Senior,Contract,"Port Jessica, PG",91813,04-12-2023,Large,"KDB+, LangChain"
724,Benson LLC,Automotive,Computer Vision Engineer,"Scikit-learn, TensorFlow, PyTorch, Python",Senior,Internship,"Curtischester, MN",158501,21-06-2025,Mid,"MLflow, FastAPI"
725,Martinez-Braun,Tech,AI Researcher,"TensorFlow, GCP, Python",Mid,Full-time,"Lake Patricia, VC",82159,24-01-2024,Mid,BigQuery
726,Powell-Moreno,Retail,Data Analyst,"FastAPI, Hugging Face, R, Keras, NumPy, PyTorch",Entry,Full-time,"South Jamesstad, MV",139855,11-11-2024,Large,"BigQuery, KDB+"
727,Pitts-Fuentes,Healthcare,ML Engineer,"Keras, Scikit-learn, R, Flask, Python, FastAPI",Mid,Remote,"Matthewmouth, DK",141619,08-09-2024,Large,"KDB+, PyTorch, FastAPI"
728,Allen Ltd,Healthcare,Quant Researcher,"Azure, PyTorch, CUDA, TensorFlow, Flask",Senior,Internship,"Cruzmouth, MY",124161,20-01-2025,Mid,"PyTorch, TensorFlow"
729,"Anderson, Reyes and Perez",Automotive,NLP Engineer,"Pandas, Azure, Power BI",Mid,Remote,"Smithview, BS",85045,11-09-2025,Mid,"PyTorch, Scikit-learn, MLflow"
730,Boyd-Brooks,E-commerce,ML Engineer,"Reinforcement Learning, NumPy, LangChain, GCP",Entry,Full-time,"Gamblemouth, TH",166232,31-03-2024,Startup,"PyTorch, KDB+"
731,Hill LLC,Education,Quant Researcher,"Excel, Hugging Face, TensorFlow",Mid,Full-time,"West Mary, MZ",109311,23-06-2025,Mid,"LangChain, PyTorch"
732,Oconnor-Russell,Retail,AI Product Manager,"AWS, MLflow, CUDA, FastAPI, Keras, Reinforcement Learning",Senior,Full-time,"South Tarabury, GT",70298,22-05-2025,Large,"PyTorch, KDB+"
733,Jensen-Adams,Education,AI Product Manager,"Pandas, TensorFlow, NumPy",Entry,Remote,"New Bethburgh, IL",87973,05-01-2024,Mid,"TensorFlow, FastAPI, LangChain"
734,Smith-Coleman,E-commerce,ML Engineer,"NumPy, SQL, Flask, Power BI, GCP",Senior,Remote,"Lake Scottfort, GN",143269,22-11-2023,Startup,"Scikit-learn, MLflow, BigQuery"
735,"Rose, Johnson and Cook",Healthcare,Data Scientist,"PyTorch, AWS, Flask, Scikit-learn",Entry,Full-time,"West Mariaberg, HU",146322,16-12-2024,Mid,"BigQuery, TensorFlow"
736,Davies-Vazquez,Finance,Computer Vision Engineer,"Excel, Power BI, C++, R, Hugging Face, SQL",Entry,Remote,"Karenborough, LK",142389,25-03-2024,Startup,"FastAPI, BigQuery"
737,"Frazier, Torres and Humphrey",Finance,Computer Vision Engineer,"Python, R, Flask",Mid,Contract,"Michaelstad, HN",137609,23-06-2024,Startup,"TensorFlow, KDB+"
738,Chen and Sons,Education,Data Scientist,"PyTorch, SQL, CUDA, Excel",Mid,Full-time,"South Kristymouth, SI",121002,13-05-2024,Large,"KDB+, BigQuery"
739,"Kramer, Mccall and Simpson",Retail,ML Engineer,"Python, Excel, MLflow",Senior,Contract,"Brianfort, BD",84286,29-03-2025,Startup,"TensorFlow, LangChain"
740,Lee LLC,E-commerce,AI Product Manager,"NumPy, R, Reinforcement Learning, Pandas, AWS, SQL",Mid,Remote,"Watkinston, MM",140387,14-04-2024,Large,"MLflow, BigQuery, KDB+"
741,Bennett-Johnson,Finance,AI Researcher,"CUDA, GCP, Flask, Excel",Senior,Contract,"West Katherineview, GR",100212,14-04-2024,Startup,"BigQuery, LangChain"
742,Butler-Reese,Finance,ML Engineer,"TensorFlow, C++, Excel, LangChain, Power BI, Azure",Senior,Internship,"Port Connieville, FR",183423,28-03-2024,Large,FastAPI
743,Hernandez-Schwartz,Automotive,Computer Vision Engineer,"PyTorch, Power BI, LangChain, Keras",Senior,Contract,"South Annafort, KI",73990,17-03-2024,Startup,"LangChain, MLflow, FastAPI"
744,"Reynolds, James and Holland",Healthcare,AI Researcher,"FastAPI, Pandas, CUDA, C++, AWS, Hugging Face",Entry,Remote,"Wrightton, NL",169498,01-09-2024,Startup,"MLflow, PyTorch, TensorFlow"
745,Peterson Inc,Healthcare,AI Product Manager,"Excel, NumPy, C++, Pandas",Entry,Internship,"Michaelmouth, BH",168249,20-05-2025,Startup,"KDB+, PyTorch"
746,"Johnson, Gomez and Simpson",Retail,ML Engineer,"TensorFlow, Hugging Face, R",Mid,Remote,"Yangstad, BE",175712,13-12-2024,Mid,Scikit-learn
747,"Hughes, Hoover and Reyes",Education,Data Scientist,"GCP, SQL, NumPy, Python, Azure",Mid,Remote,"South Jason, SY",138795,04-08-2025,Startup,"MLflow, FastAPI, PyTorch"
748,Ibarra-Garcia,Finance,NLP Engineer,"Hugging Face, SQL, Azure, LangChain, AWS, NumPy",Senior,Remote,"Armstrongburgh, LR",170289,05-11-2024,Mid,"BigQuery, TensorFlow"
749,Stafford Ltd,Retail,AI Researcher,"C++, Keras, SQL, R, AWS",Senior,Contract,"Lake Andrewstad, PG",80669,21-02-2025,Mid,"KDB+, Scikit-learn"
750,Roberts-Green,Education,AI Product Manager,"Pandas, GCP, Azure, LangChain, CUDA",Mid,Full-time,"Jonesmouth, ER",145588,22-11-2024,Startup,KDB+
751,Graham-Cruz,Retail,NLP Engineer,"R, Azure, Hugging Face, C++, PyTorch, AWS",Mid,Full-time,"Port Pamela, BO",64831,09-07-2024,Mid,"PyTorch, BigQuery, TensorFlow"
752,"Hernandez, Carrillo and Garza",Retail,Computer Vision Engineer,"NumPy, Azure, PyTorch, Python, Pandas, R",Entry,Full-time,"East Glennville, MH",144662,31-08-2024,Mid,TensorFlow
753,"Kelley, Mathews and Serrano",Tech,Computer Vision Engineer,"Power BI, R, NumPy",Entry,Contract,"Whitestad, TV",165585,25-05-2025,Mid,"PyTorch, KDB+, BigQuery"
754,Norton-White,Tech,ML Engineer,"Azure, MLflow, Scikit-learn, TensorFlow",Mid,Contract,"Bishopstad, MU",146571,30-04-2025,Large,"KDB+, PyTorch, TensorFlow"
755,Leonard-Cooper,Retail,ML Engineer,"TensorFlow, LangChain, Hugging Face",Senior,Internship,"South Nicolasshire, NA",182201,28-10-2024,Large,"Scikit-learn, KDB+, FastAPI"
756,"Patel, Davis and Anderson",E-commerce,Computer Vision Engineer,"Scikit-learn, LangChain, Power BI, TensorFlow",Entry,Contract,"Port Kevin, FJ",181054,11-08-2024,Startup,FastAPI
757,"White, Valencia and Humphrey",Education,ML Engineer,"TensorFlow, CUDA, Excel, C++, Pandas",Entry,Internship,"West Lori, VA",157438,31-08-2024,Startup,"FastAPI, MLflow"
758,Taylor PLC,Automotive,Data Analyst,"GCP, Keras, Hugging Face, TensorFlow, SQL",Senior,Internship,"West Whitney, BW",179687,25-12-2023,Large,PyTorch
759,White-Hayes,Education,NLP Engineer,"LangChain, Hugging Face, NumPy",Entry,Full-time,"West William, MM",116730,29-03-2025,Mid,"KDB+, Scikit-learn"
760,Hill Inc,Healthcare,ML Engineer,"Excel, PyTorch, TensorFlow",Senior,Contract,"West Margaretland, SI",132516,16-07-2024,Large,TensorFlow
761,Mcdowell-Thompson,E-commerce,Computer Vision Engineer,"Python, LangChain, SQL, TensorFlow, Excel",Mid,Full-time,"Nathanville, GH",107029,08-08-2024,Startup,TensorFlow
762,Hampton-Brooks,Tech,AI Product Manager,"SQL, CUDA, Flask, MLflow, TensorFlow",Mid,Full-time,"North Sheryltown, IQ",128309,04-11-2024,Mid,"Scikit-learn, FastAPI, LangChain"
763,Hartman Inc,E-commerce,Data Scientist,"Excel, Azure, FastAPI, LangChain, GCP",Entry,Remote,"Shannonfort, ZM",87223,30-09-2023,Large,"Scikit-learn, LangChain, FastAPI"
764,"Gray, Gonzalez and Moore",Automotive,AI Researcher,"PyTorch, Excel, CUDA, Keras",Mid,Remote,"Susanland, JO",176202,01-04-2024,Mid,"LangChain, FastAPI"
765,Mcgee and Sons,Tech,NLP Engineer,"MLflow, AWS, CUDA, Hugging Face, FastAPI, NumPy",Mid,Internship,"Lopezville, TW",97500,04-02-2024,Mid,"FastAPI, KDB+"
766,Zimmerman-Becker,Finance,AI Product Manager,"PyTorch, Hugging Face, MLflow, R, Keras, Reinforcement Learning",Entry,Contract,"Jamiestad, KE",166301,22-09-2024,Large,"BigQuery, PyTorch, TensorFlow"
767,Bray-Hayden,Finance,ML Engineer,"Pandas, CUDA, GCP, TensorFlow",Entry,Contract,"Cruzhaven, KI",63082,22-11-2024,Startup,BigQuery
768,"Adams, Mitchell and Stanley",E-commerce,Data Analyst,"MLflow, Power BI, Pandas, SQL",Senior,Full-time,"South Marissa, CZ",64929,25-07-2025,Large,Scikit-learn
769,Cameron Group,Automotive,Quant Researcher,"PyTorch, AWS, SQL",Senior,Remote,"Franciscofort, MT",95214,27-09-2023,Mid,"FastAPI, BigQuery"
770,Crawford Ltd,Tech,Data Analyst,"Excel, NumPy, R, TensorFlow",Senior,Contract,"East Brian, UZ",130050,24-02-2024,Large,PyTorch
771,"Nunez, Reed and Dominguez",Finance,Data Analyst,"Excel, Pandas, AWS, MLflow",Senior,Full-time,"Port Stacyville, AO",89880,09-12-2023,Mid,"KDB+, MLflow, TensorFlow"
772,Martinez-Jacobs,Automotive,AI Researcher,"Keras, Flask, NumPy",Senior,Full-time,"North Josephhaven, CZ",153728,09-06-2025,Mid,"FastAPI, KDB+, MLflow"
773,Smith-Jones,Automotive,Quant Researcher,"Reinforcement Learning, Power BI, SQL, MLflow, Excel, Scikit-learn",Entry,Contract,"Ramirezville, IT",174465,12-10-2024,Startup,"Scikit-learn, MLflow"
774,Davis Inc,Tech,AI Product Manager,"SQL, AWS, Python",Mid,Contract,"Lake Reneefurt, NG",170509,09-08-2025,Startup,"Scikit-learn, BigQuery"
775,Taylor and Sons,Finance,ML Engineer,"AWS, GCP, Reinforcement Learning, Pandas, C++, NumPy",Entry,Full-time,"West Robertborough, UG",122223,30-08-2024,Mid,LangChain
776,Burns-Lewis,Tech,ML Engineer,"R, Azure, Python",Senior,Contract,"West Austinland, JO",88779,18-11-2024,Startup,"BigQuery, KDB+"
777,Khan Inc,Retail,Quant Researcher,"Scikit-learn, Reinforcement Learning, Pandas, LangChain, Python, CUDA",Senior,Full-time,"Ashleyview, KR",120019,03-06-2025,Startup,"KDB+, Scikit-learn"
778,"Hall, Golden and Randall",Healthcare,Quant Researcher,"Hugging Face, LangChain, Keras, NumPy",Mid,Full-time,"North Susanfort, CO",100569,26-09-2023,Startup,"FastAPI, KDB+"
779,Anderson Inc,Tech,AI Researcher,"NumPy, LangChain, MLflow, CUDA, TensorFlow",Mid,Contract,"East Alyssaland, SM",120101,21-01-2024,Startup,MLflow
780,Harris and Sons,E-commerce,Data Analyst,"NumPy, Python, Pandas",Entry,Internship,"Amandabury, GW",188941,26-05-2025,Mid,"PyTorch, Scikit-learn, BigQuery"
781,"Thomas, Horton and Evans",Retail,Computer Vision Engineer,"MLflow, Keras, Hugging Face, Scikit-learn, R",Mid,Contract,"Ellisonland, LI",163892,04-02-2025,Large,TensorFlow
782,Lee Group,Automotive,NLP Engineer,"MLflow, Scikit-learn, SQL",Senior,Full-time,"North Hollyport, JP",123228,23-06-2025,Startup,FastAPI
783,Coleman-Brown,Tech,Data Scientist,"TensorFlow, Reinforcement Learning, Python, AWS, Pandas, Power BI",Mid,Full-time,"South Brooketon, LT",128610,11-08-2024,Large,"TensorFlow, KDB+, Scikit-learn"
784,"Walker, Miller and Williams",Automotive,Data Analyst,"NumPy, FastAPI, PyTorch",Entry,Internship,"New Jonathanview, ME",177117,14-11-2023,Startup,"KDB+, TensorFlow, Scikit-learn"
785,Graham Group,Automotive,AI Researcher,"TensorFlow, MLflow, SQL, Flask, CUDA, C++",Mid,Full-time,"South Marcport, NI",101853,17-10-2023,Large,"KDB+, PyTorch"
786,Wilcox-Orozco,Retail,Data Scientist,"LangChain, Hugging Face, Excel, Reinforcement Learning, Python",Entry,Internship,"Stuartbury, DM",113063,25-09-2023,Large,"TensorFlow, BigQuery"
787,Fry-Sanders,Finance,Quant Researcher,"Excel, Pandas, NumPy, Azure",Mid,Internship,"Port Christinaburgh, TV",130677,16-09-2024,Mid,FastAPI
788,"Herrera, Dean and Wright",Retail,AI Researcher,"Power BI, C++, Excel, PyTorch, Pandas",Mid,Contract,"Roachchester, VU",104346,23-10-2024,Mid,"MLflow, LangChain, Scikit-learn"
789,Black Ltd,Education,ML Engineer,"LangChain, Flask, Pandas",Senior,Full-time,"Angelafurt, GN",138839,06-09-2024,Startup,BigQuery
790,Maldonado-Reyes,E-commerce,AI Product Manager,"NumPy, MLflow, TensorFlow, GCP, Reinforcement Learning, R",Mid,Internship,"Nicholasstad, NO",83890,20-11-2023,Mid,"Scikit-learn, FastAPI"
791,Jones-Jordan,Tech,ML Engineer,"Hugging Face, PyTorch, CUDA, MLflow",Senior,Contract,"Walkerport, NR",69921,01-04-2025,Large,"Scikit-learn, TensorFlow, MLflow"
792,Stafford-Fuller,E-commerce,Computer Vision Engineer,"MLflow, Pandas, GCP",Entry,Remote,"New Danielville, ZA",136502,14-08-2024,Large,"PyTorch, KDB+"
793,"Dickerson, Tate and Mason",Retail,AI Product Manager,"Python, C++, CUDA, Excel, SQL, TensorFlow",Entry,Internship,"Booneshire, FI",92981,11-09-2025,Large,"LangChain, KDB+, BigQuery"
794,Anderson-Glenn,Education,AI Researcher,"NumPy, C++, Flask, AWS, Power BI",Entry,Internship,"Jessemouth, MK",144513,19-10-2024,Startup,"MLflow, LangChain, Scikit-learn"
795,"Elliott, Campbell and Moore",Retail,Data Analyst,"AWS, Excel, NumPy, Flask, TensorFlow, Keras",Entry,Internship,"Harriston, GE",141100,02-11-2023,Startup,"Scikit-learn, BigQuery"
796,"Garcia, Murphy and Clark",Retail,Data Scientist,"Scikit-learn, NumPy, Reinforcement Learning, C++, LangChain",Mid,Contract,"Payneburgh, BS",132808,28-10-2024,Startup,"BigQuery, TensorFlow"
797,Allen-Sutton,Tech,Quant Researcher,"TensorFlow, R, Python",Senior,Internship,"South Kaitlyn, BF",117946,08-04-2024,Mid,"MLflow, KDB+"
798,"Snow, Welch and Meyer",Finance,AI Researcher,"NumPy, TensorFlow, CUDA",Entry,Remote,"South Thomasbury, NA",86461,27-11-2024,Mid,"FastAPI, LangChain, PyTorch"
799,Farley LLC,Retail,ML Engineer,"Reinforcement Learning, Flask, TensorFlow",Entry,Remote,"Garciaberg, VE",158515,11-05-2025,Large,FastAPI
800,Smith Group,Automotive,Quant Researcher,"SQL, TensorFlow, CUDA",Mid,Contract,"East Nicholas, BT",153416,11-03-2025,Large,MLflow
801,Suarez Group,Education,NLP Engineer,"Flask, C++, LangChain, AWS, Keras, GCP",Mid,Contract,"Coxland, CV",110417,15-03-2025,Startup,"FastAPI, LangChain"
802,"Haas, Bryant and Scott",Automotive,Data Analyst,"Reinforcement Learning, C++, MLflow",Mid,Remote,"Connorport, BI",163076,06-01-2024,Large,"FastAPI, LangChain"
803,Hernandez-Rodriguez,Retail,Data Scientist,"GCP, C++, CUDA, LangChain",Entry,Full-time,"Jesseshire, GY",110313,14-06-2025,Large,"TensorFlow, FastAPI"
804,"Robbins, Hall and Barnett",Automotive,Computer Vision Engineer,"Keras, R, CUDA, NumPy",Entry,Internship,"Lake Sarabury, JO",131742,16-11-2023,Large,"Scikit-learn, TensorFlow"
805,Johnson-Kelly,Healthcare,AI Researcher,"NumPy, Reinforcement Learning, FastAPI, GCP, AWS",Entry,Internship,"Lake Vickibury, MG",82998,04-03-2025,Mid,TensorFlow
806,"Cardenas, Kemp and Roberts",Tech,Computer Vision Engineer,"R, Pandas, Flask",Mid,Contract,"Lake Moniquemouth, PL",108050,08-11-2023,Large,FastAPI
807,Henry-Mason,Automotive,Computer Vision Engineer,"SQL, GCP, Reinforcement Learning, Python, Power BI, R",Mid,Full-time,"Bentonhaven, KR",119102,23-04-2025,Large,MLflow
808,Miller PLC,Healthcare,NLP Engineer,"TensorFlow, Reinforcement Learning, Python, C++, CUDA",Entry,Remote,"Lake Jamestown, MU",108785,19-04-2024,Mid,"PyTorch, TensorFlow, Scikit-learn"
809,Hopkins-Smith,Retail,ML Engineer,"PyTorch, Azure, GCP, Python, AWS, Power BI",Senior,Full-time,"Pricefurt, ZW",69174,07-02-2025,Startup,BigQuery
810,Miller-Riley,Automotive,AI Product Manager,"Keras, Reinforcement Learning, MLflow",Entry,Full-time,"Smithstad, NG",62950,02-06-2025,Mid,KDB+
811,Bauer Group,E-commerce,ML Engineer,"PyTorch, Keras, R, Excel",Entry,Remote,"Hortonbury, BR",137119,07-11-2024,Mid,"MLflow, PyTorch"
812,Downs-Griffin,Tech,Quant Researcher,"Excel, C++, Hugging Face, R",Senior,Full-time,"Austinport, PL",115568,23-10-2023,Startup,"TensorFlow, MLflow, Scikit-learn"
813,"Hunt, Ortiz and Erickson",E-commerce,AI Product Manager,"LangChain, Azure, Python",Senior,Internship,"Lake Laurenville, IS",84490,08-09-2024,Startup,"KDB+, PyTorch, FastAPI"
814,"Sanchez, Jackson and Fernandez",Tech,Computer Vision Engineer,"SQL, FastAPI, Excel, Keras",Entry,Internship,"Lake Antonio, TR",92877,30-05-2024,Startup,"Scikit-learn, MLflow"
815,Ward LLC,Automotive,Quant Researcher,"Keras, C++, Pandas, CUDA, LangChain",Senior,Remote,"North Shawnside, BT",86563,03-02-2024,Large,"FastAPI, KDB+, Scikit-learn"
816,"James, Pearson and Roth",Healthcare,Computer Vision Engineer,"Flask, TensorFlow, SQL, Pandas",Mid,Internship,"Bentleyville, FI",99005,20-01-2024,Large,"BigQuery, FastAPI, LangChain"
817,Woodard Inc,Retail,AI Product Manager,"Pandas, NumPy, Excel",Mid,Internship,"Mcphersonbury, SM",84089,18-03-2024,Mid,TensorFlow
818,Perry-Mcmahon,Finance,ML Engineer,"SQL, Power BI, Reinforcement Learning, Keras",Mid,Contract,"Knightville, CR",109995,13-10-2024,Large,"Scikit-learn, TensorFlow, FastAPI"
819,"Galloway, Jordan and Cox",Retail,AI Researcher,"MLflow, SQL, Excel",Mid,Contract,"North Tina, NG",159377,23-04-2024,Mid,"FastAPI, LangChain, TensorFlow"
820,Jensen-Harris,Retail,Data Analyst,"Excel, GCP, Reinforcement Learning, Hugging Face, CUDA, Python",Entry,Remote,"South Patriciaburgh, TT",173403,09-04-2025,Startup,"Scikit-learn, KDB+"
821,Hurley Ltd,E-commerce,Data Analyst,"Power BI, MLflow, Reinforcement Learning",Entry,Full-time,"West Timothystad, ZM",160896,11-01-2025,Large,"KDB+, PyTorch"
822,Waters Group,Retail,ML Engineer,"R, Pandas, NumPy",Senior,Full-time,"Port Ryan, GM",101942,17-11-2023,Large,TensorFlow
823,Curry PLC,Finance,Quant Researcher,"NumPy, Excel, Reinforcement Learning, Python, SQL",Entry,Remote,"Port Rebeccahaven, MN",150173,04-05-2025,Large,KDB+
824,Reynolds-Castillo,Healthcare,AI Researcher,"NumPy, Flask, C++",Entry,Contract,"Josephfort, KN",133986,02-08-2024,Large,PyTorch
825,"Gordon, Rose and Byrd",Retail,AI Researcher,"MLflow, Power BI, Keras, Flask, CUDA",Mid,Full-time,"South Alexis, CV",98759,10-04-2024,Mid,"Scikit-learn, KDB+, BigQuery"
826,"Andersen, Rose and Scott",Healthcare,AI Product Manager,"Scikit-learn, TensorFlow, Excel, CUDA",Mid,Contract,"Port Justinfort, NR",103470,20-11-2023,Startup,"MLflow, PyTorch, FastAPI"
827,Ross Group,E-commerce,AI Product Manager,"LangChain, NumPy, C++",Entry,Contract,"South Joelport, AU",142498,14-04-2024,Startup,"PyTorch, TensorFlow, KDB+"
828,"Myers, Bradley and Gilmore",Finance,NLP Engineer,"GCP, CUDA, NumPy, Azure",Mid,Remote,"Charlesside, MH",81118,12-06-2024,Startup,PyTorch
829,Mack and Sons,Automotive,AI Researcher,"Reinforcement Learning, NumPy, Power BI",Senior,Internship,"North Jayberg, PY",66404,25-01-2025,Mid,"MLflow, BigQuery"
830,Bartlett PLC,Education,Computer Vision Engineer,"FastAPI, NumPy, Excel, Flask",Mid,Remote,"West Bailey, BE",147594,28-09-2023,Mid,"PyTorch, Scikit-learn, TensorFlow"
831,Thompson LLC,Education,Data Scientist,"FastAPI, NumPy, Reinforcement Learning, Pandas, R",Mid,Remote,"Hortonmouth, MX",137571,06-12-2024,Large,"TensorFlow, FastAPI"
832,"Crawford, Schmidt and Gonzalez",Retail,AI Product Manager,"LangChain, PyTorch, Scikit-learn, NumPy, SQL, Flask",Entry,Internship,"Whitneyport, TN",170693,05-10-2023,Startup,"Scikit-learn, KDB+"
833,"Watson, Richardson and Baker",Retail,AI Researcher,"Keras, Scikit-learn, Pandas",Mid,Remote,"Hamiltonville, VE",80594,11-10-2024,Mid,"BigQuery, PyTorch, MLflow"
834,"Ruiz, Johnson and Christensen",E-commerce,ML Engineer,"Pandas, LangChain, AWS, Hugging Face",Entry,Contract,"Port Shane, ML",154211,09-08-2024,Mid,LangChain
835,Hernandez Ltd,Education,Data Scientist,"Azure, CUDA, GCP, TensorFlow, C++",Mid,Internship,"Chavezchester, CU",111538,15-09-2024,Large,"FastAPI, PyTorch, BigQuery"
836,"Richmond, Jones and Reilly",Education,ML Engineer,"Python, Excel, Azure, PyTorch",Senior,Full-time,"Royborough, AG",151427,03-08-2025,Large,KDB+
837,Martinez Inc,Finance,AI Researcher,"GCP, Flask, PyTorch",Senior,Remote,"Port Timothy, NA",123302,07-02-2025,Startup,"PyTorch, KDB+"
838,Fisher Group,Retail,AI Product Manager,"SQL, Hugging Face, R, Python, Azure, LangChain",Mid,Remote,"Richardsonburgh, TH",169571,09-02-2025,Mid,KDB+
839,"Jones, Crawford and Kelly",Tech,Data Scientist,"MLflow, Azure, Hugging Face",Entry,Internship,"East Ashleychester, NO",123411,30-04-2025,Startup,"MLflow, LangChain, BigQuery"
840,"Boyd, Howard and Morgan",E-commerce,Quant Researcher,"Power BI, Hugging Face, Flask, Keras, Reinforcement Learning, SQL",Entry,Internship,"Lake Sarahfort, MX",107475,31-08-2025,Mid,BigQuery
841,Wood Inc,Retail,Data Scientist,"Hugging Face, Scikit-learn, LangChain, TensorFlow, Excel",Mid,Remote,"Brownberg, AL",104835,12-08-2024,Large,Scikit-learn
842,"Jackson, Yang and Freeman",Automotive,Data Scientist,"Python, Keras, PyTorch, Reinforcement Learning, SQL, R",Entry,Internship,"East Wendyville, NR",164119,01-12-2024,Large,TensorFlow
843,Martin PLC,Finance,NLP Engineer,"C++, MLflow, Reinforcement Learning, TensorFlow, GCP, Flask",Senior,Internship,"Lewisville, KP",139168,08-08-2025,Startup,"BigQuery, MLflow, Scikit-learn"
844,"Burns, Suarez and Morrison",Tech,Data Scientist,"SQL, Flask, LangChain, Excel, Python",Senior,Contract,"West Kyle, FM",70944,18-03-2024,Startup,"Scikit-learn, LangChain, KDB+"
845,"Russo, Sharp and Bailey",Tech,ML Engineer,"MLflow, Python, R, AWS, Hugging Face, Scikit-learn",Senior,Remote,"Port Bryanview, GE",163599,23-08-2024,Large,"KDB+, BigQuery, Scikit-learn"
846,"Estrada, Smith and Baldwin",E-commerce,AI Researcher,"Excel, AWS, PyTorch, GCP, NumPy, Reinforcement Learning",Senior,Contract,"Robertshire, NE",129517,27-07-2025,Mid,"FastAPI, MLflow, KDB+"
847,"Gregory, Nelson and Smith",Healthcare,Quant Researcher,"GCP, NumPy, Hugging Face",Entry,Full-time,"Ronaldland, AD",72247,18-07-2024,Large,"Scikit-learn, LangChain"
848,Houston-Miller,Retail,AI Product Manager,"NumPy, Azure, AWS, Keras, R",Entry,Remote,"East Michaelberg, BY",107687,17-12-2024,Mid,"LangChain, BigQuery, MLflow"
849,"Smith, Wallace and Garza",Retail,Computer Vision Engineer,"LangChain, PyTorch, AWS, Power BI, R",Mid,Contract,"Andersonberg, GD",173927,25-02-2025,Startup,MLflow
850,Ford Inc,Finance,AI Researcher,"C++, FastAPI, Power BI, SQL, AWS, Reinforcement Learning",Senior,Full-time,"Petersonburgh, DZ",134552,01-09-2025,Mid,FastAPI
851,"Meadows, Wilkinson and Palmer",Retail,Data Analyst,"Keras, SQL, TensorFlow",Entry,Internship,"Rhondafurt, IQ",94325,04-04-2025,Startup,"BigQuery, TensorFlow"
852,Hess and Sons,Healthcare,AI Researcher,"NumPy, Excel, TensorFlow",Senior,Contract,"Lake Jameston, GR",131509,21-03-2025,Mid,LangChain
853,Grimes-Sullivan,Healthcare,NLP Engineer,"SQL, NumPy, Keras",Mid,Internship,"Beckerberg, MA",69366,08-05-2025,Large,"Scikit-learn, FastAPI, LangChain"
854,"Weeks, Williams and Smith",Finance,NLP Engineer,"Keras, Pandas, MLflow",Mid,Contract,"North Kevinshire, RU",90127,21-04-2025,Startup,"FastAPI, KDB+"
855,Mcguire-Hayes,Tech,Data Scientist,"Keras, Flask, Scikit-learn, Reinforcement Learning, Power BI, AWS",Senior,Full-time,"Jenniferborough, CD",107413,06-04-2024,Mid,"MLflow, Scikit-learn, BigQuery"
856,"Williams, Adams and Dominguez",Retail,Data Scientist,"SQL, CUDA, Flask",Entry,Full-time,"West Cathy, NO",160072,21-05-2024,Mid,"Scikit-learn, BigQuery, MLflow"
857,Buchanan-James,Education,AI Product Manager,"Flask, Scikit-learn, GCP, TensorFlow, NumPy",Entry,Full-time,"Lake Jacobport, SY",92606,09-11-2023,Startup,KDB+
858,Hall-Wilcox,Education,ML Engineer,"Reinforcement Learning, FastAPI, R, Azure, PyTorch, Scikit-learn",Entry,Internship,"Jasontown, TV",155667,18-11-2024,Mid,"BigQuery, PyTorch, FastAPI"
859,"Brown, Gallagher and Scott",Healthcare,Data Analyst,"Excel, TensorFlow, SQL, Power BI, LangChain, Scikit-learn",Entry,Contract,"Powersfort, BB",133843,11-01-2025,Large,"BigQuery, PyTorch, KDB+"
860,Miller-Cole,Retail,ML Engineer,"CUDA, C++, Azure, FastAPI, PyTorch",Entry,Contract,"Mirandatown, GR",93382,21-08-2024,Large,"BigQuery, MLflow, TensorFlow"
861,Fox Ltd,Automotive,Computer Vision Engineer,"Python, GCP, NumPy",Entry,Internship,"Whiteton, BS",133841,22-10-2023,Startup,"MLflow, Scikit-learn"
862,Odonnell Group,Retail,NLP Engineer,"C++, Excel, NumPy, Pandas, TensorFlow",Entry,Full-time,"Kaylaport, LC",115690,03-12-2024,Large,"LangChain, PyTorch, MLflow"
863,Schultz Inc,Automotive,Data Analyst,"SQL, C++, Flask, Scikit-learn, Power BI, R",Senior,Remote,"Rileyville, QA",123939,16-08-2024,Startup,LangChain
864,"Robinson, Espinoza and Garcia",Finance,Data Scientist,"NumPy, Python, PyTorch, C++, AWS",Senior,Remote,"New Robyn, YE",64477,09-05-2024,Mid,"Scikit-learn, BigQuery, KDB+"
865,"Henson, Sawyer and Gordon",Retail,Computer Vision Engineer,"NumPy, R, AWS, TensorFlow",Mid,Internship,"Brownmouth, ME",139141,30-12-2023,Large,"LangChain, KDB+, PyTorch"
866,Rodriguez-Morales,Finance,AI Product Manager,"FastAPI, MLflow, Flask",Senior,Contract,"Wandamouth, MY",116864,22-03-2025,Startup,"PyTorch, KDB+"
867,"Munoz, Parker and Marsh",E-commerce,ML Engineer,"NumPy, FastAPI, LangChain, Python",Entry,Remote,"Nicoleside, CD",135399,11-03-2025,Large,"LangChain, Scikit-learn, MLflow"
868,Collins Ltd,Automotive,NLP Engineer,"Excel, AWS, SQL, CUDA",Entry,Remote,"Kennedymouth, MG",126599,19-03-2024,Mid,"MLflow, FastAPI"
869,Sanchez-Camacho,Finance,NLP Engineer,"Azure, NumPy, Pandas, MLflow",Senior,Contract,"Port Michael, CH",102031,12-03-2025,Mid,Scikit-learn
870,Paul-Ellis,Education,Computer Vision Engineer,"R, SQL, C++, FastAPI",Entry,Internship,"Ayalaland, VA",114118,05-08-2025,Mid,"LangChain, TensorFlow"
871,Church LLC,Automotive,AI Researcher,"Pandas, GCP, CUDA, NumPy, AWS",Mid,Remote,"Melissaburgh, AL",100566,01-01-2024,Large,PyTorch
872,"Holt, Carlson and Shaffer",Finance,NLP Engineer,"AWS, SQL, GCP, NumPy, CUDA, Azure",Entry,Full-time,"New Anthonyport, SC",190426,05-01-2024,Large,"TensorFlow, FastAPI"
873,Wells and Sons,Finance,Data Analyst,"Power BI, MLflow, Python, PyTorch, Scikit-learn",Entry,Full-time,"South Jillside, CG",119571,19-12-2024,Startup,KDB+
874,Gomez-Anderson,Education,Data Analyst,"Power BI, Scikit-learn, R",Mid,Internship,"New Jennifer, ZW",170132,20-05-2025,Large,"LangChain, Scikit-learn, PyTorch"
875,Robinson Group,E-commerce,ML Engineer,"Keras, MLflow, AWS, SQL, Excel",Senior,Contract,"Port Haleyport, KE",93431,04-09-2025,Startup,FastAPI
876,Klein-Ramirez,Healthcare,ML Engineer,"CUDA, Excel, C++",Senior,Internship,"Davishaven, MW",107877,06-09-2025,Startup,"KDB+, FastAPI"
877,Obrien-Kelley,E-commerce,Quant Researcher,"LangChain, R, Keras, Python, TensorFlow, Excel",Mid,Full-time,"East Katiemouth, SA",154022,23-06-2024,Mid,LangChain
878,Hernandez LLC,Automotive,Quant Researcher,"TensorFlow, Reinforcement Learning, LangChain",Entry,Remote,"Sherrimouth, GA",111165,06-04-2025,Large,FastAPI
879,Bryan Inc,Tech,Data Scientist,"Azure, Flask, Scikit-learn, Keras, NumPy, FastAPI",Entry,Contract,"Nguyenmouth, SK",166314,10-08-2025,Mid,"MLflow, Scikit-learn"
880,Anderson PLC,E-commerce,AI Product Manager,"Flask, LangChain, Power BI, Azure",Mid,Full-time,"Lake Davidfort, BD",94436,29-06-2024,Large,"KDB+, LangChain"
881,Evans Group,Finance,NLP Engineer,"FastAPI, Hugging Face, Pandas, LangChain",Senior,Internship,"Kylieside, MM",147868,19-02-2024,Startup,Scikit-learn
882,Garcia Inc,E-commerce,Data Scientist,"NumPy, Pandas, CUDA, AWS",Mid,Contract,"West Sonya, GN",75497,20-03-2025,Startup,BigQuery
883,Bennett Inc,Finance,Quant Researcher,"Azure, LangChain, GCP, AWS, Flask",Senior,Contract,"Wrightville, IT",188179,25-05-2024,Large,MLflow
884,Brown-Jones,Tech,ML Engineer,"Keras, SQL, Reinforcement Learning, Scikit-learn, GCP",Entry,Remote,"Johnsonside, BG",135886,21-02-2025,Large,LangChain
885,"Irwin, Flores and Fowler",Retail,ML Engineer,"MLflow, NumPy, Flask, FastAPI, Hugging Face, PyTorch",Senior,Contract,"North Virginia, UZ",162662,14-02-2025,Startup,"Scikit-learn, LangChain, BigQuery"
886,"Olsen, Turner and Carpenter",Tech,Quant Researcher,"Excel, R, Hugging Face",Senior,Full-time,"East Michael, CH",120627,10-02-2024,Mid,Scikit-learn
887,Gray-Simmons,Automotive,AI Researcher,"NumPy, PyTorch, C++, R, Azure",Entry,Contract,"South Mark, MK",160403,02-02-2024,Large,"BigQuery, PyTorch"
888,Garcia-Obrien,Retail,AI Researcher,"Excel, Keras, GCP, FastAPI, Pandas, NumPy",Mid,Internship,"Kimberlychester, BI",78743,08-06-2025,Startup,"BigQuery, Scikit-learn"
889,Travis-Murphy,Finance,Computer Vision Engineer,"NumPy, Hugging Face, Python",Entry,Full-time,"North Dennisview, CU",112013,20-06-2025,Mid,"MLflow, Scikit-learn"
890,Perez Inc,Healthcare,NLP Engineer,"Azure, GCP, Hugging Face",Entry,Full-time,"Nicolastown, SG",131722,12-10-2023,Mid,LangChain
891,Owen-Lopez,Automotive,Data Scientist,"Python, FastAPI, Pandas, LangChain, Hugging Face, Power BI",Mid,Internship,"Walkerton, UG",79422,22-04-2025,Startup,FastAPI
892,"Ashley, Owens and Garcia",E-commerce,ML Engineer,"FastAPI, LangChain, Hugging Face, AWS, Keras",Entry,Remote,"Lake Davidport, PG",87396,12-06-2025,Large,BigQuery
893,Miranda Group,Retail,NLP Engineer,"Excel, R, NumPy, SQL",Entry,Remote,"Lake Sarahmouth, BI",117604,05-01-2025,Startup,Scikit-learn
894,Carter Inc,E-commerce,Quant Researcher,"NumPy, PyTorch, Excel, Python, Scikit-learn",Entry,Internship,"Rosemouth, LU",93869,13-01-2025,Startup,"MLflow, TensorFlow, PyTorch"
895,Norton Ltd,Automotive,Computer Vision Engineer,"SQL, AWS, PyTorch, Scikit-learn",Mid,Remote,"Crystaltown, TL",85886,21-04-2025,Startup,"KDB+, LangChain, BigQuery"
896,Hernandez-Guerrero,Tech,AI Researcher,"AWS, Flask, NumPy",Senior,Contract,"Joshuamouth, GQ",173848,08-04-2025,Mid,Scikit-learn
897,"Harris, Braun and Patton",Tech,Quant Researcher,"FastAPI, PyTorch, SQL, Reinforcement Learning, Power BI, TensorFlow",Senior,Internship,"Port Stacyberg, MC",141053,04-03-2024,Mid,"BigQuery, KDB+, TensorFlow"
898,Tate-Snow,Healthcare,Quant Researcher,"TensorFlow, FastAPI, SQL, Keras",Senior,Internship,"Port Katieborough, TD",179275,12-04-2024,Mid,KDB+
899,Conner-Jones,Finance,Quant Researcher,"LangChain, Reinforcement Learning, SQL, Flask",Entry,Remote,"Jasonmouth, MX",159799,14-08-2025,Startup,"FastAPI, Scikit-learn"
900,Douglas-Ferguson,Retail,NLP Engineer,"Python, MLflow, CUDA, Excel, C++",Entry,Full-time,"Phillipsville, MN",159087,03-07-2025,Large,"FastAPI, BigQuery"
901,"Garcia, Moore and Fox",Automotive,Data Scientist,"Azure, FastAPI, Keras, SQL",Mid,Contract,"Craigmouth, VN",139896,28-07-2024,Startup,"TensorFlow, MLflow"
902,Cooper-Bruce,E-commerce,AI Product Manager,"Hugging Face, SQL, MLflow, Scikit-learn, Power BI",Entry,Contract,"Andrewborough, MW",100804,24-07-2024,Startup,BigQuery
903,Mcintyre-Wagner,Retail,ML Engineer,"Flask, Power BI, GCP, FastAPI, Hugging Face, AWS",Entry,Contract,"West Karamouth, CY",132178,02-02-2025,Large,"Scikit-learn, FastAPI, LangChain"
904,Jones-George,Tech,ML Engineer,"PyTorch, TensorFlow, FastAPI, C++, SQL, GCP",Senior,Remote,"South Kayla, ME",166286,14-06-2024,Mid,Scikit-learn
905,Tapia Group,Retail,Data Analyst,"Flask, R, TensorFlow, Hugging Face, PyTorch",Entry,Remote,"West Stuart, AU",145302,08-08-2025,Large,"LangChain, BigQuery, KDB+"
906,Carpenter Group,Healthcare,Quant Researcher,"MLflow, CUDA, GCP",Mid,Internship,"Gonzalezville, HR",101987,11-12-2023,Large,"LangChain, PyTorch, MLflow"
907,Deleon-Lyons,E-commerce,NLP Engineer,"LangChain, Power BI, PyTorch, Pandas",Entry,Contract,"Josefurt, TO",110120,20-10-2024,Startup,PyTorch
908,Petersen-Fuentes,Retail,AI Product Manager,"CUDA, LangChain, PyTorch",Senior,Internship,"West Curtiston, AF",132804,28-11-2024,Large,MLflow
909,Bryant PLC,E-commerce,Computer Vision Engineer,"TensorFlow, CUDA, Pandas, Hugging Face, PyTorch, MLflow",Senior,Internship,"Austinville, MR",147761,21-10-2023,Large,KDB+
910,"Long, Harrington and Bryant",Finance,NLP Engineer,"GCP, Pandas, R, Excel, Azure, PyTorch",Mid,Internship,"Lake Megan, MN",133436,03-10-2023,Startup,"PyTorch, FastAPI, LangChain"
911,Vaughn and Sons,E-commerce,Data Scientist,"GCP, CUDA, NumPy",Senior,Contract,"South Samanthabury, AR",153000,10-11-2023,Startup,"LangChain, Scikit-learn"
912,"Johnson, Yates and Lee",Tech,ML Engineer,"LangChain, Excel, Hugging Face",Senior,Internship,"Maryview, MW",84021,29-08-2024,Large,KDB+
913,Esparza-Chen,Education,AI Product Manager,"AWS, Excel, Keras, Scikit-learn",Senior,Contract,"Robertsport, SC",67704,01-09-2025,Mid,TensorFlow
914,Hall-Lynn,Retail,ML Engineer,"Flask, MLflow, NumPy, Scikit-learn, CUDA",Entry,Remote,"New Kimberlyland, ZA",71814,10-07-2025,Mid,BigQuery
915,Gutierrez-Flores,Automotive,ML Engineer,"NumPy, Keras, AWS, Python, LangChain, MLflow",Mid,Contract,"Crawfordtown, PY",159929,22-10-2023,Mid,"BigQuery, LangChain, Scikit-learn"
916,Stanley-Stone,E-commerce,AI Researcher,"Flask, LangChain, MLflow",Entry,Remote,"Silvafort, MZ",55611,27-02-2024,Large,"LangChain, MLflow"
917,"Jones, Allen and Horton",Finance,AI Researcher,"TensorFlow, Pandas, Keras, R",Entry,Full-time,"New Stevenfurt, JO",173148,10-12-2023,Startup,PyTorch
918,White-Everett,Education,Quant Researcher,"LangChain, Keras, SQL, FastAPI, Azure",Entry,Internship,"Tracyborough, EG",54885,12-12-2023,Startup,FastAPI
919,Mayo-Mullins,Automotive,AI Product Manager,"SQL, Pandas, FastAPI, C++, Keras, Python",Senior,Internship,"Lake Michaelberg, VC",54915,05-05-2024,Startup,"MLflow, Scikit-learn, LangChain"
920,Wiggins and Sons,Healthcare,Computer Vision Engineer,"LangChain, Power BI, MLflow",Mid,Full-time,"Yvettefort, AT",140742,05-07-2025,Startup,"LangChain, BigQuery"
921,"Larson, Vasquez and Bishop",Finance,AI Product Manager,"AWS, LangChain, FastAPI, C++, Python, CUDA",Entry,Full-time,"East Lorifort, JO",172099,22-10-2024,Startup,"PyTorch, TensorFlow, LangChain"
922,Carter-Pittman,E-commerce,Data Scientist,"PyTorch, C++, CUDA, MLflow, R, NumPy",Senior,Contract,"Baileyburgh, MG",142204,20-05-2025,Large,"MLflow, FastAPI"
923,Holmes-Sloan,Retail,ML Engineer,"Scikit-learn, Keras, Excel, PyTorch",Entry,Full-time,"Port Carmen, SB",82400,04-04-2025,Startup,"KDB+, BigQuery"
924,"Stevens, Smith and Mendez",Retail,AI Product Manager,"Azure, Power BI, GCP, LangChain",Entry,Internship,"Perkinstown, TN",98894,20-04-2024,Large,"TensorFlow, LangChain, PyTorch"
925,Pope Inc,Education,NLP Engineer,"Reinforcement Learning, TensorFlow, Pandas, FastAPI",Senior,Full-time,"Pattonton, KZ",100079,28-01-2024,Mid,"Scikit-learn, BigQuery, FastAPI"
926,"Davis, Brown and Burke",E-commerce,Computer Vision Engineer,"Excel, Scikit-learn, GCP",Entry,Contract,"South Nathanielville, PG",139992,23-12-2023,Large,BigQuery
927,Evans-Scott,Retail,Computer Vision Engineer,"MLflow, Pandas, Scikit-learn, AWS, Flask, FastAPI",Senior,Full-time,"Pearsonberg, TN",122933,06-01-2024,Mid,LangChain
928,Owen Ltd,Finance,Data Analyst,"AWS, FastAPI, R, C++, Python, Reinforcement Learning",Senior,Full-time,"Sherriside, SN",118949,05-06-2024,Mid,"LangChain, MLflow"
929,"Lynn, Davenport and Gonzales",E-commerce,Data Analyst,"NumPy, Scikit-learn, FastAPI, Power BI, Pandas",Entry,Remote,"South Ryan, IQ",185233,08-05-2024,Mid,PyTorch
930,Colon Ltd,Retail,ML Engineer,"Keras, C++, LangChain, AWS, Python, GCP",Mid,Internship,"Angelamouth, IQ",109410,03-10-2023,Large,KDB+
931,Barnett-Boyer,Finance,Data Scientist,"Hugging Face, Pandas, Reinforcement Learning, C++, FastAPI",Entry,Full-time,"Lake Michelle, MW",89951,02-06-2025,Startup,"LangChain, MLflow, Scikit-learn"
932,Sanchez Inc,Tech,AI Product Manager,"LangChain, AWS, Reinforcement Learning, Hugging Face, FastAPI",Entry,Full-time,"Trevorhaven, BZ",179146,26-09-2024,Large,"PyTorch, Scikit-learn"
933,"Anderson, Ortiz and Stanley",E-commerce,Data Analyst,"Azure, AWS, Reinforcement Learning",Senior,Remote,"Lake Andre, EG",165785,01-09-2024,Mid,FastAPI
934,Parker PLC,Finance,NLP Engineer,"MLflow, Pandas, Keras",Mid,Internship,"North Laurenmouth, MM",102866,18-07-2024,Large,PyTorch
935,Hernandez-Taylor,Automotive,Computer Vision Engineer,"PyTorch, CUDA, Azure, Pandas, Flask",Senior,Internship,"Shortburgh, CR",151786,14-03-2025,Large,BigQuery
936,Cantu and Sons,Retail,Quant Researcher,"TensorFlow, FastAPI, Excel, GCP",Senior,Remote,"West Mary, TJ",133597,31-01-2025,Startup,"Scikit-learn, TensorFlow, KDB+"
937,"Harrington, Clark and Carter",E-commerce,Computer Vision Engineer,"Azure, R, MLflow, TensorFlow",Entry,Contract,"Warrenbury, WS",110872,24-01-2024,Large,PyTorch
938,"Hernandez, Myers and Ward",Finance,NLP Engineer,"NumPy, LangChain, FastAPI, Reinforcement Learning, Flask",Mid,Full-time,"Danielville, NE",84044,15-06-2025,Startup,"BigQuery, KDB+, FastAPI"
939,Price-Kelley,Healthcare,Quant Researcher,"MLflow, PyTorch, NumPy, TensorFlow",Mid,Remote,"Thomasfort, HN",72275,11-10-2023,Large,"MLflow, TensorFlow"
940,Lopez Group,Tech,NLP Engineer,"NumPy, TensorFlow, Keras, MLflow, CUDA, C++",Senior,Internship,"West Toddmouth, VA",138587,04-05-2025,Large,"LangChain, BigQuery, KDB+"
941,Kidd LLC,Retail,AI Product Manager,"CUDA, PyTorch, Reinforcement Learning, NumPy, AWS",Senior,Contract,"Jillport, US",107459,02-11-2024,Large,"TensorFlow, Scikit-learn"
942,"Williams, Poole and Anderson",Healthcare,Quant Researcher,"Power BI, Azure, Reinforcement Learning, R",Senior,Internship,"North Paige, BS",134477,09-09-2024,Mid,"MLflow, KDB+, FastAPI"
943,Mcdowell-Davis,E-commerce,Computer Vision Engineer,"Python, Reinforcement Learning, PyTorch, TensorFlow, Pandas, Power BI",Mid,Remote,"Lake Aliciaberg, MC",71957,06-11-2023,Large,Scikit-learn
944,"Pineda, Williams and George",E-commerce,AI Researcher,"FastAPI, TensorFlow, Reinforcement Learning, Power BI, C++",Entry,Internship,"Port Richard, KE",59811,08-02-2025,Mid,"TensorFlow, FastAPI"
945,Peck-Olson,Education,AI Product Manager,"C++, Power BI, LangChain, Azure, Pandas, TensorFlow",Mid,Full-time,"Johnsonport, IE",129441,03-11-2024,Large,"MLflow, BigQuery, PyTorch"
946,"Johnson, Hodge and Shaffer",Tech,AI Product Manager,"CUDA, PyTorch, GCP, C++",Entry,Full-time,"Port Jonathan, GR",132857,25-07-2025,Startup,"FastAPI, TensorFlow"
947,Carlson Group,E-commerce,NLP Engineer,"R, MLflow, Power BI, SQL, FastAPI",Senior,Remote,"Michaelfort, UA",156328,28-12-2023,Startup,BigQuery
948,"Davis, Bailey and Hebert",E-commerce,Quant Researcher,"PyTorch, Keras, Azure, AWS, R, Reinforcement Learning",Senior,Internship,"Rayport, GM",147367,22-04-2025,Mid,"Scikit-learn, MLflow"
949,"Aguirre, Collins and Manning",Automotive,Data Scientist,"R, CUDA, C++, Excel",Mid,Remote,"Lake Ryan, RU",113442,03-10-2023,Startup,"Scikit-learn, BigQuery, LangChain"
950,"Freeman, Foley and Smith",Education,Quant Researcher,"Azure, Python, Flask, Power BI, NumPy, Excel",Senior,Remote,"Michaelview, VC",137811,17-08-2025,Startup,LangChain
951,Acevedo-Frazier,Healthcare,Data Analyst,"Reinforcement Learning, Hugging Face, MLflow, CUDA",Senior,Contract,"Ellisport, CY",144832,04-01-2024,Mid,"MLflow, BigQuery, PyTorch"
952,Davis PLC,Finance,Computer Vision Engineer,"Reinforcement Learning, Azure, Hugging Face, LangChain, Pandas",Entry,Contract,"South Katherineton, LY",173195,05-08-2024,Startup,"Scikit-learn, LangChain"
953,Ford-Taylor,Healthcare,Computer Vision Engineer,"Azure, AWS, PyTorch, TensorFlow, GCP",Entry,Internship,"Lake Melissa, MV",88122,29-03-2025,Startup,Scikit-learn
954,Sanchez LLC,Retail,Computer Vision Engineer,"R, Hugging Face, Flask",Entry,Internship,"South Jilltown, IQ",79640,14-06-2025,Large,TensorFlow
955,Armstrong Inc,Healthcare,AI Researcher,"Reinforcement Learning, Power BI, MLflow, PyTorch, R, Pandas",Mid,Contract,"Davisstad, HN",135926,10-08-2024,Startup,"Scikit-learn, FastAPI, LangChain"
956,Gilbert Inc,E-commerce,Data Analyst,"Hugging Face, Flask, SQL, Scikit-learn, C++",Mid,Full-time,"New Megantown, BT",107610,01-12-2024,Mid,"BigQuery, TensorFlow"
957,Miller Ltd,Retail,Data Scientist,"FastAPI, Scikit-learn, SQL",Mid,Internship,"North Dianaton, RU",58260,10-09-2025,Large,"TensorFlow, Scikit-learn, LangChain"
958,Moore-Garner,Automotive,Data Scientist,"Pandas, FastAPI, Hugging Face",Senior,Internship,"Hollyborough, MX",129760,02-01-2024,Startup,"TensorFlow, FastAPI"
959,Jenkins-Good,Tech,Data Analyst,"AWS, TensorFlow, Excel, SQL, GCP",Entry,Remote,"Contreraston, LC",170633,24-01-2024,Mid,"KDB+, MLflow"
960,Vance Ltd,Finance,Quant Researcher,"Excel, TensorFlow, Flask, Scikit-learn",Entry,Full-time,"Wardbury, RW",139087,28-12-2024,Startup,KDB+
961,"Sellers, Williams and Ortiz",Automotive,Computer Vision Engineer,"Flask, Azure, SQL",Entry,Contract,"Matthewshire, SB",167187,08-11-2023,Startup,PyTorch
962,"Rodgers, Martinez and Zhang",E-commerce,Data Analyst,"Flask, Excel, AWS, PyTorch, LangChain",Mid,Internship,"North Shane, LR",96855,25-11-2023,Startup,"BigQuery, FastAPI"
963,Simon LLC,Retail,Data Scientist,"Flask, Reinforcement Learning, Pandas, Hugging Face, Keras",Senior,Full-time,"West Michaelborough, BE",172742,23-04-2024,Startup,"BigQuery, Scikit-learn, MLflow"
964,Flynn-Franco,Tech,AI Product Manager,"NumPy, Pandas, SQL, R, Excel",Senior,Full-time,"North Grant, MR",150713,17-02-2024,Large,KDB+
965,Floyd-Smith,E-commerce,Computer Vision Engineer,"GCP, Reinforcement Learning, CUDA, NumPy, SQL",Entry,Contract,"East Willie, BO",65040,20-07-2024,Mid,"FastAPI, MLflow"
966,"Bailey, Mccullough and Moon",Tech,Quant Researcher,"TensorFlow, Power BI, Azure, Flask, Reinforcement Learning, R",Senior,Contract,"Davidhaven, CL",185276,28-01-2024,Large,"PyTorch, BigQuery, TensorFlow"
967,"Kerr, Austin and Smith",E-commerce,Quant Researcher,"GCP, Power BI, FastAPI, Reinforcement Learning, TensorFlow, AWS",Senior,Remote,"Port Charles, GM",159073,29-09-2024,Large,"LangChain, MLflow, PyTorch"
968,"Potter, Chapman and Christensen",Retail,Computer Vision Engineer,"R, Python, Hugging Face, Excel, Azure",Entry,Full-time,"Colemanfort, SM",107419,21-04-2024,Large,"Scikit-learn, KDB+, TensorFlow"
969,Francis-Jones,Retail,NLP Engineer,"LangChain, Python, R, C++, NumPy",Senior,Contract,"North Jacqueline, SV",180219,08-03-2025,Startup,KDB+
970,"Stephens, Garcia and Yoder",Automotive,Computer Vision Engineer,"MLflow, Excel, CUDA, LangChain, AWS, Azure",Entry,Internship,"South Caitlynchester, NL",125080,13-04-2025,Large,Scikit-learn
971,Robbins-Burke,Finance,Computer Vision Engineer,"AWS, Hugging Face, MLflow, Excel, C++",Entry,Internship,"Sherrichester, BN",123097,16-06-2024,Large,"BigQuery, PyTorch, Scikit-learn"
972,"Hall, Savage and Walker",Education,Data Scientist,"PyTorch, TensorFlow, AWS, C++, GCP",Entry,Internship,"Bowersberg, SK",157053,21-09-2023,Startup,"KDB+, MLflow, FastAPI"
973,Smith-Cross,Healthcare,AI Product Manager,"Flask, Keras, Pandas, CUDA, PyTorch, Reinforcement Learning",Mid,Remote,"Anthonybury, ET",75922,19-09-2025,Mid,FastAPI
974,Martinez-Stephens,Education,AI Product Manager,"Azure, Reinforcement Learning, Excel, SQL",Mid,Remote,"South Michellebury, GR",174385,02-01-2024,Mid,"LangChain, BigQuery"
975,"Barton, Wilson and Russell",Education,Data Scientist,"Power BI, GCP, Reinforcement Learning",Entry,Contract,"Kristiemouth, DK",169422,19-01-2024,Large,FastAPI
976,"Brown, Bernard and Flores",Retail,Data Scientist,"Excel, R, Reinforcement Learning, Python, Power BI, FastAPI",Entry,Contract,"West Andrew, MD",138297,06-05-2024,Mid,TensorFlow
977,Mendoza-Flores,E-commerce,AI Product Manager,"FastAPI, Python, TensorFlow, AWS",Senior,Contract,"West Andrew, ID",160216,09-08-2024,Large,"TensorFlow, MLflow, BigQuery"
978,Bowman PLC,E-commerce,AI Product Manager,"LangChain, Excel, TensorFlow",Senior,Remote,"Nicholshaven, HR",119825,06-09-2024,Startup,"LangChain, TensorFlow"
979,"Turner, Hernandez and White",Retail,ML Engineer,"GCP, TensorFlow, Flask, Azure",Mid,Internship,"North Alicia, IQ",125912,20-04-2024,Mid,"BigQuery, KDB+, TensorFlow"
980,Davis Inc,Healthcare,NLP Engineer,"Keras, Power BI, Excel, Python",Senior,Remote,"Port Tina, PE",97355,27-10-2024,Mid,MLflow
981,Zhang-Watson,E-commerce,Computer Vision Engineer,"Excel, Flask, AWS, R",Senior,Internship,"New Veronica, AL",107061,10-07-2024,Mid,"PyTorch, KDB+"
982,"Harrison, Wallace and Chen",Retail,Quant Researcher,"Hugging Face, GCP, Keras",Entry,Remote,"Port Catherinetown, VE",103874,26-12-2023,Startup,"TensorFlow, Scikit-learn"
983,"Cruz, Cruz and Flores",E-commerce,NLP Engineer,"Reinforcement Learning, TensorFlow, CUDA",Entry,Remote,"New Alyssa, CI",59248,29-10-2023,Startup,"KDB+, BigQuery, PyTorch"
984,Garcia-Smith,Automotive,Data Scientist,"FastAPI, CUDA, Pandas, Python, NumPy, Reinforcement Learning",Entry,Contract,"North Kevin, YE",85731,17-11-2023,Startup,"PyTorch, LangChain, Scikit-learn"
985,Castaneda Group,Tech,ML Engineer,"Reinforcement Learning, Azure, Flask",Mid,Remote,"Nobleside, CY",138573,30-10-2023,Mid,"BigQuery, FastAPI"
986,"Sawyer, Frye and Jenkins",Finance,NLP Engineer,"GCP, PyTorch, FastAPI, LangChain, Pandas",Mid,Contract,"West Hayleyton, DJ",165391,10-01-2025,Large,FastAPI
987,Bradshaw and Sons,Education,AI Researcher,"PyTorch, MLflow, LangChain, Python, Azure, Pandas",Mid,Contract,"Kathrynfort, TO",107166,05-05-2025,Large,BigQuery
988,"Cross, Johnson and Chan",Retail,Computer Vision Engineer,"Scikit-learn, TensorFlow, Azure, C++, Flask",Senior,Contract,"Danielview, BT",115231,31-08-2025,Mid,FastAPI
989,Jones LLC,Healthcare,NLP Engineer,"TensorFlow, NumPy, Azure, LangChain, AWS",Senior,Internship,"Taraborough, KG",122145,07-09-2024,Mid,MLflow
990,Adams-Chapman,Tech,AI Product Manager,"SQL, CUDA, Scikit-learn, Keras, Power BI, R",Senior,Contract,"Littleshire, CF",145110,09-03-2025,Mid,"TensorFlow, LangChain"
991,Duran-Williams,Retail,Data Analyst,"GCP, MLflow, FastAPI, TensorFlow, AWS, Reinforcement Learning",Entry,Contract,"East Patrickfurt, BT",152170,10-03-2024,Mid,BigQuery
992,Arnold Inc,Healthcare,Quant Researcher,"FastAPI, GCP, Keras, Pandas",Senior,Remote,"Jonesfurt, NL",75137,13-09-2025,Startup,"LangChain, KDB+, BigQuery"
993,Kirk Group,Retail,Data Scientist,"Azure, Excel, Keras, SQL, Reinforcement Learning, Power BI",Senior,Contract,"Chasestad, LU",131548,10-10-2023,Startup,"TensorFlow, BigQuery, Scikit-learn"
994,Flynn-Kennedy,E-commerce,AI Researcher,"Python, Keras, AWS, CUDA, NumPy, R",Entry,Full-time,"Villaport, CO",101292,01-10-2023,Large,"PyTorch, FastAPI, KDB+"
995,Singleton-Roy,Automotive,Quant Researcher,"C++, Pandas, MLflow, Scikit-learn, AWS, LangChain",Mid,Internship,"Port Rodney, LR",138577,04-08-2024,Large,"Scikit-learn, LangChain"
996,"Combs, Brown and Williams",Retail,Data Analyst,"TensorFlow, Hugging Face, Scikit-learn",Mid,Remote,"Jessicatown, PH",128035,21-03-2025,Mid,"KDB+, MLflow, FastAPI"
997,Meyer-Reyes,Education,ML Engineer,"AWS, NumPy, Excel, CUDA",Mid,Internship,"Port Christine, BH",127839,30-05-2024,Startup,"MLflow, KDB+, Scikit-learn"
998,Anderson LLC,Tech,ML Engineer,"Scikit-learn, NumPy, FastAPI",Senior,Full-time,"Elizabethton, PW",147008,09-03-2024,Mid,"KDB+, LangChain"
999,Duncan-Reyes,Finance,Data Analyst,"Reinforcement Learning, SQL, Pandas, NumPy, TensorFlow, Power BI",Mid,Remote,"New Ryan, BW",183947,18-03-2025,Startup,"KDB+, FastAPI"
1000,"Davis, Murphy and Cox",Retail,Data Scientist,"MLflow, NumPy, Reinforcement Learning, FastAPI, Pandas",Senior,Full-time,"Pittmanville, CR",109075,20-08-2025,Mid,"KDB+, Scikit-learn, LangChain"
1001,"Peterson, Brown and Mcdonald",Automotive,ML Engineer,"Flask, GCP, Hugging Face, FastAPI, Excel, CUDA",Senior,Contract,"Port Bernard, BY",133282,16-02-2025,Mid,"TensorFlow, KDB+, FastAPI"
1002,Turner and Sons,Tech,Data Analyst,"PyTorch, Pandas, Excel",Mid,Internship,"Robertsmouth, MN",156339,12-06-2025,Mid,LangChain
1003,"Spears, Moore and Mccormick",E-commerce,ML Engineer,"Keras, Pandas, Power BI, Scikit-learn, FastAPI, Azure",Senior,Full-time,"South Lisa, IS",151039,12-06-2025,Startup,"KDB+, BigQuery"
1004,Shaw LLC,Automotive,Data Scientist,"Hugging Face, LangChain, Flask, PyTorch, TensorFlow",Mid,Internship,"New Johnnybury, LI",147705,07-12-2024,Startup,BigQuery
1005,Gill-Schmidt,Healthcare,Data Analyst,"Reinforcement Learning, GCP, Azure, LangChain, MLflow",Mid,Contract,"New Williambury, FR",70579,14-02-2024,Large,"TensorFlow, BigQuery, MLflow"
1006,"Fuentes, Russo and Watson",Education,Data Analyst,"Pandas, PyTorch, AWS",Senior,Full-time,"East Amanda, GA",65167,06-06-2025,Startup,FastAPI
1007,Weaver-Mills,Automotive,Quant Researcher,"Power BI, Pandas, Hugging Face, PyTorch",Entry,Internship,"South Benjamin, PY",75688,23-03-2024,Large,BigQuery
1008,Lee-Levy,Retail,Quant Researcher,"AWS, CUDA, GCP, Flask, FastAPI, NumPy",Mid,Contract,"West Lindsayfurt, LK",173020,27-04-2024,Startup,"FastAPI, Scikit-learn"
1009,Anderson PLC,Retail,ML Engineer,"PyTorch, Reinforcement Learning, Keras, C++, CUDA, SQL",Entry,Contract,"Younghaven, KM",156944,17-03-2025,Startup,Scikit-learn
1010,Murphy-Sosa,Education,Quant Researcher,"TensorFlow, Excel, Scikit-learn, Azure, R, Pandas",Mid,Full-time,"North Patrick, SZ",154935,16-03-2025,Mid,TensorFlow
1011,Lawrence Group,Education,ML Engineer,"FastAPI, Azure, AWS, Python",Mid,Remote,"Lake Aliciachester, TM",138093,05-07-2024,Startup,FastAPI
1012,Gonzales-Gardner,Automotive,NLP Engineer,"NumPy, GCP, R, Reinforcement Learning, LangChain, AWS",Senior,Full-time,"Frazierberg, DO",121987,07-09-2024,Large,"PyTorch, LangChain, BigQuery"
1013,"Padilla, Mann and Pierce",Finance,ML Engineer,"MLflow, Pandas, PyTorch, C++, LangChain",Senior,Remote,"West Brandon, RW",62766,22-08-2025,Mid,"LangChain, PyTorch"
1014,"Vazquez, Mcknight and Vega",Retail,AI Researcher,"Keras, FastAPI, PyTorch, LangChain, Scikit-learn, Hugging Face",Entry,Internship,"Ramseyview, TV",143687,06-08-2025,Large,"PyTorch, Scikit-learn"
1015,"Walker, Soto and Miles",Finance,Data Analyst,"SQL, MLflow, Pandas, CUDA, Scikit-learn",Mid,Remote,"Oconnorville, IT",102836,10-06-2025,Startup,TensorFlow
1016,Kelly-Walls,Tech,Computer Vision Engineer,"Reinforcement Learning, R, C++",Senior,Remote,"East Ana, KN",110545,05-01-2024,Startup,"LangChain, MLflow, KDB+"
1017,Roberts-Watson,Healthcare,Data Analyst,"Power BI, SQL, Python, TensorFlow",Entry,Full-time,"Perryside, CZ",110115,25-05-2025,Mid,LangChain
1018,"George, Hines and Galvan",Tech,NLP Engineer,"Keras, MLflow, FastAPI, Python, Scikit-learn, Reinforcement Learning",Entry,Remote,"East Rachelland, MH",96796,08-04-2024,Large,Scikit-learn
1019,"Lam, Garcia and Lopez",Automotive,Computer Vision Engineer,"R, Keras, Pandas, Reinforcement Learning",Mid,Full-time,"Baldwinland, TV",184949,13-04-2025,Large,"TensorFlow, Scikit-learn"
1020,"Vasquez, Grimes and Mooney",Healthcare,ML Engineer,"LangChain, SQL, Reinforcement Learning, PyTorch",Entry,Remote,"Brewerland, AT",93133,02-10-2024,Startup,"Scikit-learn, BigQuery"
1021,Mcneil-Nelson,Tech,Data Analyst,"CUDA, SQL, Flask",Senior,Contract,"Duartebury, VA",101687,21-12-2024,Startup,"MLflow, KDB+, TensorFlow"
1022,Wiggins-Rivera,Healthcare,NLP Engineer,"LangChain, AWS, R",Senior,Internship,"Andreashire, TO",134121,14-01-2024,Large,MLflow
1023,Morris-Swanson,Education,NLP Engineer,"LangChain, AWS, Keras, Hugging Face, Pandas",Entry,Internship,"Howellburgh, NO",167631,08-11-2024,Startup,"BigQuery, LangChain"
1024,Wong and Sons,Education,AI Product Manager,"C++, Reinforcement Learning, MLflow, Pandas, SQL",Entry,Internship,"North Kristie, CL",105337,01-04-2025,Large,"Scikit-learn, PyTorch, MLflow"
1025,"Davidson, Green and Johnson",E-commerce,Data Analyst,"AWS, SQL, CUDA, Hugging Face, Power BI",Entry,Internship,"West Tylerberg, JO",166850,01-05-2025,Large,"Scikit-learn, PyTorch"
1026,Greer-Garner,E-commerce,Data Analyst,"Power BI, Pandas, GCP, Hugging Face, R",Entry,Contract,"South Chadton, IQ",80572,11-09-2025,Mid,"TensorFlow, PyTorch"
1027,"Nash, Solomon and Cameron",Education,NLP Engineer,"Azure, Power BI, GCP, LangChain",Entry,Internship,"Davidfurt, IT",143409,27-03-2024,Mid,"BigQuery, LangChain"
1028,Jimenez Group,E-commerce,Data Scientist,"MLflow, CUDA, Reinforcement Learning",Mid,Full-time,"Williamview, CU",172179,03-03-2024,Mid,TensorFlow
1029,Garcia-Adams,Education,ML Engineer,"Python, GCP, Scikit-learn, Pandas, PyTorch",Senior,Internship,"Port Victoriaburgh, TN",118073,15-12-2023,Mid,TensorFlow
1030,Munoz and Sons,Retail,Quant Researcher,"Reinforcement Learning, FastAPI, Power BI",Entry,Full-time,"Smithmouth, UG",128800,05-09-2024,Startup,"Scikit-learn, KDB+"
1031,Griffin Ltd,E-commerce,Data Analyst,"Reinforcement Learning, Scikit-learn, Hugging Face, MLflow",Entry,Contract,"Harrisonhaven, PT",80229,03-04-2024,Large,FastAPI
1032,Briggs-Miller,E-commerce,Computer Vision Engineer,"R, Flask, Keras, Python, CUDA, FastAPI",Entry,Full-time,"Janicemouth, UZ",184972,06-02-2024,Startup,"Scikit-learn, FastAPI, PyTorch"
1033,Dominguez Group,Finance,Quant Researcher,"Keras, FastAPI, Reinforcement Learning, Power BI",Mid,Contract,"New Melissashire, RW",105608,06-11-2024,Large,MLflow
1034,"Cohen, Schneider and Scott",Healthcare,ML Engineer,"CUDA, FastAPI, Reinforcement Learning",Mid,Remote,"Port Nathan, TM",166224,24-05-2025,Large,"MLflow, BigQuery"
1035,Peterson Ltd,E-commerce,Quant Researcher,"Reinforcement Learning, Python, Pandas, Excel, LangChain, Azure",Mid,Contract,"Staffordstad, AZ",194075,30-04-2025,Large,"PyTorch, LangChain, TensorFlow"
1036,Ramsey-Hamilton,Education,AI Product Manager,"FastAPI, CUDA, GCP, Keras, MLflow, C++",Senior,Internship,"West Kyliechester, AD",102972,22-03-2024,Startup,Scikit-learn
1037,Davidson-Clark,Finance,Computer Vision Engineer,"Flask, Pandas, LangChain",Mid,Internship,"Lake Erika, VC",83979,14-08-2025,Mid,LangChain
1038,"Ramirez, Sanchez and Lucas",Retail,NLP Engineer,"R, Azure, Power BI, NumPy, Reinforcement Learning",Senior,Internship,"Johnsonfurt, GQ",168046,11-08-2025,Startup,"KDB+, LangChain"
1039,"Atkinson, Branch and Horton",Tech,Data Analyst,"R, NumPy, SQL, GCP, Python, FastAPI",Senior,Full-time,"New Darren, ET",111273,07-09-2024,Large,KDB+
1040,Hawkins Ltd,E-commerce,Data Scientist,"AWS, Scikit-learn, TensorFlow, CUDA",Senior,Contract,"North Madison, UZ",131967,11-12-2023,Mid,TensorFlow
1041,Moore Ltd,Tech,AI Researcher,"Excel, Reinforcement Learning, NumPy, AWS, MLflow",Mid,Internship,"Abigailmouth, NE",124638,30-01-2025,Mid,"Scikit-learn, FastAPI"
1042,Hughes-Henry,Retail,Data Analyst,"TensorFlow, SQL, Scikit-learn",Mid,Full-time,"West James, ER",78405,03-07-2024,Startup,"MLflow, LangChain, PyTorch"
1043,Johnson-Thomas,Healthcare,Data Analyst,"Reinforcement Learning, TensorFlow, PyTorch, Excel, FastAPI",Entry,Internship,"Lake Curtis, BS",146788,18-03-2024,Large,"FastAPI, PyTorch, KDB+"
1044,"Hunt, White and Schmidt",Tech,AI Researcher,"AWS, Python, MLflow, Scikit-learn, Keras, Power BI",Entry,Contract,"Josephstad, DZ",120750,01-08-2025,Startup,TensorFlow
1045,Harris-Zavala,E-commerce,AI Product Manager,"GCP, SQL, LangChain, R",Mid,Remote,"West Michael, NI",173988,19-10-2024,Startup,"FastAPI, BigQuery"
1046,Price PLC,Finance,AI Researcher,"SQL, Excel, AWS, MLflow, TensorFlow, FastAPI",Mid,Remote,"Madisonside, BH",145955,29-01-2024,Startup,BigQuery
1047,Craig-Lloyd,Tech,Data Analyst,"MLflow, Reinforcement Learning, Azure, C++, Pandas, NumPy",Mid,Contract,"Priceborough, LU",92775,03-02-2025,Startup,"BigQuery, MLflow, KDB+"
1048,Bell-Perez,Tech,NLP Engineer,"Excel, C++, GCP, SQL, PyTorch",Mid,Internship,"Rossbury, SC",133077,01-08-2024,Mid,"BigQuery, PyTorch"
1049,Cole-Clark,Automotive,Data Scientist,"CUDA, TensorFlow, Python, Azure, Scikit-learn",Entry,Internship,"South Meganmouth, LI",135502,05-11-2024,Startup,FastAPI
1050,Knight-Lozano,Finance,NLP Engineer,"LangChain, GCP, R, SQL",Senior,Remote,"New Heatherbury, BG",172356,21-10-2023,Mid,"TensorFlow, Scikit-learn, KDB+"
1051,Burton LLC,Automotive,Data Scientist,"Scikit-learn, Power BI, R, Reinforcement Learning, Excel, Azure",Senior,Full-time,"South Jamesville, JM",89388,04-06-2024,Mid,KDB+
1052,"Castillo, Bonilla and Mclaughlin",Automotive,Computer Vision Engineer,"NumPy, Excel, LangChain, Keras",Mid,Internship,"West Jasonmouth, IR",143741,14-03-2024,Large,"LangChain, FastAPI"
1053,Byrd-Christian,Finance,NLP Engineer,"SQL, Reinforcement Learning, Python",Mid,Internship,"West Theresashire, NI",178767,07-11-2024,Large,"FastAPI, TensorFlow"
1054,Price-Sandoval,E-commerce,Data Scientist,"Flask, NumPy, C++",Senior,Remote,"Lake Markport, PK",65873,09-08-2025,Large,"FastAPI, TensorFlow"
1055,Black-Simmons,Automotive,Data Scientist,"Pandas, SQL, CUDA, Power BI, AWS",Senior,Full-time,"Allenburgh, BW",181452,03-07-2024,Startup,"PyTorch, BigQuery, TensorFlow"
1056,"Berger, Jackson and Hansen",Automotive,Data Analyst,"CUDA, SQL, Power BI, GCP, FastAPI, PyTorch",Mid,Contract,"Hopkinstown, KP",123661,09-07-2025,Mid,"BigQuery, KDB+"
1057,Kent-Preston,E-commerce,Data Analyst,"Excel, GCP, Scikit-learn, PyTorch",Senior,Full-time,"North Nicolechester, CO",59203,11-06-2024,Mid,KDB+
1058,"Hartman, Rowe and Hernandez",Automotive,Data Analyst,"C++, NumPy, Excel, Keras, TensorFlow",Entry,Internship,"East Joseph, GR",117510,30-04-2024,Large,"FastAPI, Scikit-learn"
1059,Morrison-Turner,Retail,Computer Vision Engineer,"C++, SQL, Flask, PyTorch, MLflow, FastAPI",Entry,Contract,"Mayerview, NI",153592,25-08-2025,Mid,"KDB+, TensorFlow"
1060,Smith Inc,Tech,AI Product Manager,"Power BI, SQL, Reinforcement Learning, TensorFlow",Mid,Internship,"New Adam, BN",122711,04-03-2025,Startup,"LangChain, MLflow, FastAPI"
1061,Gardner-Chavez,Tech,Data Scientist,"TensorFlow, Pandas, Flask, Reinforcement Learning, Azure",Mid,Full-time,"Lopezfort, KH",136902,17-12-2023,Mid,"MLflow, TensorFlow"
1062,Morris-Blake,Healthcare,Data Scientist,"Python, NumPy, LangChain, Excel",Senior,Contract,"Lake Anthony, CL",58968,05-01-2024,Mid,"LangChain, PyTorch"
1063,Hunter-Ward,Finance,ML Engineer,"SQL, Python, CUDA, FastAPI, TensorFlow",Senior,Remote,"Millerborough, WS",152402,01-12-2023,Large,"MLflow, Scikit-learn, FastAPI"
1064,Hicks and Sons,Finance,Data Scientist,"Reinforcement Learning, Excel, Azure, SQL, FastAPI, Pandas",Entry,Remote,"Port Franciscoside, GT",138102,12-06-2025,Large,"PyTorch, BigQuery, FastAPI"
1065,Torres-Clark,Education,NLP Engineer,"Excel, Hugging Face, CUDA, Flask, TensorFlow, C++",Entry,Contract,"West Jason, RO",111910,26-10-2023,Mid,"PyTorch, KDB+, BigQuery"
1066,Brown Ltd,Automotive,Data Analyst,"C++, GCP, Reinforcement Learning",Senior,Contract,"West Keithview, LU",136380,13-03-2025,Mid,LangChain
1067,Kerr Ltd,Education,Quant Researcher,"PyTorch, CUDA, AWS, Reinforcement Learning",Entry,Full-time,"Juanburgh, TD",90661,14-01-2024,Mid,"MLflow, PyTorch, TensorFlow"
1068,"Hobbs, Moreno and Williams",Finance,ML Engineer,"Scikit-learn, Pandas, Keras, Power BI, TensorFlow, LangChain",Mid,Full-time,"Andrewmouth, GN",176093,31-08-2025,Startup,"LangChain, PyTorch, KDB+"
1069,"Brown, Giles and Thompson",E-commerce,ML Engineer,"R, LangChain, MLflow, Power BI, Azure, CUDA",Entry,Internship,"North Mistyland, DJ",91834,17-02-2025,Startup,BigQuery
1070,Jordan Inc,Healthcare,ML Engineer,"AWS, Excel, C++, Keras",Mid,Full-time,"Joelland, MC",152448,28-02-2025,Mid,Scikit-learn
1071,Rodriguez Inc,Tech,AI Product Manager,"AWS, SQL, Scikit-learn, Flask, FastAPI",Mid,Internship,"Lake Debbie, SZ",78290,13-04-2025,Mid,"MLflow, LangChain"
1072,Evans-Alvarado,Retail,NLP Engineer,"FastAPI, AWS, Pandas, Excel, Reinforcement Learning, Azure",Senior,Remote,"Davidmouth, BJ",103274,23-06-2025,Large,"FastAPI, TensorFlow, BigQuery"
1073,"Phillips, Sanchez and Christensen",E-commerce,AI Product Manager,"CUDA, Pandas, Python, PyTorch, Azure, Keras",Entry,Internship,"East Davidchester, NE",132767,08-02-2025,Large,LangChain
1074,"Sexton, Davis and Allen",Healthcare,NLP Engineer,"R, Flask, Keras, GCP, Hugging Face",Mid,Full-time,"Lake David, FI",62334,13-06-2025,Startup,Scikit-learn
1075,"Gill, Russo and Hill",Automotive,Quant Researcher,"LangChain, Keras, Excel",Entry,Internship,"Gomezchester, UG",77275,19-12-2023,Startup,PyTorch
1076,"Walsh, Davis and Tanner",Automotive,Data Analyst,"Power BI, Scikit-learn, Keras, TensorFlow, MLflow, SQL",Senior,Full-time,"North Brettfurt, MH",111778,25-04-2025,Large,"TensorFlow, BigQuery, FastAPI"
1077,Green Group,E-commerce,AI Researcher,"SQL, Excel, Flask, NumPy, FastAPI",Entry,Contract,"Port Yvetteland, LK",114609,12-12-2023,Mid,"TensorFlow, PyTorch"
1078,"Wilson, Wilson and Austin",Finance,Data Analyst,"GCP, SQL, Keras, AWS, Python",Mid,Remote,"Mistyfurt, KP",106980,18-06-2024,Large,"TensorFlow, FastAPI"
1079,Williams-Thomas,Retail,NLP Engineer,"Flask, AWS, Reinforcement Learning, LangChain, FastAPI",Mid,Internship,"North Patricia, YE",104488,28-05-2025,Large,PyTorch
1080,"Thompson, Gibson and Simmons",Retail,NLP Engineer,"Python, AWS, MLflow, C++, R",Mid,Remote,"Gutierreztown, TJ",149956,01-09-2025,Mid,FastAPI
1081,"Bush, Dennis and Burke",Automotive,AI Product Manager,"Python, MLflow, LangChain, GCP, PyTorch, Keras",Entry,Full-time,"Benitezfurt, ST",127538,14-07-2024,Startup,"PyTorch, Scikit-learn, BigQuery"
1082,Anderson and Sons,Retail,Data Analyst,"AWS, Excel, Keras, Power BI, CUDA, Flask",Senior,Remote,"Griffintown, KP",134660,25-03-2025,Startup,"BigQuery, MLflow"
1083,"Russell, Wood and Robertson",E-commerce,Quant Researcher,"Python, Excel, FastAPI, GCP, C++, PyTorch",Senior,Remote,"Gonzalezstad, VN",133738,01-09-2025,Mid,"MLflow, LangChain, BigQuery"
1084,Johnson LLC,Tech,Data Scientist,"GCP, Azure, CUDA, AWS, PyTorch",Senior,Contract,"South Christopher, FJ",186577,15-02-2024,Startup,"TensorFlow, MLflow, Scikit-learn"
1085,Kaufman LLC,Tech,ML Engineer,"AWS, Excel, SQL, Scikit-learn",Senior,Full-time,"Port Ianfurt, LR",114476,24-12-2023,Startup,"Scikit-learn, KDB+, PyTorch"
1086,Murphy LLC,Healthcare,Data Analyst,"Keras, TensorFlow, MLflow, NumPy, Pandas, Scikit-learn",Senior,Contract,"Whitefort, NI",173966,06-04-2024,Large,"LangChain, FastAPI, PyTorch"
1087,Matthews-Collins,E-commerce,NLP Engineer,"Flask, Pandas, GCP",Senior,Full-time,"Jonesville, TO",129363,24-01-2025,Mid,"LangChain, PyTorch"
1088,Rivas PLC,Retail,AI Product Manager,"CUDA, SQL, Azure, MLflow, Python, GCP",Mid,Contract,"South Timothystad, CH",77839,26-09-2023,Startup,KDB+
1089,Alvarez PLC,Automotive,Computer Vision Engineer,"Azure, Flask, PyTorch, C++, GCP, Pandas",Entry,Remote,"North Connorfurt, PA",76485,13-01-2024,Mid,"KDB+, TensorFlow"
1090,Best Inc,E-commerce,Data Analyst,"FastAPI, Excel, AWS, TensorFlow",Entry,Internship,"Lake Melanie, VU",187086,19-07-2024,Mid,PyTorch
1091,"Ochoa, Davidson and Thomas",Education,Quant Researcher,"Azure, Keras, C++, LangChain",Senior,Remote,"Coryton, WS",110572,11-03-2025,Large,"TensorFlow, BigQuery"
1092,"Reilly, Barajas and Hughes",Finance,AI Product Manager,"CUDA, Excel, FastAPI, MLflow, Azure, Power BI",Senior,Full-time,"South Kathleen, MV",151514,23-02-2024,Startup,"FastAPI, BigQuery"
1093,"Dixon, Wright and Smith",Education,Data Analyst,"MLflow, SQL, Pandas",Entry,Internship,"Markfort, NO",100524,10-09-2025,Large,"BigQuery, KDB+"
1094,"Sawyer, Hall and Lowe",Automotive,Data Analyst,"CUDA, NumPy, Keras",Mid,Internship,"Nancyberg, AF",87407,28-12-2023,Large,"TensorFlow, MLflow, PyTorch"
1095,"Donaldson, Espinoza and Mills",Tech,AI Product Manager,"C++, Reinforcement Learning, Flask, AWS, Scikit-learn, NumPy",Senior,Full-time,"Matthewsberg, DO",100666,11-12-2024,Mid,FastAPI
1096,Davis-Moore,Retail,Computer Vision Engineer,"PyTorch, Python, FastAPI, Azure, LangChain",Senior,Full-time,"North Jessica, VC",149046,19-09-2025,Mid,"FastAPI, KDB+, TensorFlow"
1097,Clark PLC,Retail,NLP Engineer,"GCP, Scikit-learn, CUDA, R, AWS, Pandas",Mid,Internship,"New Austin, BZ",148214,20-03-2025,Startup,TensorFlow
1098,Lynch-Coffey,Automotive,ML Engineer,"Azure, R, Hugging Face, SQL, MLflow, Flask",Entry,Internship,"Deborahton, CV",138484,11-10-2023,Large,"TensorFlow, LangChain"
1099,Archer Ltd,Tech,AI Product Manager,"Keras, Azure, C++, Reinforcement Learning, Hugging Face",Entry,Remote,"Allisonview, ET",115910,16-09-2024,Mid,Scikit-learn
1100,"Estrada, Perry and Jackson",E-commerce,AI Product Manager,"NumPy, Hugging Face, CUDA, Flask",Mid,Internship,"Eatonmouth, PW",130658,13-10-2023,Startup,"TensorFlow, BigQuery"
1101,Shelton-Ellison,Healthcare,NLP Engineer,"FastAPI, C++, R, Scikit-learn, GCP, Flask",Mid,Internship,"Davistown, NA",83250,21-06-2024,Large,"PyTorch, FastAPI, MLflow"
1102,Montgomery Inc,Finance,Data Scientist,"Power BI, R, Python, C++, SQL",Entry,Internship,"Danielside, SZ",140451,25-07-2024,Large,KDB+
1103,"Rios, Evans and Foster",Retail,AI Researcher,"R, Python, Reinforcement Learning",Senior,Full-time,"Hernandezland, ZA",110309,21-11-2024,Large,"FastAPI, PyTorch"
1104,"Garcia, Lopez and Santiago",Finance,NLP Engineer,"LangChain, Azure, PyTorch, FastAPI",Senior,Remote,"New Jared, BB",54207,03-12-2024,Mid,Scikit-learn
1105,Bell Group,Finance,AI Researcher,"Hugging Face, GCP, FastAPI",Entry,Full-time,"Nicholaschester, KE",155208,11-11-2023,Startup,LangChain
1106,Stevens-Foster,Tech,Data Analyst,"Power BI, Python, Pandas, AWS",Entry,Full-time,"Blairside, GH",88780,13-03-2024,Startup,"Scikit-learn, PyTorch, BigQuery"
1107,Sawyer PLC,E-commerce,NLP Engineer,"Hugging Face, Azure, SQL",Mid,Internship,"Bryceport, AO",121134,17-01-2025,Large,"MLflow, BigQuery, PyTorch"
1108,Hurley-Scott,Healthcare,Quant Researcher,"R, CUDA, Reinforcement Learning",Senior,Internship,"West Christian, SO",78206,24-07-2024,Startup,"TensorFlow, BigQuery, MLflow"
1109,Black-Bennett,Tech,Quant Researcher,"Reinforcement Learning, Hugging Face, CUDA, MLflow, AWS, PyTorch",Mid,Contract,"Lake Toddmouth, IN",137462,13-09-2024,Mid,"LangChain, TensorFlow, KDB+"
1110,Perez Group,Tech,AI Product Manager,"Scikit-learn, Pandas, FastAPI, AWS, Python",Mid,Contract,"South Erikchester, GA",115310,11-11-2023,Large,"FastAPI, LangChain"
1111,"Saunders, Bradford and Sharp",E-commerce,Quant Researcher,"Pandas, Excel, Flask, LangChain, Scikit-learn, TensorFlow",Mid,Full-time,"Port Meganstad, GW",113066,03-10-2023,Large,"KDB+, LangChain, PyTorch"
1112,Hudson-Gordon,Education,Quant Researcher,"FastAPI, SQL, Scikit-learn",Mid,Contract,"Port Erikaburgh, PG",106442,27-04-2024,Startup,LangChain
1113,"Nelson, Maddox and Klein",Finance,ML Engineer,"Flask, MLflow, Scikit-learn",Senior,Internship,"Philipmouth, GQ",64705,21-10-2024,Large,"Scikit-learn, FastAPI"
1114,"Clark, Price and Dickson",Automotive,Data Scientist,"C++, Keras, Pandas",Entry,Contract,"Lake Misty, MZ",177055,06-04-2025,Mid,"Scikit-learn, FastAPI, TensorFlow"
1115,Gonzalez PLC,Tech,NLP Engineer,"Keras, Azure, C++",Entry,Internship,"Campbellmouth, IN",143228,23-12-2024,Large,"FastAPI, LangChain"
1116,Pierce Inc,Automotive,NLP Engineer,"C++, CUDA, Power BI, TensorFlow",Senior,Internship,"Collierchester, PH",182145,14-01-2024,Mid,"Scikit-learn, TensorFlow"
1117,"House, Bond and Myers",E-commerce,Data Scientist,"R, C++, SQL, GCP, MLflow, TensorFlow",Mid,Contract,"West Cathy, PG",190331,04-07-2024,Large,"LangChain, MLflow, TensorFlow"
1118,Johns Inc,Retail,AI Researcher,"LangChain, Reinforcement Learning, Flask",Senior,Contract,"Rodriguezstad, GN",121557,08-12-2023,Mid,"KDB+, TensorFlow, FastAPI"
1119,"Matthews, Mcdowell and Reynolds",Automotive,Computer Vision Engineer,"Reinforcement Learning, Excel, Power BI, Hugging Face",Senior,Remote,"Port Jeffstad, MD",132009,27-11-2024,Startup,"TensorFlow, Scikit-learn"
1120,Navarro-Costa,Retail,ML Engineer,"C++, TensorFlow, FastAPI, AWS, Reinforcement Learning",Senior,Contract,"Lawrenceton, BG",65931,17-09-2024,Startup,"KDB+, PyTorch"
1121,Morris Inc,Education,AI Product Manager,"Scikit-learn, LangChain, MLflow, Flask",Mid,Remote,"Zunigaside, DM",86690,29-01-2024,Large,"KDB+, LangChain, Scikit-learn"
1122,"Miller, Pena and Spencer",E-commerce,AI Product Manager,"Keras, FastAPI, Scikit-learn, R, Hugging Face, PyTorch",Entry,Remote,"East Timothy, BF",111885,27-01-2025,Startup,"MLflow, PyTorch"
1123,"Davis, Sosa and Greene",Finance,Quant Researcher,"Keras, Pandas, R, Excel, SQL",Mid,Contract,"North Kristafort, CV",125498,22-04-2024,Mid,"MLflow, PyTorch, BigQuery"
1124,"Klein, Jordan and Lang",E-commerce,NLP Engineer,"AWS, GCP, Azure",Entry,Remote,"Scottport, SZ",127050,11-12-2024,Large,"TensorFlow, MLflow, LangChain"
1125,"Valdez, Nguyen and Espinoza",Healthcare,Data Analyst,"Power BI, R, LangChain, C++",Entry,Full-time,"Andreatown, SR",111236,04-08-2025,Mid,"BigQuery, KDB+"
1126,Patterson-Salazar,Education,Computer Vision Engineer,"C++, Hugging Face, Flask",Senior,Remote,"Port Nicholas, KW",175832,27-02-2025,Large,"PyTorch, BigQuery"
1127,"Thomas, Greene and Munoz",Retail,ML Engineer,"CUDA, FastAPI, Power BI",Senior,Internship,"Lake Jaime, VA",162266,17-10-2024,Mid,"FastAPI, LangChain"
1128,Torres Ltd,Education,NLP Engineer,"Flask, GCP, C++",Mid,Contract,"Grahambury, BR",152380,14-12-2023,Mid,FastAPI
1129,"Young, Peterson and Wood",Finance,Data Scientist,"Flask, Pandas, PyTorch, Excel",Entry,Contract,"New Masonton, KI",140708,05-09-2025,Mid,"FastAPI, TensorFlow"
1130,Reilly PLC,Retail,NLP Engineer,"Reinforcement Learning, LangChain, Excel, Pandas, Python, Flask",Mid,Internship,"Cabrerafort, GW",58970,16-09-2025,Mid,"TensorFlow, PyTorch"
1131,Woods-Kelly,Retail,Data Scientist,"C++, Python, R, Excel",Entry,Internship,"Millerborough, AL",139698,05-06-2024,Startup,KDB+
1132,Moss-Jackson,Retail,Computer Vision Engineer,"LangChain, Pandas, TensorFlow, CUDA",Mid,Remote,"Christopherton, TM",88502,24-10-2024,Mid,"LangChain, KDB+"
1133,Johnson and Sons,Education,NLP Engineer,"MLflow, Flask, AWS",Entry,Contract,"Joneschester, LK",55065,23-11-2023,Startup,"PyTorch, MLflow, TensorFlow"
1134,Green Group,Automotive,Computer Vision Engineer,"SQL, AWS, Power BI, NumPy, Reinforcement Learning",Senior,Internship,"Ramostown, BI",142225,19-06-2025,Startup,FastAPI
1135,Evans LLC,Automotive,AI Product Manager,"Pandas, SQL, Power BI, Python, Reinforcement Learning",Senior,Internship,"Port Kelsey, KI",103970,05-11-2023,Mid,"PyTorch, TensorFlow, Scikit-learn"
1136,Chambers PLC,Tech,AI Product Manager,"NumPy, Power BI, LangChain, GCP, Python",Mid,Contract,"Johnberg, VC",104935,31-03-2024,Mid,"PyTorch, MLflow, BigQuery"
1137,Conner-Young,Education,AI Product Manager,"Azure, Python, FastAPI",Entry,Remote,"Port Amandaburgh, GA",130581,24-03-2025,Startup,BigQuery
1138,Morris LLC,Automotive,Data Analyst,"Scikit-learn, LangChain, Hugging Face, SQL, Azure, MLflow",Senior,Remote,"East Barrybury, GA",136259,02-08-2024,Large,"LangChain, FastAPI, KDB+"
1139,Hawkins-Valdez,Finance,ML Engineer,"CUDA, SQL, NumPy, Python, Flask",Senior,Internship,"Roseton, VE",135710,18-07-2024,Startup,FastAPI
1140,Vance-Mcdowell,Finance,NLP Engineer,"LangChain, CUDA, Excel, Flask",Entry,Internship,"Port Jessica, SG",99498,12-05-2024,Mid,"MLflow, FastAPI"
1141,Wright LLC,Finance,Quant Researcher,"AWS, Flask, MLflow, FastAPI, Azure",Senior,Remote,"Sandrastad, IE",174940,11-04-2024,Large,"LangChain, KDB+"
1142,Silva LLC,Automotive,Data Analyst,"CUDA, Hugging Face, SQL, GCP, C++, Python",Mid,Internship,"Lewisburgh, BF",89049,17-08-2025,Mid,"PyTorch, BigQuery"
1143,"Sanders, Rodriguez and Meyers",Finance,Quant Researcher,"SQL, LangChain, Hugging Face, R",Mid,Remote,"Port Kathyton, GQ",94030,28-11-2024,Large,FastAPI
1144,Allen Group,E-commerce,NLP Engineer,"TensorFlow, NumPy, GCP, Power BI, FastAPI",Entry,Internship,"Williamsville, MG",181485,22-09-2024,Startup,PyTorch
1145,Webb LLC,Education,ML Engineer,"C++, Hugging Face, Excel, GCP, TensorFlow, FastAPI",Mid,Contract,"Sylviaport, BS",85813,10-10-2024,Mid,"KDB+, MLflow"
1146,Harris-Brown,E-commerce,ML Engineer,"FastAPI, Azure, MLflow, PyTorch, Excel",Entry,Remote,"East Kimberlyview, ME",161619,24-07-2025,Startup,PyTorch
1147,Stewart-White,Retail,Data Scientist,"Azure, MLflow, Hugging Face, GCP, Keras",Entry,Remote,"West Amber, HU",165923,25-07-2025,Large,"Scikit-learn, PyTorch, LangChain"
1148,"Roberts, Ford and Davis",Retail,AI Product Manager,"Power BI, MLflow, SQL, AWS",Mid,Full-time,"Hannahfort, LS",164312,30-06-2024,Mid,"KDB+, LangChain, BigQuery"
1149,"Garcia, Blake and Gardner",Healthcare,Data Analyst,"NumPy, R, Excel, Scikit-learn, Flask, LangChain",Senior,Full-time,"North Cassandraborough, FJ",155009,17-04-2024,Large,KDB+
1150,Brown-Fisher,Automotive,ML Engineer,"C++, Excel, TensorFlow, PyTorch",Entry,Internship,"Lake Ruthport, JM",180727,24-02-2025,Startup,FastAPI
1151,Hayes PLC,Finance,Computer Vision Engineer,"Pandas, C++, Power BI, Hugging Face, Excel",Entry,Internship,"South Michael, GE",89196,01-07-2024,Mid,"KDB+, PyTorch, BigQuery"
1152,"Mccoy, Barnes and Mercado",Automotive,NLP Engineer,"Pandas, Scikit-learn, NumPy",Senior,Full-time,"New Richardburgh, PS",181106,25-03-2025,Startup,FastAPI
1153,Herrera and Sons,Healthcare,ML Engineer,"MLflow, AWS, Flask, SQL, Azure",Entry,Full-time,"East Michael, AO",139418,23-10-2024,Mid,"LangChain, KDB+"
1154,Smith-Hansen,Retail,Quant Researcher,"Excel, Reinforcement Learning, TensorFlow, SQL",Mid,Full-time,"North Michellestad, ME",165305,23-11-2023,Startup,"TensorFlow, FastAPI, MLflow"
1155,"Goodman, Watson and Norman",Tech,AI Researcher,"PyTorch, R, Python, GCP, CUDA, C++",Senior,Internship,"Davidshire, ES",106808,10-04-2024,Large,KDB+
1156,Bennett PLC,Tech,Data Analyst,"Flask, LangChain, Reinforcement Learning",Senior,Internship,"West Jennifertown, NP",97307,19-08-2024,Mid,"TensorFlow, LangChain"
1157,Brady-Jones,Education,Quant Researcher,"LangChain, GCP, Keras",Mid,Contract,"Jasonbury, HT",79929,24-02-2024,Large,TensorFlow
1158,Walker and Sons,Finance,AI Product Manager,"MLflow, PyTorch, SQL, TensorFlow",Mid,Contract,"New Amber, CL",145323,05-03-2025,Startup,"MLflow, LangChain, FastAPI"
1159,Bautista LLC,Automotive,Data Scientist,"GCP, Pandas, AWS, Azure, Flask, PyTorch",Entry,Contract,"Douglasberg, FM",156727,05-05-2025,Startup,"FastAPI, KDB+, MLflow"
1160,Church Ltd,Healthcare,ML Engineer,"GCP, Pandas, Python",Entry,Contract,"Jonathanland, FJ",117271,17-01-2024,Mid,"KDB+, LangChain, MLflow"
1161,Smith LLC,Healthcare,ML Engineer,"SQL, Pandas, CUDA, LangChain, Excel",Senior,Full-time,"New Sandraland, ZM",114963,08-12-2023,Large,"TensorFlow, MLflow"
1162,"Acosta, Williams and Carter",Finance,AI Researcher,"Python, R, Reinforcement Learning, Azure",Mid,Contract,"Wrightland, ZW",89559,16-01-2024,Mid,"Scikit-learn, FastAPI"
1163,"Thornton, Pittman and Torres",Automotive,Computer Vision Engineer,"AWS, TensorFlow, CUDA, MLflow",Senior,Remote,"Bowmanton, AG",108824,14-01-2025,Mid,"BigQuery, Scikit-learn"
1164,Palmer Group,Retail,Quant Researcher,"R, SQL, CUDA, Keras, AWS, Power BI",Mid,Contract,"Samanthahaven, CA",65358,02-02-2024,Startup,"KDB+, LangChain"
1165,"Smith, Hancock and Bolton",Education,Data Scientist,"Pandas, NumPy, TensorFlow, SQL",Senior,Internship,"Nicholasville, KN",128120,23-05-2024,Mid,"KDB+, LangChain, BigQuery"
1166,"Shaffer, Wright and Morgan",Automotive,AI Product Manager,"Power BI, SQL, TensorFlow",Senior,Internship,"South Richardtown, KP",74839,02-05-2025,Mid,Scikit-learn
1167,Proctor Inc,Tech,Data Scientist,"Excel, Scikit-learn, PyTorch, C++, GCP",Mid,Contract,"Jeffreystad, GW",115828,30-06-2024,Large,KDB+
1168,"Ross, Barrera and Winters",E-commerce,NLP Engineer,"LangChain, SQL, NumPy, R, Power BI",Entry,Internship,"East Seanview, GB",129639,07-10-2023,Startup,"FastAPI, MLflow, Scikit-learn"
1169,"Hernandez, Collins and Smith",Retail,Data Scientist,"Scikit-learn, Reinforcement Learning, TensorFlow",Entry,Internship,"Lake Jessicaside, DJ",120209,19-09-2025,Mid,"KDB+, LangChain"
1170,"Nguyen, Shaffer and Thompson",Automotive,Computer Vision Engineer,"SQL, CUDA, Reinforcement Learning, Excel",Mid,Internship,"South Danielle, TH",70331,12-03-2024,Startup,"BigQuery, TensorFlow, KDB+"
1171,"Nguyen, Brown and Edwards",Finance,Data Scientist,"TensorFlow, MLflow, SQL, PyTorch",Mid,Full-time,"Port Victoriaburgh, PG",100350,04-04-2024,Large,MLflow
1172,Bartlett Group,Healthcare,Quant Researcher,"Scikit-learn, TensorFlow, Azure, CUDA",Senior,Full-time,"West Robin, PY",115511,02-08-2024,Large,"KDB+, TensorFlow, Scikit-learn"
1173,"Moran, Ellis and Vargas",E-commerce,AI Product Manager,"Pandas, AWS, GCP, SQL, Azure, NumPy",Mid,Contract,"New Sethtown, ZW",72481,03-01-2025,Mid,TensorFlow
1174,"Porter, Hernandez and Hall",Tech,AI Product Manager,"MLflow, Keras, Scikit-learn, R, GCP",Mid,Full-time,"Ambertown, LV",144139,27-03-2024,Startup,"KDB+, TensorFlow, FastAPI"
1175,Hunter and Sons,Automotive,AI Product Manager,"SQL, Scikit-learn, Reinforcement Learning, MLflow, Pandas",Senior,Full-time,"South Jasonville, RO",139389,21-11-2024,Large,"MLflow, LangChain"
1176,Moore Ltd,Education,ML Engineer,"NumPy, GCP, SQL, CUDA, PyTorch",Mid,Internship,"Garyville, BZ",165697,28-10-2024,Mid,"BigQuery, MLflow, TensorFlow"
1177,Diaz-Gray,Education,AI Product Manager,"Excel, GCP, C++, NumPy, Hugging Face",Senior,Full-time,"West Justinside, KI",154440,09-09-2024,Mid,"PyTorch, BigQuery, Scikit-learn"
1178,Poole-Scott,Education,Data Analyst,"MLflow, LangChain, Excel, C++",Entry,Contract,"Kellyhaven, GQ",109806,20-07-2025,Startup,"Scikit-learn, BigQuery"
1179,"Bishop, Finley and Duran",Healthcare,Computer Vision Engineer,"C++, CUDA, Keras, Excel",Mid,Contract,"South Meganfort, CZ",179114,03-05-2025,Mid,"PyTorch, LangChain, MLflow"
1180,Rivera Group,Healthcare,AI Product Manager,"CUDA, Pandas, MLflow, Azure, Flask",Entry,Full-time,"Port Jennifer, CF",93769,20-12-2023,Mid,"MLflow, FastAPI, Scikit-learn"
1181,Blanchard LLC,E-commerce,Data Scientist,"LangChain, Python, Excel, C++, FastAPI",Entry,Contract,"North Robertberg, CL",106514,17-03-2025,Startup,"LangChain, KDB+"
1182,"Herman, Rivera and Gonzalez",Retail,Data Analyst,"AWS, Reinforcement Learning, Azure, Python, TensorFlow",Mid,Remote,"East Jessica, PG",182574,03-02-2025,Mid,"Scikit-learn, LangChain, BigQuery"
1183,"Mcmillan, Jensen and Olson",Tech,AI Product Manager,"Reinforcement Learning, Keras, R, MLflow, Power BI, Flask",Mid,Full-time,"Rachelmouth, EG",103697,09-01-2025,Startup,LangChain
1184,"Mcbride, Davenport and Kidd",Tech,Data Scientist,"Keras, NumPy, GCP",Senior,Full-time,"Port Leahland, GQ",108762,09-02-2025,Mid,"LangChain, Scikit-learn"
1185,"Lane, Diaz and Khan",Automotive,AI Researcher,"AWS, Flask, SQL, Keras, Excel",Entry,Contract,"Melaniemouth, RS",148416,30-08-2024,Startup,"MLflow, PyTorch"
1186,Taylor LLC,Tech,AI Researcher,"TensorFlow, Reinforcement Learning, C++, Power BI, LangChain",Entry,Full-time,"Lopezfurt, AD",164119,01-08-2025,Large,"TensorFlow, LangChain"
1187,"Moss, Simmons and Elliott",Finance,ML Engineer,"Power BI, Azure, Hugging Face, Python, C++, R",Entry,Contract,"Matthewville, US",63998,30-08-2025,Large,"LangChain, TensorFlow, MLflow"
1188,"Crane, Robles and Arias",Automotive,ML Engineer,"TensorFlow, Reinforcement Learning, SQL, NumPy, Python",Entry,Contract,"New Michaelmouth, KR",110731,01-06-2024,Mid,"FastAPI, TensorFlow"
1189,Martinez-Fuller,Finance,Data Scientist,"Scikit-learn, GCP, NumPy, Flask, Excel, AWS",Entry,Remote,"Ruizbury, NZ",108450,23-03-2024,Startup,"FastAPI, Scikit-learn"
1190,Wood-Johnson,Finance,AI Researcher,"AWS, NumPy, LangChain, Scikit-learn, FastAPI",Senior,Remote,"Gailland, SK",147662,03-10-2023,Mid,"TensorFlow, Scikit-learn, PyTorch"
1191,Martin Group,Retail,ML Engineer,"CUDA, Power BI, LangChain, Scikit-learn",Senior,Full-time,"Lake Nicole, GT",147307,30-04-2024,Large,"BigQuery, MLflow"
1192,"Morrison, Wallace and Wade",Retail,AI Researcher,"PyTorch, Power BI, Pandas, Scikit-learn",Mid,Internship,"East Cheryl, PG",106785,21-12-2023,Startup,"MLflow, LangChain, Scikit-learn"
1193,"Villa, Hall and Bishop",Automotive,Data Analyst,"LangChain, Power BI, AWS, TensorFlow",Mid,Contract,"New Garytown, FI",80262,21-10-2024,Startup,MLflow
1194,Kennedy-Davis,E-commerce,Data Scientist,"Keras, Python, Power BI, GCP",Senior,Contract,"East Jessicaport, CG",71636,02-02-2025,Mid,"BigQuery, FastAPI, PyTorch"
1195,Anderson Group,E-commerce,Data Scientist,"LangChain, Pandas, Scikit-learn, MLflow, C++",Mid,Contract,"Turnerville, AO",102530,27-01-2024,Mid,PyTorch
1196,"Price, Moore and Kidd",E-commerce,Computer Vision Engineer,"FastAPI, Excel, Scikit-learn, Pandas, PyTorch, Hugging Face",Entry,Full-time,"Rachelview, KH",87738,09-02-2024,Startup,"TensorFlow, BigQuery, MLflow"
1197,Carroll Group,Automotive,NLP Engineer,"C++, AWS, NumPy, SQL",Mid,Remote,"West Monica, TT",99415,19-05-2025,Startup,KDB+
1198,Woods-French,Healthcare,AI Researcher,"TensorFlow, Python, Reinforcement Learning",Mid,Internship,"South Meagan, GQ",107573,31-12-2023,Startup,"PyTorch, Scikit-learn, KDB+"
1199,"Miller, Gonzalez and Kelly",Retail,Data Scientist,"Reinforcement Learning, Flask, C++, Azure, Hugging Face, Python",Senior,Remote,"Kellyborough, PA",128037,26-10-2023,Startup,Scikit-learn
1200,Marquez and Sons,Education,Data Scientist,"TensorFlow, Scikit-learn, NumPy, C++, Hugging Face",Entry,Contract,"Pooleview, NL",130091,31-03-2025,Large,"FastAPI, MLflow, PyTorch"
1201,"Anderson, Lucas and Clements",Retail,Quant Researcher,"SQL, AWS, TensorFlow",Entry,Full-time,"West Bethanyshire, HU",183357,21-09-2024,Mid,PyTorch
1202,Williams LLC,Tech,ML Engineer,"Hugging Face, Pandas, SQL",Mid,Internship,"East Nicholeberg, DE",155737,25-03-2025,Startup,"MLflow, PyTorch, BigQuery"
1203,Braun Inc,Tech,Data Scientist,"NumPy, TensorFlow, Pandas, CUDA",Senior,Internship,"Brooksbury, GE",160031,08-08-2024,Large,BigQuery
1204,"Williams, Carter and Wilson",E-commerce,NLP Engineer,"C++, Pandas, Keras, Excel",Mid,Full-time,"Juliemouth, TR",145101,06-11-2023,Startup,"MLflow, KDB+, Scikit-learn"
1205,Howard-Farrell,Retail,Quant Researcher,"Scikit-learn, Excel, Flask",Entry,Internship,"Fishershire, CN",112864,11-07-2025,Mid,FastAPI
1206,Richards-Adams,Finance,Quant Researcher,"FastAPI, C++, NumPy, Flask",Entry,Contract,"Lake Kathleenville, AZ",117049,17-08-2024,Large,"MLflow, LangChain"
1207,Olson Group,Automotive,Data Scientist,"SQL, Pandas, Flask",Senior,Remote,"East Nicole, GA",94569,25-01-2025,Mid,"FastAPI, MLflow, BigQuery"
1208,Montgomery-Castro,Automotive,Data Analyst,"MLflow, Keras, C++, Reinforcement Learning",Mid,Internship,"South Michelebury, AO",162453,05-10-2023,Startup,"LangChain, FastAPI"
1209,Cannon Group,E-commerce,AI Researcher,"Hugging Face, Flask, Pandas, SQL, TensorFlow",Entry,Remote,"Port Andrew, AF",138827,03-10-2024,Startup,"FastAPI, MLflow, LangChain"
1210,Green-Freeman,Education,Data Scientist,"GCP, LangChain, Scikit-learn, NumPy, Pandas",Mid,Full-time,"East Edwardtown, ME",161710,11-01-2024,Mid,"FastAPI, TensorFlow, MLflow"
1211,"Sullivan, Spencer and Holland",Finance,Quant Researcher,"FastAPI, TensorFlow, Hugging Face, SQL, Azure, Reinforcement Learning",Entry,Internship,"Thomasfurt, VA",102207,28-09-2023,Startup,"Scikit-learn, MLflow, FastAPI"
1212,Barrett-Smith,Automotive,ML Engineer,"SQL, R, AWS",Mid,Internship,"Jessicachester, MW",60169,01-01-2025,Mid,"MLflow, BigQuery, FastAPI"
1213,Vargas-Rodriguez,Automotive,Data Analyst,"AWS, C++, Hugging Face, Azure, TensorFlow, MLflow",Senior,Internship,"Debraton, GT",125484,20-06-2024,Startup,"KDB+, BigQuery"
1214,Gaines-Vance,Healthcare,NLP Engineer,"TensorFlow, MLflow, CUDA",Entry,Remote,"Cervantesmouth, FM",188486,10-09-2025,Large,"MLflow, TensorFlow, FastAPI"
1215,"Brown, Fox and Stokes",Healthcare,AI Product Manager,"Flask, CUDA, Hugging Face, MLflow, FastAPI",Mid,Internship,"Marcmouth, CN",75227,13-08-2025,Mid,LangChain
1216,Sparks-Garrison,E-commerce,Data Analyst,"FastAPI, GCP, C++",Entry,Internship,"New Andreastad, RO",181483,12-07-2024,Mid,"FastAPI, LangChain"
1217,"Payne, Swanson and Silva",Automotive,AI Researcher,"TensorFlow, Power BI, Scikit-learn, Excel",Entry,Remote,"North Jamesside, YE",117462,22-12-2024,Mid,"FastAPI, PyTorch"
1218,Vargas-Edwards,Tech,Data Analyst,"Power BI, GCP, Scikit-learn",Entry,Internship,"Adamtown, CH",67316,08-01-2025,Large,"KDB+, LangChain"
1219,Huynh PLC,Retail,AI Researcher,"R, Keras, Azure, AWS, NumPy, GCP",Entry,Internship,"West Christopher, QA",166406,15-12-2024,Mid,"LangChain, BigQuery, Scikit-learn"
1220,"Griffith, Ruiz and Jones",Healthcare,AI Product Manager,"SQL, FastAPI, CUDA, GCP, LangChain, Scikit-learn",Entry,Internship,"West Christina, BW",121764,14-04-2024,Startup,TensorFlow
1221,Flowers Group,Healthcare,Computer Vision Engineer,"NumPy, R, CUDA, MLflow, Azure, PyTorch",Mid,Full-time,"New Robin, NR",67925,03-10-2023,Mid,"BigQuery, KDB+"
1222,Deleon PLC,Finance,ML Engineer,"Power BI, Keras, TensorFlow",Senior,Contract,"North Brendaview, SE",110757,17-11-2023,Mid,"LangChain, Scikit-learn"
1223,Mcintosh-Mitchell,Tech,ML Engineer,"Keras, Power BI, TensorFlow, Excel, SQL, LangChain",Entry,Internship,"North John, YE",112187,28-07-2024,Mid,"MLflow, Scikit-learn, FastAPI"
1224,Davies-Valentine,Finance,Quant Researcher,"AWS, GCP, Keras, SQL, Pandas, Python",Entry,Full-time,"Dixontown, BY",88346,29-08-2024,Large,"PyTorch, Scikit-learn"
1225,Collins Group,Retail,NLP Engineer,"Azure, PyTorch, LangChain",Entry,Internship,"Brandonville, FR",169207,07-01-2024,Mid,"LangChain, MLflow"
1226,Fields-Ramirez,Education,AI Researcher,"Hugging Face, LangChain, R, Python, SQL, TensorFlow",Mid,Internship,"East Alexandratown, BT",132728,16-03-2024,Large,BigQuery
1227,"Christensen, Heath and Lopez",Education,Quant Researcher,"SQL, Scikit-learn, GCP",Mid,Remote,"Mcdonaldview, TT",112145,07-03-2024,Startup,"LangChain, BigQuery, MLflow"
1228,Cross-Randall,E-commerce,Data Analyst,"Hugging Face, R, TensorFlow",Entry,Contract,"Brianshire, KE",71743,09-12-2024,Large,"TensorFlow, LangChain"
1229,Brewer-Bruce,Finance,Quant Researcher,"TensorFlow, Hugging Face, CUDA, PyTorch",Entry,Contract,"New Donnaville, AG",149932,28-06-2024,Mid,"BigQuery, MLflow, FastAPI"
1230,"Henderson, Owens and Jones",Finance,AI Product Manager,"FastAPI, Python, MLflow, R, TensorFlow",Mid,Internship,"Sullivanborough, TH",153695,11-03-2024,Startup,"Scikit-learn, LangChain"
1231,Lee-Davis,Tech,AI Product Manager,"Excel, Pandas, Power BI, NumPy, Reinforcement Learning, C++",Senior,Internship,"Gonzalesland, UZ",123036,25-03-2024,Startup,Scikit-learn
1232,Watson-Fernandez,Healthcare,Data Scientist,"Flask, Python, C++, Azure",Entry,Full-time,"Mosesland, FJ",145062,17-06-2024,Startup,"FastAPI, Scikit-learn"
1233,"Benjamin, Jordan and Larsen",Education,AI Product Manager,"Scikit-learn, MLflow, Keras, Hugging Face",Senior,Full-time,"New Angelton, SM",125457,16-04-2024,Mid,"PyTorch, FastAPI"
1234,Moore LLC,Finance,Data Scientist,"R, NumPy, Hugging Face, TensorFlow",Senior,Internship,"Willischester, ET",102985,06-10-2024,Startup,KDB+
1235,"Wilson, Roberts and Frank",E-commerce,Data Scientist,"PyTorch, Azure, Flask, SQL, Power BI, TensorFlow",Entry,Full-time,"Port Amy, FJ",136666,15-12-2023,Large,"Scikit-learn, LangChain"
1236,"Hernandez, Long and Hutchinson",E-commerce,AI Product Manager,"GCP, C++, R, Pandas",Senior,Remote,"Hayesport, CH",148563,14-06-2025,Startup,"MLflow, KDB+, LangChain"
1237,"Huffman, Larson and Bryant",Healthcare,NLP Engineer,"NumPy, C++, Python",Entry,Contract,"South Devinburgh, GM",79447,07-09-2025,Startup,"BigQuery, KDB+"
1238,"Perry, Ford and Watson",Finance,Quant Researcher,"Python, Excel, Scikit-learn, TensorFlow, R",Mid,Remote,"Leeville, IR",91347,06-06-2024,Startup,"LangChain, BigQuery, FastAPI"
1239,Coffey Ltd,E-commerce,AI Researcher,"LangChain, GCP, NumPy",Entry,Full-time,"Port Aprilhaven, MD",117506,03-07-2025,Large,"PyTorch, LangChain"
1240,Lewis-Suarez,Education,AI Researcher,"Power BI, Pandas, Python, Keras, NumPy, Scikit-learn",Mid,Full-time,"New Brandonfurt, TJ",142677,29-10-2023,Large,PyTorch
1241,Dominguez Ltd,Education,NLP Engineer,"Flask, Pandas, Power BI, Scikit-learn, R",Senior,Contract,"Gillbury, LR",176231,31-01-2025,Mid,"PyTorch, MLflow"
1242,Bennett-Peck,Finance,AI Researcher,"PyTorch, Hugging Face, GCP, Keras, TensorFlow, AWS",Mid,Remote,"Port Ernest, PY",81594,23-09-2023,Large,Scikit-learn
1243,Jones and Sons,Finance,AI Researcher,"Azure, LangChain, Flask",Mid,Contract,"New Loriberg, OM",164630,05-03-2024,Large,LangChain
1244,Benton-Dunn,Retail,Data Scientist,"AWS, GCP, PyTorch, Keras, TensorFlow",Entry,Full-time,"Justinmouth, BF",89640,17-01-2024,Startup,"Scikit-learn, MLflow, KDB+"
1245,Martin and Sons,Automotive,Data Analyst,"Azure, Keras, R, Scikit-learn, TensorFlow, PyTorch",Senior,Contract,"South Lauraport, MC",176794,20-02-2025,Large,"PyTorch, KDB+"
1246,"Washington, Allen and Watts",Finance,Computer Vision Engineer,"AWS, TensorFlow, R",Mid,Contract,"Kyliehaven, UY",134576,19-04-2025,Startup,"FastAPI, KDB+"
1247,"Bauer, Hayden and Reynolds",Healthcare,NLP Engineer,"NumPy, Excel, GCP, CUDA, AWS",Entry,Full-time,"Matthewland, FI",139689,27-02-2024,Large,"Scikit-learn, PyTorch"
1248,Williams-Hamilton,Tech,AI Researcher,"PyTorch, Keras, R, SQL, Reinforcement Learning, Excel",Entry,Internship,"West Sierra, LT",149476,12-01-2024,Mid,FastAPI
1249,Walters LLC,Healthcare,Quant Researcher,"SQL, Excel, Flask, Scikit-learn",Senior,Contract,"Lake Rodneyfort, BF",144471,23-08-2024,Startup,BigQuery
1250,"Davis, Hanson and Gaines",Automotive,AI Researcher,"Flask, Keras, TensorFlow, CUDA, C++",Mid,Contract,"Lake Phyllisburgh, MY",112093,04-10-2023,Mid,"TensorFlow, FastAPI, BigQuery"
1251,"Garcia, Smith and James",Automotive,ML Engineer,"NumPy, Pandas, SQL, GCP, FastAPI",Mid,Full-time,"Lake Gregoryshire, CD",145203,15-01-2024,Mid,"MLflow, LangChain"
1252,Williams PLC,Retail,Data Analyst,"SQL, Power BI, Excel, Reinforcement Learning",Entry,Contract,"Vanessafurt, TG",177124,29-06-2025,Large,"FastAPI, KDB+"
1253,Powell Ltd,Automotive,Computer Vision Engineer,"NumPy, CUDA, TensorFlow, Pandas, Hugging Face, PyTorch",Senior,Remote,"New Donaldmouth, BG",133711,26-02-2024,Mid,"Scikit-learn, KDB+, LangChain"
1254,Bell-Miles,Tech,Computer Vision Engineer,"R, Excel, NumPy, CUDA, Azure, TensorFlow",Senior,Internship,"East Heather, MX",151680,15-04-2025,Mid,Scikit-learn
1255,Cohen-Gardner,Education,AI Product Manager,"SQL, MLflow, Keras",Mid,Remote,"Bairdmouth, BF",81887,08-07-2024,Large,MLflow
1256,"Smith, Shepherd and Dawson",Education,NLP Engineer,"Keras, FastAPI, Flask",Senior,Remote,"East Matthew, KW",163033,10-07-2025,Startup,MLflow
1257,Dennis-West,Automotive,AI Researcher,"LangChain, SQL, Hugging Face",Mid,Remote,"West Carolberg, KW",111352,20-08-2025,Mid,MLflow
1258,"Cortez, Kirby and Harris",Finance,Computer Vision Engineer,"TensorFlow, Excel, NumPy, Reinforcement Learning, MLflow, Power BI",Senior,Remote,"North George, LC",87290,31-03-2024,Startup,BigQuery
1259,Martin and Sons,Automotive,Data Scientist,"Hugging Face, Pandas, Scikit-learn, Flask",Entry,Internship,"Mitchelltown, GE",141810,01-04-2025,Mid,KDB+
1260,Jones-Romero,Education,Quant Researcher,"AWS, Scikit-learn, TensorFlow, FastAPI, Power BI, Azure",Senior,Full-time,"Coxstad, PE",167855,20-07-2024,Mid,PyTorch
1261,"Mercer, Robinson and Rhodes",E-commerce,Data Scientist,"LangChain, FastAPI, R",Senior,Full-time,"Jacksonborough, BH",154310,22-04-2025,Large,MLflow
1262,White-Gomez,Education,Data Analyst,"TensorFlow, SQL, Reinforcement Learning, AWS, PyTorch, Python",Senior,Contract,"Carlaton, BR",130348,24-07-2025,Large,"PyTorch, TensorFlow"
1263,Morgan-Phillips,E-commerce,Data Analyst,"Scikit-learn, Reinforcement Learning, NumPy, MLflow, Flask, Hugging Face",Entry,Full-time,"Rodriguezchester, SK",164166,18-03-2025,Mid,FastAPI
1264,Bailey-York,Education,AI Researcher,"FastAPI, Azure, NumPy, GCP, Flask",Mid,Internship,"Brittanymouth, ME",59025,05-11-2024,Large,FastAPI
1265,Rodriguez-Walters,Healthcare,AI Product Manager,"Flask, TensorFlow, Python, R, Azure, SQL",Senior,Full-time,"Travistown, PS",143478,18-01-2024,Mid,"PyTorch, Scikit-learn, KDB+"
1266,Ortiz PLC,E-commerce,AI Researcher,"Keras, GCP, Scikit-learn, MLflow, NumPy",Entry,Full-time,"Rochastad, BB",144667,20-02-2025,Large,"LangChain, PyTorch"
1267,Green-Moore,Retail,Data Analyst,"R, NumPy, PyTorch",Senior,Full-time,"East Valerieville, KE",180136,09-01-2024,Startup,PyTorch
1268,"Underwood, Scott and Norris",Education,Data Scientist,"NumPy, Pandas, LangChain, MLflow, TensorFlow, R",Senior,Remote,"Davisville, GQ",173636,19-12-2024,Mid,"BigQuery, TensorFlow, MLflow"
1269,Gonzalez-Gordon,Education,Data Scientist,"MLflow, LangChain, Power BI, CUDA, SQL, TensorFlow",Senior,Full-time,"Jodyville, BA",135070,18-02-2025,Large,"Scikit-learn, LangChain"
1270,Gilmore Group,Tech,Quant Researcher,"Scikit-learn, R, Power BI",Mid,Full-time,"North William, FJ",146055,05-06-2024,Large,"PyTorch, LangChain, BigQuery"
1271,Scott-Jones,Education,Data Scientist,"Keras, NumPy, Reinforcement Learning, Scikit-learn, Azure, Pandas",Mid,Internship,"Haneyview, KR",159589,28-03-2025,Large,"PyTorch, BigQuery"
1272,Johnson-Peters,Tech,NLP Engineer,"LangChain, GCP, NumPy, Python, R",Entry,Contract,"North Daniel, AZ",111218,18-04-2025,Startup,LangChain
1273,"Black, Baker and Sanchez",Healthcare,AI Researcher,"FastAPI, Flask, Power BI, Reinforcement Learning, PyTorch",Entry,Full-time,"West Josebury, IS",168739,19-01-2024,Startup,MLflow
1274,Durham Ltd,Education,Data Analyst,"SQL, MLflow, Keras, TensorFlow, NumPy, Reinforcement Learning",Entry,Contract,"Lake Marychester, CU",124184,05-09-2025,Startup,"KDB+, MLflow"
1275,Lee LLC,Healthcare,AI Researcher,"AWS, NumPy, TensorFlow, Hugging Face, CUDA, Power BI",Senior,Full-time,"South Feliciafurt, SA",108481,02-01-2024,Mid,"PyTorch, FastAPI, Scikit-learn"
1276,Lindsey LLC,Automotive,AI Product Manager,"AWS, Flask, C++, GCP, Hugging Face",Senior,Contract,"West Lauren, FM",134423,31-01-2025,Startup,"FastAPI, TensorFlow"
1277,"Miller, Garcia and Juarez",Automotive,AI Researcher,"Reinforcement Learning, TensorFlow, Flask, Excel, GCP",Senior,Remote,"Port Kevin, TV",176846,10-02-2025,Mid,"Scikit-learn, LangChain, FastAPI"
1278,Matthews and Sons,Retail,NLP Engineer,"TensorFlow, Hugging Face, MLflow, GCP, PyTorch",Senior,Internship,"Port Crystal, SN",137879,10-09-2024,Large,"FastAPI, TensorFlow"
1279,Cannon-Phelps,Retail,Quant Researcher,"FastAPI, Scikit-learn, LangChain",Entry,Full-time,"Lake Danielle, IE",167912,23-10-2024,Startup,"FastAPI, MLflow"
1280,Anderson PLC,Automotive,NLP Engineer,"R, FastAPI, TensorFlow",Entry,Internship,"Sandovalberg, BY",162946,20-02-2025,Mid,Scikit-learn
1281,Brady and Sons,E-commerce,ML Engineer,"Excel, R, Pandas",Entry,Remote,"Stewartfort, AM",57327,30-05-2024,Large,"FastAPI, PyTorch"
1282,Johnson Inc,Finance,Quant Researcher,"PyTorch, CUDA, TensorFlow, FastAPI, Keras",Senior,Full-time,"West Jason, CU",138947,19-10-2023,Startup,Scikit-learn
1283,"Gonzalez, Burnett and Alexander",Automotive,Data Analyst,"Reinforcement Learning, Hugging Face, CUDA, PyTorch",Mid,Remote,"North Paulburgh, BF",85102,10-01-2025,Startup,"BigQuery, PyTorch"
1284,Morris-Lee,Retail,NLP Engineer,"Reinforcement Learning, TensorFlow, Pandas, Keras, Python, PyTorch",Mid,Internship,"West Eric, ZA",72338,28-03-2024,Startup,Scikit-learn
1285,Baxter and Sons,Healthcare,Data Scientist,"Pandas, Reinforcement Learning, FastAPI, Power BI",Senior,Contract,"West Carolynside, TN",111300,06-02-2024,Startup,FastAPI
1286,"King, Hatfield and Small",Automotive,ML Engineer,"Reinforcement Learning, TensorFlow, Hugging Face, SQL, C++, LangChain",Senior,Remote,"Wheelerview, BZ",126432,26-03-2025,Startup,KDB+
1287,"Bailey, Chavez and Green",Tech,Data Scientist,"R, Scikit-learn, LangChain, Flask",Entry,Full-time,"East Marcus, TH",136601,28-04-2025,Large,"BigQuery, TensorFlow"
1288,"Daniels, Lambert and Porter",E-commerce,Data Analyst,"LangChain, C++, Power BI",Entry,Full-time,"Tylerberg, CU",86548,03-03-2025,Large,LangChain
1289,Casey Ltd,E-commerce,ML Engineer,"NumPy, SQL, Flask, Python",Entry,Full-time,"Priceland, TL",117497,18-03-2025,Startup,TensorFlow
1290,"Williams, Robinson and Scott",Tech,ML Engineer,"Excel, Scikit-learn, AWS, Flask, LangChain",Mid,Remote,"Parkborough, BI",141235,30-08-2024,Startup,TensorFlow
1291,Palmer Group,Finance,Data Scientist,"Excel, Pandas, SQL, R, Azure",Senior,Remote,"Port Amyberg, CD",75026,22-01-2024,Large,BigQuery
1292,Brooks Group,Healthcare,AI Researcher,"Pandas, GCP, Power BI, Hugging Face, Reinforcement Learning, CUDA",Senior,Internship,"New Jerome, CY",140169,27-12-2024,Startup,"Scikit-learn, TensorFlow"
1293,"Martinez, Nelson and Hernandez",Education,Data Analyst,"PyTorch, Python, AWS, Reinforcement Learning, FastAPI, CUDA",Senior,Remote,"Port Justin, RW",113679,22-09-2024,Startup,"KDB+, PyTorch, FastAPI"
1294,Sanchez Ltd,Retail,Quant Researcher,"Scikit-learn, PyTorch, Python",Entry,Contract,"North Nicoleland, AF",93975,27-06-2024,Mid,Scikit-learn
1295,Riley Ltd,Retail,Data Scientist,"LangChain, Power BI, Python",Mid,Internship,"Williamside, ST",176691,11-07-2025,Startup,"MLflow, PyTorch"
1296,Hunter Inc,Tech,AI Researcher,"NumPy, PyTorch, Excel",Mid,Remote,"Lindabury, HN",72409,26-10-2023,Large,KDB+
1297,"Day, Jones and Castillo",Finance,Quant Researcher,"Scikit-learn, PyTorch, Reinforcement Learning, Flask, FastAPI, MLflow",Mid,Internship,"North Carolfurt, MM",155555,25-05-2025,Mid,"MLflow, KDB+"
1298,"Tran, Williams and Ochoa",Automotive,NLP Engineer,"CUDA, Pandas, Scikit-learn",Mid,Full-time,"Lake Micheal, SC",189034,11-10-2024,Large,"MLflow, KDB+"
1299,"Deleon, Fuller and Hall",Healthcare,Computer Vision Engineer,"NumPy, PyTorch, SQL, TensorFlow",Entry,Contract,"Parrishburgh, OM",70497,16-05-2025,Mid,MLflow
1300,"Pierce, White and Poole",Retail,NLP Engineer,"Reinforcement Learning, Pandas, Azure, SQL, C++",Senior,Full-time,"Port John, LU",62971,08-07-2024,Startup,"TensorFlow, Scikit-learn"
1301,Johnson LLC,Finance,NLP Engineer,"FastAPI, LangChain, Python, AWS, R, TensorFlow",Senior,Full-time,"Zacharyberg, PG",160367,18-09-2025,Startup,MLflow
1302,Tucker LLC,Education,NLP Engineer,"AWS, Power BI, Pandas, TensorFlow",Mid,Full-time,"East Justin, FJ",128952,07-04-2024,Large,"MLflow, BigQuery, FastAPI"
1303,"Washington, Kirby and Kennedy",Healthcare,AI Product Manager,"Hugging Face, LangChain, Flask, AWS",Entry,Remote,"Lake Bryan, CD",184009,17-07-2025,Large,"FastAPI, LangChain, MLflow"
1304,Mills LLC,Retail,Data Scientist,"PyTorch, C++, Flask, Pandas, NumPy",Mid,Remote,"New Sonya, FJ",91023,18-07-2025,Startup,"MLflow, LangChain, TensorFlow"
1305,Stewart Inc,Automotive,AI Product Manager,"CUDA, LangChain, NumPy, GCP, Flask, Azure",Entry,Internship,"Bradleystad, KI",142300,18-08-2024,Startup,"KDB+, MLflow"
1306,Mckay-Patton,Automotive,NLP Engineer,"Excel, Azure, R, FastAPI, PyTorch, Power BI",Mid,Remote,"Kimfurt, MW",88793,10-09-2024,Large,LangChain
1307,Cooley LLC,Tech,Data Analyst,"TensorFlow, GCP, Power BI, FastAPI, Pandas, R",Entry,Remote,"East Jasonfort, MU",131138,26-10-2024,Mid,LangChain
1308,Williams PLC,Retail,Computer Vision Engineer,"NumPy, Keras, Reinforcement Learning",Mid,Internship,"South Latoya, CV",114005,29-06-2024,Startup,Scikit-learn
1309,"Carlson, Taylor and Johnson",Finance,Quant Researcher,"Excel, SQL, AWS, Scikit-learn, GCP",Senior,Contract,"Scottmouth, NP",161810,25-05-2024,Startup,"LangChain, MLflow, Scikit-learn"
1310,Price LLC,Automotive,NLP Engineer,"PyTorch, Excel, LangChain, Scikit-learn",Senior,Full-time,"Brittanyborough, GN",94473,12-07-2024,Startup,"TensorFlow, FastAPI, KDB+"
1311,Adams and Sons,Tech,AI Researcher,"Scikit-learn, CUDA, GCP, SQL, Reinforcement Learning",Entry,Contract,"Port Judyside, SL",59803,09-07-2024,Large,"LangChain, BigQuery"
1312,Roberts Ltd,Retail,NLP Engineer,"SQL, PyTorch, Keras, Reinforcement Learning, C++, Hugging Face",Senior,Remote,"East Charles, CL",162149,08-08-2024,Startup,"TensorFlow, LangChain"
1313,"Johnson, Fuller and Rogers",Retail,Quant Researcher,"Excel, LangChain, FastAPI, SQL, Azure, Keras",Mid,Full-time,"New Antoniomouth, VN",59295,31-01-2024,Startup,"PyTorch, TensorFlow"
1314,Morgan PLC,Retail,NLP Engineer,"C++, Azure, Hugging Face, Keras, PyTorch",Entry,Internship,"Martinchester, SO",172666,10-02-2025,Startup,KDB+
1315,Evans PLC,Automotive,Quant Researcher,"SQL, Azure, Reinforcement Learning, C++",Mid,Contract,"West Karen, LI",111186,23-09-2024,Mid,FastAPI
1316,Young-Flores,E-commerce,Data Scientist,"Pandas, FastAPI, Azure, Flask, Python, SQL",Mid,Contract,"North Debbie, DJ",125687,03-10-2023,Large,PyTorch
1317,"Howard, Owens and Coleman",Education,AI Researcher,"SQL, NumPy, GCP",Mid,Internship,"Hollowayfort, QA",143622,16-04-2024,Large,"MLflow, TensorFlow, PyTorch"
1318,Jefferson-Cooper,E-commerce,NLP Engineer,"Flask, GCP, C++, Hugging Face, PyTorch",Senior,Remote,"Marissabury, AO",152656,13-02-2025,Startup,"MLflow, TensorFlow, FastAPI"
1319,"Mosley, Schultz and Wilson",Education,ML Engineer,"Hugging Face, MLflow, PyTorch",Entry,Internship,"Roseland, IT",99709,28-08-2025,Large,PyTorch
1320,"Collier, Houston and Brown",E-commerce,Quant Researcher,"Reinforcement Learning, C++, TensorFlow",Mid,Contract,"Adrianstad, SG",67022,23-03-2024,Large,PyTorch
1321,Raymond-Powell,Retail,ML Engineer,"Azure, LangChain, R",Entry,Internship,"Alexchester, GT",125265,28-04-2024,Large,PyTorch
1322,Booth-Gibbs,E-commerce,ML Engineer,"Flask, Excel, Azure, MLflow, Keras, LangChain",Senior,Remote,"Michaelchester, BR",108327,10-03-2025,Mid,LangChain
1323,Henderson-Lewis,Retail,AI Product Manager,"Scikit-learn, TensorFlow, Power BI, SQL, Hugging Face, Excel",Entry,Internship,"Nelsonbury, AE",99268,13-06-2024,Startup,"LangChain, TensorFlow"
1324,Rhodes PLC,E-commerce,AI Product Manager,"Excel, GCP, R",Entry,Internship,"West Laura, SE",82429,13-12-2023,Startup,Scikit-learn
1325,"Yang, Wyatt and Jackson",Education,AI Researcher,"Power BI, NumPy, GCP",Senior,Full-time,"Fitzgeraldmouth, TL",75865,02-01-2025,Mid,KDB+
1326,Ortiz-Hogan,Tech,NLP Engineer,"C++, R, LangChain, Keras",Entry,Remote,"Port Kellieview, FR",165194,12-03-2025,Large,"Scikit-learn, TensorFlow"
1327,Morgan-Kelly,Automotive,AI Researcher,"Hugging Face, AWS, R",Senior,Contract,"Fryeside, UZ",166693,06-06-2025,Mid,"MLflow, LangChain, BigQuery"
1328,Kelly-Conrad,E-commerce,Data Analyst,"CUDA, NumPy, Power BI, Azure, SQL, Keras",Mid,Contract,"Lake Kevinmouth, SE",124759,15-09-2024,Large,KDB+
1329,"Briggs, Chase and Thompson",E-commerce,NLP Engineer,"Azure, MLflow, Keras, Scikit-learn",Entry,Contract,"Claudiaberg, DZ",163559,09-08-2024,Large,"PyTorch, Scikit-learn, KDB+"
1330,Payne-Reese,Finance,AI Product Manager,"GCP, Hugging Face, NumPy, Power BI, Excel, Keras",Mid,Contract,"Campbellville, BS",96910,03-09-2025,Large,"PyTorch, Scikit-learn"
1331,"Mullins, Black and Ferrell",Education,AI Researcher,"R, Scikit-learn, Excel, Hugging Face",Mid,Remote,"North Donald, TL",107123,15-09-2025,Mid,"LangChain, TensorFlow"
1332,"Williams, Johnson and Williams",Automotive,AI Researcher,"Azure, Pandas, Scikit-learn",Entry,Remote,"Charlesberg, DO",103878,23-08-2024,Large,KDB+
1333,"Vega, Trujillo and Sanchez",Healthcare,Data Scientist,"Azure, TensorFlow, AWS, NumPy",Senior,Internship,"East Lauraland, QA",170542,24-02-2025,Large,TensorFlow
1334,Parker Group,E-commerce,Computer Vision Engineer,"NumPy, Flask, MLflow",Entry,Remote,"North Kelly, SI",81238,05-11-2023,Mid,"PyTorch, FastAPI, Scikit-learn"
1335,"Miranda, Gonzalez and Long",Healthcare,AI Researcher,"R, Excel, FastAPI, Pandas, TensorFlow, NumPy",Entry,Full-time,"New Brettburgh, BR",120902,17-05-2024,Large,"LangChain, FastAPI, MLflow"
1336,"Franklin, Saunders and Gray",Automotive,AI Researcher,"CUDA, Hugging Face, Azure",Senior,Full-time,"Lake Kaitlyn, BH",149465,11-12-2023,Large,"FastAPI, PyTorch"
1337,"Smith, Montes and Rodriguez",Education,ML Engineer,"FastAPI, CUDA, NumPy",Entry,Remote,"Johnborough, IR",123245,06-07-2025,Mid,"TensorFlow, Scikit-learn"
1338,"Klein, Mason and Edwards",Finance,ML Engineer,"PyTorch, TensorFlow, FastAPI, NumPy, Reinforcement Learning",Senior,Contract,"Carlsonside, KR",164227,21-02-2025,Startup,BigQuery
1339,Mcbride-Harrison,Retail,Data Scientist,"Python, Pandas, R, Reinforcement Learning",Entry,Remote,"East Angelaville, DM",106558,18-05-2025,Large,"FastAPI, MLflow, BigQuery"
1340,Brown-Shaffer,Healthcare,ML Engineer,"Azure, Hugging Face, C++, Power BI",Mid,Full-time,"East Kimberlystad, LK",66203,14-04-2024,Mid,"FastAPI, BigQuery"
1341,"Mcintyre, Bradley and Scott",Education,Quant Researcher,"SQL, FastAPI, NumPy, TensorFlow, Keras, Reinforcement Learning",Entry,Remote,"Lake Pamelafurt, BB",64069,15-01-2024,Mid,"TensorFlow, MLflow"
1342,Harris-Miller,Tech,Quant Researcher,"Scikit-learn, Keras, Pandas",Entry,Internship,"New Matthew, GM",97995,20-01-2024,Large,"PyTorch, BigQuery"
1343,Meadows PLC,Education,Data Analyst,"FastAPI, MLflow, Excel, Reinforcement Learning, Hugging Face, Pandas",Entry,Internship,"Hendrickstown, UG",172424,04-12-2024,Large,"BigQuery, TensorFlow"
1344,"Crawford, Perry and Reynolds",E-commerce,Data Scientist,"C++, Scikit-learn, FastAPI, GCP",Entry,Contract,"East Alexisbury, MC",155968,02-09-2025,Startup,"BigQuery, FastAPI"
1345,Taylor PLC,Automotive,AI Researcher,"Python, Keras, NumPy, R, Scikit-learn, PyTorch",Senior,Internship,"Murrayton, ST",100950,01-12-2023,Large,"KDB+, Scikit-learn"
1346,"Herring, Smith and Fletcher",Healthcare,Quant Researcher,"Keras, C++, Flask, Python, GCP, NumPy",Entry,Full-time,"Monroemouth, GQ",194146,20-05-2025,Large,"PyTorch, FastAPI"
1347,Howard-Johnson,Automotive,AI Product Manager,"Keras, TensorFlow, Excel, CUDA, PyTorch",Mid,Contract,"Westville, ZA",85037,21-01-2025,Mid,MLflow
1348,Kidd PLC,Tech,AI Product Manager,"TensorFlow, Flask, GCP, Pandas",Entry,Contract,"Madisonstad, BT",87624,01-02-2024,Large,"LangChain, BigQuery, MLflow"
1349,Mccoy Inc,Retail,ML Engineer,"AWS, FastAPI, Keras",Mid,Contract,"North Donnaside, FM",91511,29-08-2025,Mid,"TensorFlow, MLflow"
1350,"Riddle, Costa and Morris",E-commerce,ML Engineer,"Reinforcement Learning, Excel, LangChain, TensorFlow, FastAPI, R",Mid,Internship,"Leeton, ZA",155959,18-10-2023,Large,TensorFlow
1351,Allen-Middleton,E-commerce,AI Researcher,"Excel, FastAPI, Power BI, R",Senior,Contract,"North Shannon, QA",57608,30-07-2025,Startup,LangChain
1352,"Walker, Parks and Ray",Automotive,ML Engineer,"GCP, Hugging Face, MLflow",Entry,Internship,"Sheltonburgh, DE",149865,30-01-2024,Large,"PyTorch, Scikit-learn, TensorFlow"
1353,"Lee, Roberts and Jones",Education,Computer Vision Engineer,"Azure, SQL, AWS",Entry,Internship,"West Nathan, AF",140420,06-03-2025,Startup,MLflow
1354,"Cox, Jacobson and Gillespie",Education,Data Analyst,"Flask, FastAPI, Power BI, Reinforcement Learning, Keras, SQL",Entry,Full-time,"Delgadomouth, ID",64954,29-03-2025,Mid,MLflow
1355,Stevenson-Flores,Retail,AI Product Manager,"R, FastAPI, Power BI",Mid,Internship,"East Kelli, TZ",102334,06-07-2024,Large,KDB+
1356,Fisher Inc,E-commerce,Quant Researcher,"Azure, Scikit-learn, Excel, Flask, GCP, AWS",Mid,Remote,"Copelandfort, WS",79176,12-11-2024,Startup,PyTorch
1357,Santos and Sons,Automotive,AI Researcher,"Azure, GCP, Hugging Face, R, Scikit-learn",Senior,Contract,"Desireestad, MG",56477,20-05-2024,Startup,"LangChain, TensorFlow"
1358,Washington Group,Healthcare,AI Product Manager,"C++, AWS, SQL",Mid,Remote,"Jasonstad, RW",90494,17-10-2024,Startup,"LangChain, Scikit-learn, MLflow"
1359,Hoffman LLC,Automotive,Data Analyst,"SQL, Scikit-learn, TensorFlow, LangChain, R, Power BI",Mid,Full-time,"West Sarahborough, KG",127382,03-02-2024,Startup,"MLflow, TensorFlow, Scikit-learn"
1360,Suarez LLC,Education,AI Product Manager,"C++, LangChain, NumPy, Azure, MLflow",Entry,Internship,"Hodgesborough, ER",130991,28-12-2023,Large,KDB+
1361,Green Ltd,Finance,Computer Vision Engineer,"Keras, Scikit-learn, Pandas, Python, FastAPI",Senior,Internship,"Gordontown, CA",181454,01-01-2024,Startup,"MLflow, LangChain, FastAPI"
1362,Fischer-Guzman,Tech,Computer Vision Engineer,"PyTorch, Python, Flask",Mid,Internship,"North James, UA",147701,26-09-2023,Large,"TensorFlow, KDB+"
1363,Powell-Hall,E-commerce,Computer Vision Engineer,"AWS, R, FastAPI",Senior,Remote,"Ortizside, PK",191997,16-11-2023,Startup,"MLflow, LangChain"
1364,Price-Johnson,E-commerce,ML Engineer,"AWS, PyTorch, Scikit-learn",Senior,Remote,"Leestad, DE",144287,26-04-2024,Startup,Scikit-learn
1365,"Boyle, Griffin and Mitchell",E-commerce,AI Researcher,"Power BI, TensorFlow, Azure, PyTorch, NumPy",Senior,Full-time,"Michaelport, GW",119386,03-03-2024,Startup,TensorFlow
1366,"Gould, Owen and Hahn",Finance,Data Scientist,"FastAPI, AWS, Python",Entry,Full-time,"South Steven, NE",83322,12-02-2025,Startup,"MLflow, FastAPI, BigQuery"
1367,Fox Inc,Retail,Computer Vision Engineer,"Flask, Pandas, SQL, PyTorch",Mid,Remote,"Wheelerborough, VC",78471,13-08-2025,Large,"FastAPI, PyTorch"
1368,"Martin, Morrison and Woods",Healthcare,AI Researcher,"Pandas, PyTorch, Power BI, FastAPI, TensorFlow",Mid,Contract,"South Veronicaberg, AD",126804,24-05-2024,Large,"PyTorch, FastAPI, LangChain"
1369,"Thornton, Johnson and Coleman",Education,Quant Researcher,"Power BI, C++, NumPy",Senior,Full-time,"Daltontown, GD",138396,26-02-2024,Mid,"LangChain, Scikit-learn, PyTorch"
1370,Nelson PLC,E-commerce,Quant Researcher,"PyTorch, Pandas, TensorFlow, Azure, NumPy",Entry,Remote,"North Linda, BG",106510,22-09-2023,Mid,"KDB+, Scikit-learn"
1371,"Peters, Martin and Gonzalez",Finance,Data Scientist,"PyTorch, Excel, Scikit-learn, MLflow",Mid,Internship,"South Jeremyborough, MM",136250,01-05-2024,Mid,"MLflow, TensorFlow"
1372,Holmes-Palmer,Education,Data Analyst,"NumPy, Excel, LangChain, PyTorch, AWS, Power BI",Mid,Full-time,"West Melanie, SG",138243,26-10-2024,Large,"MLflow, TensorFlow"
1373,"Bass, Carpenter and Bishop",E-commerce,Computer Vision Engineer,"Azure, TensorFlow, Excel",Senior,Contract,"West Rebeccachester, BE",165443,09-03-2024,Startup,Scikit-learn
1374,Robinson Inc,Education,AI Product Manager,"Excel, MLflow, NumPy",Senior,Remote,"East Laurie, GH",73627,17-08-2025,Large,LangChain
1375,Moore-Ross,Automotive,NLP Engineer,"AWS, MLflow, Reinforcement Learning, FastAPI, Python",Entry,Remote,"Waltersfurt, KZ",155415,05-03-2024,Mid,"PyTorch, MLflow, KDB+"
1376,Hernandez-Schneider,Education,AI Product Manager,"Python, MLflow, Azure, Reinforcement Learning",Entry,Internship,"South Ravenfurt, TW",99725,26-07-2024,Large,"FastAPI, Scikit-learn"
1377,Singleton-Morris,Automotive,AI Product Manager,"AWS, NumPy, CUDA, Scikit-learn",Entry,Full-time,"East Alyssahaven, ML",126716,13-07-2025,Mid,"PyTorch, BigQuery"
1378,"Smith, Barnett and Robles",Automotive,AI Product Manager,"Azure, R, MLflow, Python, AWS",Entry,Full-time,"Martinezburgh, IN",96635,25-05-2024,Mid,"LangChain, BigQuery"
1379,"Anderson, Perez and Harrison",Healthcare,Quant Researcher,"GCP, Hugging Face, Python",Mid,Remote,"East Daniel, JM",98622,24-07-2024,Large,PyTorch
1380,Woodard-Jones,Finance,ML Engineer,"Hugging Face, PyTorch, SQL, FastAPI",Mid,Internship,"East Michael, CI",173964,20-05-2025,Mid,Scikit-learn
1381,"Taylor, Randolph and Robinson",Finance,Computer Vision Engineer,"CUDA, MLflow, Flask, Python, Scikit-learn, PyTorch",Mid,Contract,"Derekton, AL",93718,24-06-2025,Large,"TensorFlow, PyTorch"
1382,"Scott, Nguyen and Gomez",E-commerce,Data Scientist,"Keras, LangChain, FastAPI",Senior,Contract,"West Austinbury, SC",113347,19-09-2025,Startup,"FastAPI, BigQuery, TensorFlow"
1383,"Stephens, Barnes and Howard",Education,AI Researcher,"AWS, LangChain, Python, PyTorch, R",Mid,Full-time,"Lake Meganchester, CY",82588,27-10-2024,Startup,"Scikit-learn, BigQuery"
1384,Young-Cook,Healthcare,Data Scientist,"CUDA, Pandas, R, Reinforcement Learning, TensorFlow, Azure",Mid,Internship,"North Stephen, LV",168180,28-08-2025,Large,TensorFlow
1385,Perez-Mills,Finance,Data Analyst,"NumPy, MLflow, Flask, Keras, TensorFlow, FastAPI",Senior,Remote,"Vanessamouth, ID",74952,16-10-2023,Startup,"PyTorch, MLflow, Scikit-learn"
1386,"Torres, Williams and Ramos",Automotive,ML Engineer,"GCP, Hugging Face, Keras",Entry,Internship,"New Stephanieside, LI",178275,29-08-2025,Startup,"BigQuery, LangChain, Scikit-learn"
1387,Mosley-Ferrell,Retail,Quant Researcher,"Reinforcement Learning, C++, Scikit-learn",Senior,Full-time,"Paulberg, NE",153067,27-01-2025,Mid,FastAPI
1388,Roman Inc,Retail,Computer Vision Engineer,"AWS, Power BI, TensorFlow, SQL",Mid,Remote,"Lake Vanessashire, MW",135906,23-01-2024,Mid,"LangChain, KDB+, PyTorch"
1389,Johnson-Bell,Automotive,ML Engineer,"AWS, Azure, Reinforcement Learning, NumPy",Senior,Contract,"Toddfurt, LT",97847,08-05-2024,Startup,LangChain
1390,"Macias, King and Sanchez",Education,AI Researcher,"PyTorch, Reinforcement Learning, Pandas",Senior,Contract,"South Jesus, NL",115371,13-01-2025,Startup,"MLflow, PyTorch, LangChain"
1391,Franco and Sons,Automotive,Quant Researcher,"Hugging Face, FastAPI, Reinforcement Learning, Flask",Entry,Internship,"North Amanda, JO",166374,28-01-2025,Startup,KDB+
1392,"Villa, Fowler and Oneill",Tech,Data Scientist,"Power BI, Reinforcement Learning, TensorFlow, CUDA",Senior,Internship,"New Jacob, CZ",187242,08-03-2024,Startup,"LangChain, FastAPI"
1393,Cervantes-Parker,Education,Quant Researcher,"Reinforcement Learning, TensorFlow, R, SQL, FastAPI",Mid,Contract,"Lake Jessicamouth, CH",131540,08-07-2024,Large,TensorFlow
1394,Gonzalez Inc,E-commerce,ML Engineer,"Keras, LangChain, AWS, TensorFlow, Reinforcement Learning, NumPy",Senior,Internship,"West Brian, VU",158607,07-12-2023,Large,"TensorFlow, LangChain, MLflow"
1395,Suarez LLC,Healthcare,ML Engineer,"NumPy, Excel, Scikit-learn, CUDA, R, TensorFlow",Entry,Full-time,"North Richardburgh, HR",119021,06-09-2025,Mid,"BigQuery, LangChain"
1396,"Cox, Taylor and Kent",Tech,NLP Engineer,"C++, TensorFlow, Keras",Entry,Full-time,"New Jamesside, TJ",114536,26-08-2024,Mid,BigQuery
1397,Blanchard-Rodriguez,Automotive,Computer Vision Engineer,"Excel, Scikit-learn, PyTorch, FastAPI",Mid,Remote,"South Corey, LY",166844,29-11-2024,Large,"FastAPI, KDB+"
1398,"Schmitt, Terry and Ramirez",Healthcare,Data Analyst,"Hugging Face, PyTorch, AWS, MLflow",Senior,Contract,"Petersonstad, MX",174747,05-08-2024,Mid,"TensorFlow, BigQuery, FastAPI"
1399,Nixon-Martinez,Education,NLP Engineer,"Reinforcement Learning, MLflow, GCP, Azure, Pandas",Senior,Internship,"Jacksonfurt, EC",101025,21-02-2024,Startup,PyTorch
1400,Jenkins Ltd,Retail,AI Product Manager,"Power BI, Python, Scikit-learn, R, Pandas",Entry,Full-time,"New Jessicaburgh, SE",99837,16-12-2024,Mid,"BigQuery, TensorFlow"
1401,"Grant, Rosario and Williams",Retail,AI Researcher,"Keras, AWS, SQL, CUDA, Python, GCP",Mid,Remote,"Lake Ryanville, AZ",174059,28-12-2024,Large,"TensorFlow, MLflow, PyTorch"
1402,"Rogers, Nixon and Martinez",Retail,ML Engineer,"Excel, Flask, FastAPI",Mid,Internship,"New Lauren, OM",165303,30-03-2024,Large,Scikit-learn
1403,Carter-Lang,Healthcare,AI Researcher,"LangChain, MLflow, Azure",Entry,Full-time,"Millerburgh, ZA",186916,05-03-2025,Mid,"MLflow, BigQuery, LangChain"
1404,"Moss, Salazar and Stanley",Retail,ML Engineer,"CUDA, Scikit-learn, Power BI, TensorFlow",Mid,Full-time,"Kimberlyfurt, HN",153880,22-09-2024,Mid,"Scikit-learn, MLflow"
1405,Carlson-Allen,Retail,Data Analyst,"C++, Azure, CUDA",Mid,Remote,"New Kristinatown, GD",160023,25-11-2023,Mid,"MLflow, FastAPI, LangChain"
1406,Robertson-Alvarez,Automotive,Quant Researcher,"NumPy, Python, SQL",Entry,Internship,"Lake Jacquelineside, SD",91939,17-11-2024,Large,"LangChain, TensorFlow, Scikit-learn"
1407,Gutierrez-Solomon,Healthcare,Computer Vision Engineer,"Pandas, Azure, Reinforcement Learning, C++, FastAPI",Senior,Full-time,"West James, FJ",124579,23-06-2025,Startup,"Scikit-learn, KDB+"
1408,Holland PLC,E-commerce,AI Product Manager,"C++, R, Python, Scikit-learn, Reinforcement Learning, LangChain",Entry,Remote,"Michealburgh, BW",104373,18-05-2025,Mid,"FastAPI, LangChain"
1409,"Gonzalez, Wilson and Barnett",Retail,AI Product Manager,"TensorFlow, Excel, LangChain",Senior,Full-time,"Rogersstad, SL",153856,25-09-2024,Startup,BigQuery
1410,Tran and Sons,Automotive,ML Engineer,"SQL, Flask, C++",Mid,Internship,"Lake Jonathanhaven, SE",142098,29-07-2025,Mid,"Scikit-learn, TensorFlow, PyTorch"
1411,"Pena, Figueroa and Gregory",E-commerce,NLP Engineer,"Scikit-learn, Python, Excel, C++",Senior,Internship,"West Christophermouth, UZ",58720,29-11-2024,Startup,"KDB+, PyTorch, BigQuery"
1412,Perez-Wilkins,Healthcare,Data Scientist,"MLflow, C++, Power BI, LangChain",Senior,Full-time,"Lake Alice, TO",112459,04-01-2025,Startup,"Scikit-learn, KDB+"
1413,Morales-Wallace,Automotive,AI Product Manager,"SQL, C++, R, Scikit-learn, NumPy",Senior,Full-time,"Faulknerfort, SL",104831,19-04-2024,Large,Scikit-learn
1414,Steele-Hansen,E-commerce,AI Product Manager,"Excel, Power BI, Hugging Face, LangChain, MLflow",Mid,Contract,"North Jaclynview, JM",179294,06-07-2025,Startup,"KDB+, LangChain, BigQuery"
1415,"Martin, Love and Gonzalez",Tech,Data Scientist,"Reinforcement Learning, FastAPI, AWS",Entry,Remote,"Port Michael, CI",97127,06-05-2024,Large,FastAPI
1416,Wood PLC,Automotive,Quant Researcher,"Excel, Power BI, Hugging Face, Flask, NumPy",Entry,Full-time,"South Javierport, GB",134991,09-06-2025,Large,"Scikit-learn, BigQuery"
1417,Watson and Sons,Healthcare,Computer Vision Engineer,"R, LangChain, Power BI, C++",Mid,Internship,"Port Timothyhaven, MR",79246,02-03-2025,Startup,"KDB+, BigQuery, FastAPI"
1418,"Martinez, Frye and Murray",Automotive,Data Analyst,"Hugging Face, Excel, Keras, FastAPI, TensorFlow, GCP",Senior,Full-time,"Zamorafort, BY",78976,22-12-2023,Startup,"LangChain, KDB+, MLflow"
1419,Austin-Garza,Education,Data Scientist,"Reinforcement Learning, Pandas, AWS",Entry,Contract,"Landryburgh, BO",105541,27-02-2025,Mid,KDB+
1420,Cook-Francis,Automotive,Quant Researcher,"SQL, GCP, Excel, CUDA, R",Entry,Remote,"Bridgesberg, AZ",126814,06-10-2024,Startup,"BigQuery, KDB+"
1421,Frank-Graham,Education,ML Engineer,"Scikit-learn, Excel, Python, Flask, GCP, C++",Entry,Internship,"South Derrick, BT",76479,08-03-2024,Startup,"TensorFlow, KDB+"
1422,Miller Inc,Tech,NLP Engineer,"Pandas, GCP, Azure, Reinforcement Learning, TensorFlow, MLflow",Mid,Internship,"Alishire, YE",98561,16-11-2024,Startup,"PyTorch, LangChain, BigQuery"
1423,Hughes Group,Retail,Computer Vision Engineer,"CUDA, SQL, C++, PyTorch, Hugging Face, AWS",Senior,Full-time,"Susanville, JO",61595,20-07-2025,Startup,LangChain
1424,Wallace LLC,Automotive,AI Product Manager,"Hugging Face, Power BI, TensorFlow, C++, Python, AWS",Mid,Full-time,"Williefort, SE",149753,16-08-2024,Large,"Scikit-learn, BigQuery"
1425,"Little, Bishop and Silva",Automotive,NLP Engineer,"LangChain, CUDA, FastAPI, Excel, GCP, Power BI",Senior,Contract,"Hubbardville, RU",75912,25-02-2025,Large,Scikit-learn
1426,Randall-Lewis,Education,AI Researcher,"MLflow, Python, Reinforcement Learning, SQL, Pandas, NumPy",Entry,Internship,"Lake Debbie, DZ",154689,12-11-2024,Large,"LangChain, FastAPI"
1427,Jones PLC,Tech,ML Engineer,"Scikit-learn, C++, NumPy, FastAPI",Senior,Remote,"Lake Melissaburgh, NP",97891,27-04-2025,Mid,"BigQuery, KDB+"
1428,"Diaz, Thomas and Hahn",Retail,Computer Vision Engineer,"TensorFlow, C++, Pandas",Entry,Full-time,"North Cody, QA",126027,18-02-2024,Startup,"TensorFlow, KDB+"
1429,Strickland-Oliver,E-commerce,Data Analyst,"TensorFlow, PyTorch, C++",Entry,Contract,"Kimberlyland, SN",188367,14-09-2025,Mid,"LangChain, FastAPI"
1430,Bartlett-Long,Tech,NLP Engineer,"Hugging Face, SQL, AWS, Scikit-learn, C++, Pandas",Mid,Internship,"New Chrisport, MC",126044,28-08-2024,Large,"TensorFlow, FastAPI"
1431,"Martin, Reeves and Holt",Finance,Data Scientist,"CUDA, Scikit-learn, R, Azure",Senior,Contract,"Carolport, WS",80684,08-03-2024,Mid,"BigQuery, LangChain"
1432,Roth-Caldwell,Healthcare,NLP Engineer,"LangChain, PyTorch, TensorFlow, GCP",Entry,Remote,"Brownmouth, SA",60893,27-12-2023,Startup,"TensorFlow, MLflow, BigQuery"
1433,"Cherry, Hernandez and Powell",Automotive,ML Engineer,"MLflow, AWS, SQL, Pandas",Entry,Contract,"Carrollbury, TG",166623,15-08-2024,Startup,"LangChain, FastAPI"
1434,Ross-Harris,Education,Data Scientist,"Python, Flask, Azure, MLflow, Keras, Power BI",Mid,Contract,"East Austinchester, GT",153934,05-05-2024,Mid,"BigQuery, TensorFlow"
1435,Riley-Little,Education,NLP Engineer,"Power BI, Excel, Scikit-learn, Hugging Face, FastAPI",Senior,Internship,"South Rachel, MU",155593,28-01-2024,Startup,LangChain
1436,"Bell, Boyer and Thompson",Tech,ML Engineer,"Python, Keras, Hugging Face, Flask, TensorFlow",Entry,Full-time,"Stevehaven, VC",126097,23-12-2023,Mid,MLflow
1437,"Carter, Green and Page",Automotive,AI Product Manager,"CUDA, TensorFlow, PyTorch, Python, R, NumPy",Entry,Internship,"Port Breannastad, DJ",159046,23-12-2023,Startup,"LangChain, TensorFlow, KDB+"
1438,Fernandez-Campos,Automotive,Data Analyst,"Python, TensorFlow, Power BI",Entry,Remote,"Virginiaside, SA",174958,19-08-2025,Mid,"FastAPI, KDB+, TensorFlow"
1439,"Smith, Austin and Robinson",Tech,Data Analyst,"MLflow, Keras, GCP",Senior,Remote,"Jenniferland, PS",83111,07-04-2025,Large,Scikit-learn
1440,Graham-Cox,E-commerce,Quant Researcher,"MLflow, Hugging Face, Scikit-learn, C++",Mid,Full-time,"Suzanneton, GQ",189270,05-07-2025,Startup,TensorFlow
1441,"Blake, Chen and Barnes",Finance,Computer Vision Engineer,"Pandas, TensorFlow, Hugging Face",Mid,Contract,"Davidmouth, AR",158421,18-04-2025,Startup,TensorFlow
1442,Wilson-Anderson,Retail,Computer Vision Engineer,"Power BI, NumPy, TensorFlow, Flask, SQL",Senior,Full-time,"South Alexton, IQ",152159,25-07-2024,Startup,"BigQuery, FastAPI"
1443,"Allison, Jensen and Wilson",Finance,Data Analyst,"Hugging Face, Scikit-learn, GCP, TensorFlow, NumPy",Senior,Full-time,"West Larrybury, GB",129942,20-10-2023,Startup,BigQuery
1444,Smith PLC,Tech,Computer Vision Engineer,"Power BI, Hugging Face, Azure, NumPy, SQL",Mid,Contract,"West Gerald, SV",127627,29-05-2025,Mid,"BigQuery, PyTorch"
1445,Rose-Knight,Retail,Computer Vision Engineer,"MLflow, TensorFlow, Reinforcement Learning",Entry,Internship,"Marcustown, TL",104374,23-11-2023,Large,FastAPI
1446,Castro-Carpenter,E-commerce,AI Product Manager,"Flask, AWS, TensorFlow, NumPy",Mid,Internship,"East Jonathanville, CF",134656,05-01-2025,Large,"Scikit-learn, KDB+"
1447,Wilson PLC,Retail,Data Analyst,"Scikit-learn, GCP, LangChain, Python, CUDA, Excel",Entry,Remote,"Lake Patrickmouth, SG",163350,24-11-2024,Startup,LangChain
1448,Hodges-Johnson,Finance,AI Product Manager,"Hugging Face, Excel, Scikit-learn, CUDA, SQL, PyTorch",Senior,Remote,"Robersonport, DO",162502,19-04-2025,Startup,"BigQuery, LangChain, Scikit-learn"
1449,Alvarado PLC,Education,Quant Researcher,"Pandas, MLflow, Power BI, Python",Senior,Internship,"Lake William, FI",102684,02-07-2024,Startup,"LangChain, TensorFlow"
1450,"Brown, White and Alvarado",Retail,ML Engineer,"Hugging Face, TensorFlow, C++, Keras, AWS",Senior,Full-time,"Loweland, CN",86525,04-03-2024,Startup,"Scikit-learn, BigQuery"
1451,Flores-Lee,Healthcare,Data Analyst,"C++, Excel, Pandas",Entry,Remote,"Catherineshire, BG",60149,19-02-2025,Startup,TensorFlow
1452,"Sexton, Woods and Allen",Healthcare,ML Engineer,"NumPy, Python, PyTorch",Senior,Internship,"West Ruth, NZ",127196,25-01-2025,Mid,PyTorch
1453,Robinson Ltd,Healthcare,ML Engineer,"Reinforcement Learning, TensorFlow, Excel, Azure",Senior,Full-time,"West Michael, BS",152413,21-12-2024,Startup,"TensorFlow, LangChain"
1454,Williams-Cooper,Automotive,Data Analyst,"Excel, R, FastAPI",Senior,Contract,"North Kelly, JO",49431,13-09-2024,Startup,"Scikit-learn, MLflow"
1455,Garcia-Moss,Healthcare,AI Product Manager,"Excel, R, MLflow, Azure, Flask, TensorFlow",Senior,Internship,"North Jay, AG",95187,24-02-2025,Startup,"PyTorch, TensorFlow, MLflow"
1456,"Lopez, Kelley and Davis",Automotive,NLP Engineer,"LangChain, SQL, Hugging Face, AWS, CUDA",Senior,Contract,"West Robertfort, NR",64170,13-01-2025,Startup,"KDB+, FastAPI, PyTorch"
1457,Hunter Inc,Education,NLP Engineer,"Excel, Power BI, Python",Senior,Full-time,"Adamfort, PK",119943,07-01-2025,Mid,"FastAPI, PyTorch"
1458,Bush Inc,Education,AI Researcher,"MLflow, Pandas, NumPy, GCP, FastAPI, LangChain",Entry,Full-time,"New Christophermouth, MC",126488,09-03-2025,Startup,"FastAPI, KDB+, PyTorch"
1459,"Martin, Joseph and Baldwin",Retail,NLP Engineer,"GCP, Flask, TensorFlow, MLflow",Entry,Full-time,"North Jamiestad, CA",119855,13-08-2025,Large,"BigQuery, PyTorch"
1460,Kelly and Sons,Retail,NLP Engineer,"Reinforcement Learning, MLflow, Hugging Face, C++, Azure",Senior,Remote,"Taylorchester, VE",149631,12-11-2023,Startup,MLflow
1461,Wheeler LLC,Finance,Computer Vision Engineer,"Hugging Face, TensorFlow, MLflow",Senior,Remote,"Wellsport, SL",98310,16-02-2024,Startup,"PyTorch, KDB+, TensorFlow"
1462,"Moore, Smith and Obrien",Education,Quant Researcher,"FastAPI, Scikit-learn, MLflow",Mid,Contract,"West Chad, GY",174499,18-01-2025,Startup,BigQuery
1463,"Perez, Rangel and Pugh",Education,AI Product Manager,"MLflow, CUDA, GCP, Pandas, Power BI",Mid,Remote,"Jeremyshire, CI",107404,30-05-2024,Mid,"KDB+, Scikit-learn, MLflow"
1464,Martinez-Williams,Education,Data Analyst,"Python, Azure, CUDA, NumPy, Power BI",Senior,Contract,"Christopherfort, BJ",87857,24-10-2024,Large,"FastAPI, KDB+"
1465,Klein-Williams,E-commerce,NLP Engineer,"Pandas, MLflow, C++, Reinforcement Learning, SQL, Python",Mid,Internship,"Amberchester, AU",157099,14-05-2024,Startup,"LangChain, MLflow"
1466,Vazquez and Sons,Healthcare,AI Researcher,"GCP, C++, FastAPI",Senior,Contract,"Porterland, UZ",104713,09-03-2025,Large,TensorFlow
1467,"Calderon, Kelly and Velasquez",Tech,ML Engineer,"NumPy, Python, SQL, CUDA, Hugging Face",Entry,Internship,"West Drew, MU",126862,14-10-2024,Mid,"FastAPI, BigQuery"
1468,Johnson-Rivas,Retail,AI Researcher,"GCP, TensorFlow, Hugging Face",Senior,Contract,"North Lauren, LU",148045,12-09-2024,Startup,"LangChain, TensorFlow, BigQuery"
1469,"Lee, Huerta and Mcclain",Tech,AI Researcher,"Excel, LangChain, AWS, CUDA, Hugging Face, Power BI",Entry,Full-time,"New Benjamin, NO",140119,12-02-2024,Mid,"Scikit-learn, MLflow"
1470,Wilson LLC,Retail,Data Analyst,"Power BI, GCP, NumPy",Senior,Full-time,"Stacyview, AO",76398,31-10-2024,Mid,"LangChain, MLflow"
1471,Beck-Miller,Retail,Computer Vision Engineer,"Reinforcement Learning, Keras, TensorFlow, Python, LangChain",Senior,Remote,"Bushport, SC",50505,08-08-2024,Startup,"Scikit-learn, MLflow, LangChain"
1472,Dominguez LLC,Education,Data Analyst,"Reinforcement Learning, Keras, MLflow, PyTorch, Pandas",Entry,Remote,"New Austin, CN",122831,11-09-2024,Mid,TensorFlow
1473,Ruiz-Smith,E-commerce,AI Researcher,"Pandas, MLflow, LangChain, Hugging Face, TensorFlow, PyTorch",Senior,Full-time,"Jennifershire, ES",140330,20-06-2025,Mid,FastAPI
1474,Johnson LLC,Healthcare,ML Engineer,"Hugging Face, Excel, TensorFlow, R, Keras",Mid,Contract,"West Samanthamouth, VU",144006,11-09-2024,Large,PyTorch
1475,"Gonzalez, Smith and Rice",Finance,Data Scientist,"Flask, PyTorch, LangChain, Pandas, Azure, FastAPI",Senior,Contract,"Port Robert, CG",57807,05-02-2025,Mid,"TensorFlow, PyTorch"
1476,"Trevino, Adams and Carroll",Automotive,Computer Vision Engineer,"GCP, Power BI, AWS, LangChain",Mid,Internship,"East Jocelynfort, HN",106872,04-08-2024,Startup,"FastAPI, Scikit-learn"
1477,"Ellis, Jones and Grant",Education,NLP Engineer,"Python, Pandas, C++",Entry,Full-time,"Johnbury, TR",129043,31-01-2025,Large,"FastAPI, BigQuery, PyTorch"
1478,Griffin and Sons,Finance,Computer Vision Engineer,"R, NumPy, PyTorch, Pandas",Senior,Contract,"Ronaldbury, LA",162714,15-02-2024,Large,PyTorch
1479,Crawford Ltd,Tech,Quant Researcher,"R, Pandas, CUDA",Entry,Contract,"Ericfurt, NO",77089,18-03-2025,Startup,FastAPI
1480,"Bell, Ruiz and Hull",Education,Data Scientist,"MLflow, FastAPI, GCP",Entry,Contract,"Michaeltown, PW",92241,24-09-2023,Large,"TensorFlow, FastAPI, BigQuery"
1481,Wilkerson LLC,Tech,NLP Engineer,"NumPy, Flask, Pandas",Mid,Internship,"Jenniferbury, DJ",108869,19-10-2023,Startup,KDB+
1482,Davis-Owen,Finance,NLP Engineer,"Hugging Face, MLflow, Python, Reinforcement Learning",Mid,Remote,"Nicholaston, MN",120858,16-11-2024,Startup,"BigQuery, TensorFlow"
1483,Fry Inc,E-commerce,Data Analyst,"Power BI, CUDA, Excel",Senior,Contract,"North Melanie, SG",82880,19-07-2025,Startup,"BigQuery, MLflow"
1484,Myers PLC,Finance,NLP Engineer,"Power BI, TensorFlow, NumPy, MLflow",Mid,Remote,"West Denise, SZ",59185,17-02-2025,Startup,FastAPI
1485,Rosales Ltd,Education,Quant Researcher,"PyTorch, GCP, Reinforcement Learning, TensorFlow, FastAPI",Mid,Remote,"Mitchellview, CO",124711,29-10-2023,Mid,"KDB+, Scikit-learn, PyTorch"
1486,"Wilkerson, Chase and Rivera",Tech,Data Scientist,"AWS, R, FastAPI, Python, MLflow",Mid,Remote,"Torresport, IL",153008,19-11-2023,Mid,TensorFlow
1487,Clark Ltd,Healthcare,AI Product Manager,"R, GCP, Power BI, Python, Pandas",Mid,Internship,"North Cassandraville, SI",93042,10-09-2025,Startup,"LangChain, MLflow, TensorFlow"
1488,Holt-Wells,Automotive,Computer Vision Engineer,"Reinforcement Learning, C++, Pandas, Keras, NumPy",Senior,Contract,"Bryanshire, JM",177869,12-12-2024,Startup,"MLflow, Scikit-learn"
1489,Larson Ltd,Tech,ML Engineer,"FastAPI, Keras, C++, LangChain, SQL, AWS",Mid,Full-time,"Carterton, BN",59862,27-07-2024,Mid,"PyTorch, LangChain"
1490,Ray-Edwards,Automotive,AI Researcher,"Python, Hugging Face, Flask, Excel",Entry,Full-time,"Port Krista, BZ",125841,08-11-2023,Mid,"MLflow, LangChain, FastAPI"
1491,"Roth, Johnson and Cummings",Healthcare,NLP Engineer,"Pandas, Python, C++",Senior,Full-time,"Brianfurt, RO",166738,12-02-2025,Large,"FastAPI, MLflow, LangChain"
1492,Powell-Parker,Automotive,Computer Vision Engineer,"MLflow, Scikit-learn, TensorFlow, Azure, SQL, R",Entry,Full-time,"West Jeffreyburgh, CR",148387,03-11-2024,Startup,BigQuery
1493,Montoya Inc,Finance,Computer Vision Engineer,"Azure, R, Pandas, MLflow, TensorFlow, Keras",Mid,Remote,"Simmonsfurt, GT",163337,28-09-2024,Mid,"LangChain, TensorFlow"
1494,"Allen, Hernandez and Salazar",Finance,Data Analyst,"Reinforcement Learning, Power BI, C++, AWS",Entry,Full-time,"East Anthony, HU",117161,05-07-2025,Large,TensorFlow
1495,Miller-Salazar,Healthcare,AI Researcher,"Excel, TensorFlow, Hugging Face, MLflow, SQL",Entry,Full-time,"Mccoyfort, BB",117817,13-11-2023,Mid,"FastAPI, TensorFlow, BigQuery"
1496,"Klein, Brown and Wallace",Healthcare,AI Product Manager,"Hugging Face, LangChain, Azure, AWS, SQL",Senior,Contract,"Markside, UY",151860,09-09-2024,Large,"FastAPI, PyTorch, KDB+"
1497,"Kim, Farrell and Tucker",E-commerce,AI Product Manager,"C++, Scikit-learn, FastAPI",Entry,Remote,"New Julie, KZ",163237,04-07-2024,Large,TensorFlow
1498,Mckee-Brown,Finance,NLP Engineer,"FastAPI, Reinforcement Learning, PyTorch, C++, Keras",Entry,Contract,"Zacharyside, HR",116849,23-12-2024,Mid,FastAPI
1499,"Campbell, Winters and Glover",Tech,NLP Engineer,"CUDA, Pandas, AWS, LangChain",Senior,Contract,"Haroldside, SN",189411,07-06-2025,Large,"TensorFlow, KDB+"
1500,Hart LLC,E-commerce,Quant Researcher,"LangChain, AWS, MLflow, SQL, Hugging Face, Power BI",Senior,Internship,"Lake Grace, ID",109493,22-02-2024,Startup,Scikit-learn
1501,Burns-Guzman,Tech,Quant Researcher,"Flask, LangChain, C++",Entry,Internship,"South Stacymouth, KP",88723,27-01-2024,Large,TensorFlow
1502,"Craig, Ortiz and Gross",Finance,Computer Vision Engineer,"Azure, Hugging Face, TensorFlow, NumPy, PyTorch",Senior,Internship,"Garyfurt, PK",85216,28-08-2025,Large,"Scikit-learn, BigQuery, KDB+"
1503,Mccormick Group,E-commerce,AI Researcher,"R, Reinforcement Learning, LangChain, Hugging Face, CUDA, Flask",Entry,Remote,"Julieton, NL",169203,21-11-2024,Large,KDB+
1504,Ortiz and Sons,Education,AI Product Manager,"CUDA, FastAPI, Power BI, Flask, SQL",Senior,Internship,"East Nancy, PG",93775,22-07-2025,Mid,"PyTorch, MLflow"
1505,"Guzman, Peterson and Perry",Tech,Computer Vision Engineer,"GCP, CUDA, R",Mid,Full-time,"North Mikayla, BZ",114397,26-06-2025,Large,TensorFlow
1506,Vazquez-Davis,Tech,AI Product Manager,"Flask, Hugging Face, Keras, Excel, Scikit-learn",Mid,Remote,"North Emilyton, PT",112001,28-02-2024,Startup,"LangChain, TensorFlow, FastAPI"
1507,Gross PLC,E-commerce,Computer Vision Engineer,"CUDA, Excel, Keras, C++, PyTorch, GCP",Mid,Remote,"Billyton, LS",129500,15-11-2024,Large,PyTorch
1508,Lee-Johnson,Retail,AI Product Manager,"GCP, C++, MLflow, PyTorch, Scikit-learn, FastAPI",Entry,Internship,"Rachelside, MM",82683,10-03-2024,Startup,"TensorFlow, KDB+"
1509,Kelly Group,Education,Data Analyst,"Pandas, LangChain, Excel, Power BI, Keras",Entry,Full-time,"East Robertmouth, SO",60659,08-06-2025,Mid,Scikit-learn
1510,Johnson-Guzman,Automotive,NLP Engineer,"Power BI, Reinforcement Learning, LangChain, SQL, Excel, Scikit-learn",Entry,Contract,"Elizabethbury, VE",162492,17-12-2024,Startup,"TensorFlow, PyTorch, MLflow"
1511,Schneider-Barnett,Finance,AI Researcher,"TensorFlow, CUDA, Reinforcement Learning, GCP, Excel",Entry,Internship,"Jenniferfurt, SN",141234,24-10-2024,Mid,PyTorch
1512,"Evans, Le and Gomez",Education,NLP Engineer,"Keras, NumPy, Reinforcement Learning, Azure, GCP, Power BI",Senior,Full-time,"Phyllisburgh, BS",61337,21-03-2024,Startup,BigQuery
1513,Wade PLC,Tech,AI Researcher,"Power BI, Keras, GCP, FastAPI",Mid,Remote,"Greenmouth, VC",125651,08-12-2023,Large,TensorFlow
1514,Figueroa LLC,Healthcare,Data Analyst,"MLflow, FastAPI, Azure, Keras, Pandas, CUDA",Entry,Full-time,"East Nathan, MV",98205,29-12-2024,Startup,Scikit-learn
1515,Marshall LLC,Healthcare,Quant Researcher,"MLflow, TensorFlow, CUDA, GCP",Senior,Remote,"Peterville, SM",106257,13-07-2025,Large,"BigQuery, MLflow, KDB+"
1516,"Browning, Sanchez and Elliott",Automotive,Computer Vision Engineer,"Python, Pandas, LangChain, PyTorch, Hugging Face",Entry,Full-time,"Spearshaven, RU",56714,20-12-2023,Large,"PyTorch, MLflow, Scikit-learn"
1517,"Thompson, Baker and Ortega",Finance,Data Scientist,"Reinforcement Learning, Pandas, Flask",Senior,Internship,"Parkerfort, IT",79699,25-10-2024,Mid,"PyTorch, FastAPI, TensorFlow"
1518,"Bailey, Wilson and Fry",Retail,Computer Vision Engineer,"LangChain, Azure, GCP, Python, R, C++",Senior,Internship,"South Michael, KM",67861,29-12-2023,Startup,"KDB+, MLflow, Scikit-learn"
1519,"Gallagher, Montes and Rowe",Tech,Data Scientist,"AWS, Flask, Reinforcement Learning, LangChain, R",Senior,Internship,"New Brian, KH",184544,08-01-2024,Mid,"FastAPI, TensorFlow, MLflow"
1520,"Chan, Miller and Meyer",E-commerce,AI Product Manager,"Pandas, Reinforcement Learning, NumPy, TensorFlow, Keras, CUDA",Mid,Contract,"Lake Michele, AU",180039,06-12-2024,Mid,"FastAPI, TensorFlow"
1521,Boyd PLC,Finance,ML Engineer,"Keras, Scikit-learn, FastAPI, Azure, GCP, CUDA",Mid,Internship,"Johnsonport, BT",140316,12-07-2025,Large,"TensorFlow, LangChain, BigQuery"
1522,Evans Group,Retail,NLP Engineer,"GCP, Keras, Flask, LangChain, TensorFlow, Python",Entry,Full-time,"South Jonathanhaven, PL",168492,07-10-2024,Mid,BigQuery
1523,Martin-Torres,Tech,AI Researcher,"Python, Azure, Power BI, Pandas, C++, FastAPI",Mid,Internship,"Michaelport, KW",83046,27-11-2024,Startup,"Scikit-learn, MLflow"
1524,"Gross, Rivera and Gutierrez",Automotive,Data Scientist,"LangChain, NumPy, Pandas, Azure, Scikit-learn, Hugging Face",Entry,Remote,"Olivermouth, NG",102295,21-01-2024,Startup,KDB+
1525,Holland LLC,Retail,NLP Engineer,"Scikit-learn, MLflow, AWS",Entry,Internship,"Stewartborough, LV",166270,03-10-2023,Mid,"Scikit-learn, MLflow"
1526,"Novak, Clark and Sullivan",E-commerce,NLP Engineer,"FastAPI, LangChain, R",Mid,Remote,"Robinview, NZ",82873,29-09-2024,Mid,"FastAPI, KDB+, BigQuery"
1527,Hall PLC,Tech,Quant Researcher,"Flask, Pandas, Reinforcement Learning, Scikit-learn, NumPy",Entry,Internship,"Ryanshire, TL",148780,21-10-2023,Startup,"FastAPI, KDB+"
1528,Gamble-Cardenas,E-commerce,Quant Researcher,"R, Flask, Power BI",Entry,Contract,"Kristenside, ZM",151071,30-09-2024,Large,TensorFlow
1529,"Sutton, Mcdonald and Vang",Automotive,AI Product Manager,"PyTorch, Hugging Face, SQL, MLflow, R, Python",Senior,Full-time,"Jessicafort, MR",109375,10-03-2024,Large,"KDB+, LangChain"
1530,Foster and Sons,Tech,Computer Vision Engineer,"GCP, Flask, PyTorch, AWS, Excel, Keras",Mid,Internship,"Katelynstad, JM",163283,04-04-2024,Mid,"KDB+, FastAPI, MLflow"
1531,Myers Group,E-commerce,AI Product Manager,"FastAPI, Reinforcement Learning, AWS",Mid,Contract,"Williamburgh, KI",142079,15-12-2023,Mid,"BigQuery, MLflow, KDB+"
1532,Davis-French,Automotive,Computer Vision Engineer,"AWS, Excel, Flask, PyTorch",Senior,Internship,"New Miranda, YE",112514,18-05-2025,Large,"LangChain, FastAPI"
1533,"Rivera, Kennedy and Smith",Retail,AI Product Manager,"PyTorch, GCP, Excel, Flask",Entry,Full-time,"East Debraport, GT",119146,24-06-2025,Large,"FastAPI, MLflow, PyTorch"
1534,"Romero, Clark and Williams",Retail,Data Scientist,"GCP, Reinforcement Learning, AWS",Senior,Full-time,"East Josephland, KM",138109,23-06-2025,Startup,"TensorFlow, PyTorch"
1535,Wong-Miller,Tech,ML Engineer,"Flask, NumPy, Scikit-learn",Entry,Full-time,"Lake Joseph, DO",130443,09-05-2024,Large,LangChain
1536,"Franco, Green and Green",Finance,ML Engineer,"MLflow, GCP, Python, R, TensorFlow",Senior,Internship,"Michelleborough, AT",69071,25-01-2024,Mid,MLflow
1537,Gould Inc,Automotive,Computer Vision Engineer,"Azure, CUDA, LangChain, Hugging Face",Mid,Contract,"North Amber, CH",81007,05-01-2024,Large,Scikit-learn
1538,"Page, Garrett and Little",Tech,Computer Vision Engineer,"Keras, Pandas, CUDA",Entry,Full-time,"South Kelly, ZA",163616,25-08-2025,Mid,"LangChain, PyTorch, KDB+"
1539,Moore LLC,Finance,Data Scientist,"Reinforcement Learning, Power BI, Hugging Face, CUDA, Pandas",Senior,Internship,"West Gregory, MC",157671,29-11-2023,Large,"TensorFlow, BigQuery, Scikit-learn"
1540,Schaefer-Mcbride,Automotive,Data Scientist,"AWS, MLflow, Hugging Face, Flask",Mid,Contract,"South Kurtberg, VC",115117,19-03-2024,Mid,BigQuery
1541,Wallace and Sons,Automotive,Computer Vision Engineer,"NumPy, R, Pandas",Entry,Internship,"Meganmouth, SA",172321,17-10-2023,Mid,"MLflow, KDB+"
1542,"Le, Morris and Hernandez",Retail,Data Scientist,"TensorFlow, Azure, C++, Scikit-learn, Python, Flask",Entry,Full-time,"Ralphbury, PA",180953,06-10-2024,Startup,"Scikit-learn, FastAPI, BigQuery"
1543,"Johnson, Gomez and Neal",E-commerce,Data Scientist,"SQL, MLflow, LangChain",Senior,Remote,"East Elizabeth, TO",85880,06-01-2025,Large,"FastAPI, Scikit-learn"
1544,Campbell-Yu,Healthcare,ML Engineer,"Keras, MLflow, Hugging Face, FastAPI, Azure",Mid,Contract,"New Nicholas, GN",171281,16-01-2025,Large,KDB+
1545,"Martinez, Gonzalez and Rasmussen",Automotive,Data Analyst,"Excel, Azure, Hugging Face, FastAPI",Entry,Contract,"Gregorytown, QA",187140,12-07-2024,Startup,TensorFlow
1546,"Gonzalez, Roth and Gilbert",Healthcare,Quant Researcher,"AWS, Keras, FastAPI",Entry,Remote,"Espinozaside, NG",158002,24-06-2025,Large,LangChain
1547,"Brown, Morris and Young",Education,AI Researcher,"Power BI, Keras, Pandas, Excel, NumPy, PyTorch",Senior,Contract,"West Alicia, EC",145712,24-05-2024,Large,"TensorFlow, Scikit-learn"
1548,Avila-Johnson,Healthcare,AI Researcher,"NumPy, Hugging Face, Keras, Azure",Senior,Internship,"Marshallfort, IT",107741,11-07-2025,Startup,"BigQuery, TensorFlow"
1549,Lynch and Sons,E-commerce,Quant Researcher,"Scikit-learn, Pandas, Python, Keras",Mid,Remote,"Dennisland, BS",70175,09-03-2025,Startup,"Scikit-learn, KDB+"
1550,Haynes-George,Education,Computer Vision Engineer,"Flask, GCP, FastAPI, Reinforcement Learning",Mid,Full-time,"Port Jeremiahshire, BT",119039,16-10-2023,Mid,"Scikit-learn, KDB+, PyTorch"
1551,Fowler-Stewart,Finance,AI Researcher,"Hugging Face, PyTorch, Power BI, Pandas, Flask",Senior,Remote,"Taylorfort, KP",75479,23-09-2024,Large,"MLflow, LangChain"
1552,"Powell, Ruiz and Smith",Finance,AI Product Manager,"CUDA, NumPy, TensorFlow, Keras",Senior,Full-time,"Adkinshaven, CZ",73466,08-04-2025,Mid,"KDB+, MLflow"
1553,"Richardson, Rojas and Patton",Finance,Quant Researcher,"Python, R, TensorFlow, AWS, Hugging Face, GCP",Entry,Contract,"East Carolinehaven, IE",58912,23-09-2023,Mid,"BigQuery, KDB+, MLflow"
1554,Patterson-Green,Finance,Computer Vision Engineer,"NumPy, TensorFlow, Reinforcement Learning, Keras",Entry,Full-time,"Mooreland, NZ",112342,27-10-2024,Startup,"BigQuery, TensorFlow, PyTorch"
1555,Conner-Rivera,Retail,Data Analyst,"LangChain, Keras, SQL, NumPy, TensorFlow, Scikit-learn",Entry,Internship,"Lake Andrewchester, DJ",163201,08-02-2025,Large,"MLflow, FastAPI"
1556,Johnson-Murphy,Education,Data Scientist,"R, FastAPI, NumPy, PyTorch, Excel",Entry,Full-time,"North Joshuahaven, DO",144478,16-12-2024,Mid,KDB+
1557,"Freeman, Williams and Thomas",Finance,ML Engineer,"FastAPI, Azure, Pandas, Keras",Entry,Full-time,"Barajaston, DZ",128135,19-01-2024,Large,"Scikit-learn, TensorFlow"
1558,Reilly PLC,Education,ML Engineer,"AWS, Azure, C++, NumPy",Senior,Internship,"Bennettfurt, IQ",186495,19-09-2025,Startup,"Scikit-learn, BigQuery, LangChain"
1559,"Sosa, Whitney and Dickerson",Tech,AI Product Manager,"GCP, R, Flask, Azure, Pandas, FastAPI",Mid,Remote,"Williamshire, TJ",186574,27-05-2025,Startup,PyTorch
1560,Johnson PLC,Education,NLP Engineer,"TensorFlow, GCP, Flask, Excel",Senior,Internship,"Jenniferburgh, SC",111453,29-11-2024,Mid,"MLflow, PyTorch"
1561,Rosales-Peterson,Tech,ML Engineer,"TensorFlow, Flask, AWS, Python",Entry,Internship,"Gonzaleshaven, MR",85420,26-09-2024,Large,TensorFlow
1562,"Salazar, Wiggins and Campbell",Healthcare,AI Product Manager,"Reinforcement Learning, C++, Keras",Senior,Remote,"North Alexandra, MZ",58870,29-07-2025,Large,"BigQuery, MLflow, PyTorch"
1563,Torres PLC,Automotive,Data Scientist,"SQL, Hugging Face, CUDA, GCP, NumPy, C++",Senior,Full-time,"Rodriguezmouth, AE",57515,04-06-2024,Mid,"PyTorch, Scikit-learn"
1564,"Zuniga, Coleman and Guzman",Finance,Computer Vision Engineer,"Python, TensorFlow, Azure, PyTorch, Power BI, Hugging Face",Entry,Contract,"South Jamesstad, GT",56051,06-07-2025,Mid,"TensorFlow, KDB+"
1565,Oliver-Miller,E-commerce,AI Product Manager,"GCP, SQL, Flask, C++, Scikit-learn",Senior,Internship,"Sarahton, ER",121012,11-06-2025,Mid,"BigQuery, FastAPI, Scikit-learn"
1566,"Mullins, Butler and Moses",Education,AI Researcher,"LangChain, Scikit-learn, Hugging Face",Senior,Remote,"South Jason, PG",155989,12-06-2025,Large,FastAPI
1567,"Roberson, Dunlap and Todd",E-commerce,NLP Engineer,"FastAPI, SQL, GCP, Pandas, CUDA, Reinforcement Learning",Entry,Internship,"New Samanthaberg, BD",135291,11-07-2024,Large,"FastAPI, Scikit-learn, KDB+"
1568,Hammond-Miles,Finance,Data Scientist,"MLflow, Python, AWS, NumPy, Flask, C++",Entry,Full-time,"Lake Brianna, ET",166364,05-09-2025,Large,"FastAPI, PyTorch"
1569,"Walls, Young and Cook",E-commerce,Data Scientist,"Reinforcement Learning, Keras, MLflow, Flask, Pandas, AWS",Senior,Contract,"New Nicole, AZ",77929,12-02-2024,Startup,MLflow
1570,Henderson-Douglas,Automotive,AI Product Manager,"C++, Scikit-learn, PyTorch, SQL, Reinforcement Learning, Hugging Face",Entry,Full-time,"Larsenport, FM",128030,07-12-2024,Mid,KDB+
1571,Waters Group,Healthcare,AI Researcher,"Azure, CUDA, Excel",Senior,Full-time,"Lewiston, HN",122985,18-12-2024,Large,KDB+
1572,"Evans, Keller and Macdonald",E-commerce,ML Engineer,"Excel, Flask, SQL, R",Senior,Internship,"Sanchezland, LI",76832,01-11-2023,Large,MLflow
1573,"Smith, Smith and Calhoun",Healthcare,ML Engineer,"Keras, NumPy, Flask, Python",Mid,Full-time,"Jamesburgh, LS",174547,07-04-2024,Startup,FastAPI
1574,Holmes Inc,Finance,AI Product Manager,"LangChain, NumPy, CUDA",Senior,Contract,"Bendershire, AG",142172,22-04-2024,Startup,"BigQuery, KDB+"
1575,Gordon-Bradley,Education,Quant Researcher,"R, Excel, SQL, MLflow, PyTorch, CUDA",Senior,Remote,"Higginsview, NI",88182,30-10-2023,Mid,Scikit-learn
1576,Garrison-Rosales,Healthcare,Quant Researcher,"GCP, Python, R",Mid,Remote,"New Henryshire, TZ",128559,17-09-2024,Startup,LangChain
1577,Beasley LLC,Tech,Data Analyst,"GCP, PyTorch, Keras, Reinforcement Learning, C++",Mid,Contract,"Port Christinaburgh, TN",180249,16-06-2024,Mid,"Scikit-learn, FastAPI"
1578,"Miller, Harris and Johnson",Retail,NLP Engineer,"FastAPI, Pandas, MLflow, R",Entry,Full-time,"Jessicaport, WS",64228,27-07-2024,Mid,"MLflow, TensorFlow, PyTorch"
1579,"Miller, Hahn and Jackson",Finance,AI Researcher,"Reinforcement Learning, AWS, Azure",Mid,Remote,"Marquezchester, SL",79251,16-03-2024,Mid,"LangChain, Scikit-learn"
1580,Smith-Mcintyre,Retail,ML Engineer,"AWS, Flask, Reinforcement Learning, Scikit-learn, Excel",Senior,Remote,"North Sheilaville, IN",167682,25-06-2025,Startup,"MLflow, Scikit-learn, BigQuery"
1581,Martinez Inc,Healthcare,ML Engineer,"FastAPI, Pandas, MLflow",Mid,Full-time,"West Morgan, ST",119580,16-05-2024,Mid,FastAPI
1582,Jones-Robertson,Education,Data Analyst,"FastAPI, Excel, Pandas",Entry,Remote,"Lake Charles, DM",109883,03-01-2025,Mid,MLflow
1583,Schneider-Watson,Finance,Quant Researcher,"C++, Pandas, CUDA, Scikit-learn",Mid,Contract,"Rosston, PY",165019,25-02-2025,Startup,"BigQuery, PyTorch, MLflow"
1584,"Thompson, Castillo and Farrell",Retail,AI Researcher,"Keras, Hugging Face, Power BI, C++, SQL, Python",Mid,Full-time,"North Jennifer, NA",102336,25-07-2024,Startup,MLflow
1585,Acevedo Ltd,Retail,AI Product Manager,"TensorFlow, Pandas, Reinforcement Learning",Entry,Contract,"North Martin, AU",59611,24-11-2024,Startup,"KDB+, PyTorch, FastAPI"
1586,"Flynn, Arellano and Porter",E-commerce,AI Product Manager,"Pandas, Reinforcement Learning, TensorFlow",Entry,Internship,"Reesebury, RO",81578,22-08-2025,Mid,Scikit-learn
1587,Harper and Sons,Retail,Data Analyst,"Reinforcement Learning, Flask, Hugging Face",Mid,Full-time,"South Roystad, TR",131425,15-12-2023,Startup,"FastAPI, MLflow, KDB+"
1588,Molina-Dixon,E-commerce,AI Product Manager,"AWS, SQL, Python, LangChain, Keras, Azure",Mid,Remote,"Lake Eric, CD",157977,22-02-2024,Startup,"Scikit-learn, LangChain"
1589,"Baker, Smith and Phillips",Retail,AI Product Manager,"R, Excel, NumPy",Mid,Full-time,"Lake Christopher, LA",144195,02-07-2024,Mid,"Scikit-learn, MLflow, PyTorch"
1590,"Robertson, Miller and Watson",E-commerce,Data Scientist,"AWS, Power BI, MLflow, C++",Senior,Full-time,"Cynthiamouth, NE",100544,14-08-2024,Mid,MLflow
1591,"Bowman, Sutton and Richmond",Healthcare,AI Researcher,"Pandas, Azure, Hugging Face, Python",Senior,Internship,"Ericburgh, BR",185571,07-10-2023,Mid,"MLflow, KDB+, FastAPI"
1592,Moore-Wood,Finance,Data Analyst,"SQL, FastAPI, Flask, Hugging Face",Entry,Full-time,"South Christopherchester, MG",145988,28-11-2024,Large,"LangChain, BigQuery"
1593,"Lee, Mitchell and Neal",Education,ML Engineer,"Hugging Face, Azure, C++, Reinforcement Learning",Mid,Internship,"New Shane, MM",118673,08-10-2024,Mid,"BigQuery, PyTorch, FastAPI"
1594,"Burton, Reynolds and Dougherty",Retail,Data Scientist,"Scikit-learn, C++, GCP, FastAPI",Senior,Contract,"East Monicastad, YE",137380,26-05-2024,Startup,"TensorFlow, Scikit-learn, BigQuery"
1595,Kelly Ltd,Healthcare,Data Scientist,"C++, SQL, Reinforcement Learning, PyTorch",Entry,Full-time,"South Brett, ML",87394,07-11-2024,Mid,"LangChain, Scikit-learn"
1596,"Thompson, Morris and Griffin",Education,Data Scientist,"AWS, SQL, Reinforcement Learning, Keras, Flask, C++",Mid,Internship,"Michaelside, TV",125590,03-07-2025,Startup,Scikit-learn
1597,Carr Inc,Healthcare,Data Scientist,"SQL, R, MLflow, Flask, Reinforcement Learning, Python",Mid,Full-time,"Browntown, KR",120906,08-05-2024,Large,"BigQuery, LangChain, KDB+"
1598,"Townsend, Strickland and Rodriguez",Automotive,AI Product Manager,"GCP, Azure, AWS, SQL, MLflow, CUDA",Mid,Internship,"East Michael, MD",150568,30-06-2024,Startup,"TensorFlow, KDB+, FastAPI"
1599,Pineda Inc,E-commerce,Computer Vision Engineer,"Keras, GCP, CUDA, AWS, PyTorch",Mid,Full-time,"Lauriehaven, CV",151199,22-08-2025,Large,BigQuery
1600,Hudson and Sons,E-commerce,AI Product Manager,"Python, AWS, PyTorch, NumPy",Senior,Full-time,"East Keithview, AR",173481,09-03-2025,Large,MLflow
1601,Miller-Burton,Automotive,AI Product Manager,"PyTorch, GCP, Scikit-learn, LangChain, Reinforcement Learning, Keras",Entry,Remote,"West Kennethton, PA",185306,17-08-2024,Startup,TensorFlow
1602,Murillo Inc,Healthcare,Computer Vision Engineer,"Azure, Hugging Face, Excel, Scikit-learn",Mid,Contract,"Jonesburgh, BH",103693,04-02-2025,Mid,"PyTorch, FastAPI, TensorFlow"
1603,Alvarez-Butler,Tech,Data Analyst,"C++, CUDA, Scikit-learn, Keras",Entry,Internship,"North James, HT",157180,18-08-2025,Mid,"KDB+, BigQuery"
1604,Glenn-Brady,Retail,Quant Researcher,"FastAPI, Scikit-learn, AWS, NumPy",Mid,Remote,"North Dakota, TW",94152,27-07-2025,Startup,TensorFlow
1605,Bryant-Martin,Healthcare,ML Engineer,"Reinforcement Learning, Flask, NumPy, Keras",Entry,Internship,"East John, NR",152638,17-10-2024,Startup,"MLflow, PyTorch, FastAPI"
1606,Bailey PLC,Retail,Data Analyst,"Hugging Face, Excel, SQL, LangChain",Mid,Contract,"Port Elizabeth, SY",111884,27-11-2023,Startup,"KDB+, BigQuery"
1607,"Swanson, Young and Martin",Tech,Quant Researcher,"PyTorch, LangChain, FastAPI",Senior,Full-time,"East Alexis, LK",153021,15-02-2024,Mid,KDB+
1608,Hancock-Wiggins,Healthcare,ML Engineer,"Scikit-learn, NumPy, Power BI, Azure, FastAPI, Reinforcement Learning",Senior,Full-time,"North Adamburgh, AO",88227,03-08-2024,Startup,"FastAPI, LangChain, TensorFlow"
1609,Mcconnell Ltd,E-commerce,Quant Researcher,"Keras, GCP, PyTorch",Senior,Internship,"New Allisonshire, MN",164672,08-02-2025,Startup,Scikit-learn
1610,Patton and Sons,Tech,ML Engineer,"Scikit-learn, MLflow, Python, R, Pandas, FastAPI",Senior,Internship,"Jacktown, TW",110971,10-06-2025,Startup,MLflow
1611,Gray-Dixon,Healthcare,Computer Vision Engineer,"AWS, GCP, CUDA, MLflow",Senior,Full-time,"West Maria, ML",179131,01-10-2023,Startup,"LangChain, KDB+, FastAPI"
1612,"Miller, Casey and Gray",Education,Computer Vision Engineer,"Scikit-learn, Excel, Power BI, Python",Entry,Remote,"South Michael, CD",56336,23-05-2025,Mid,KDB+
1613,Andersen Inc,Tech,Data Scientist,"LangChain, Pandas, Reinforcement Learning, R, FastAPI",Mid,Remote,"Smithbury, BT",100540,10-11-2023,Mid,"MLflow, KDB+, PyTorch"
1614,"Bernard, Henry and Zamora",Education,Quant Researcher,"PyTorch, Power BI, Pandas, Hugging Face",Mid,Internship,"Breannahaven, MA",129940,21-08-2025,Startup,BigQuery
1615,Frost Ltd,Education,AI Researcher,"Hugging Face, SQL, LangChain, FastAPI, Flask",Senior,Remote,"Vazquezton, BH",111402,23-04-2024,Startup,"MLflow, TensorFlow"
1616,Lewis Group,E-commerce,ML Engineer,"FastAPI, C++, MLflow",Senior,Contract,"Williamland, KN",100218,09-05-2025,Startup,"FastAPI, TensorFlow"
1617,"Tucker, Strong and Bond",Retail,AI Researcher,"R, C++, Keras, Excel, Azure",Mid,Remote,"Wilsonmouth, PW",78485,13-04-2024,Large,"MLflow, PyTorch, Scikit-learn"
1618,Livingston-Phillips,E-commerce,NLP Engineer,"PyTorch, SQL, Python",Entry,Remote,"Knightstad, BD",132374,31-08-2024,Startup,"FastAPI, LangChain"
1619,Snyder Group,Retail,AI Product Manager,"TensorFlow, GCP, CUDA, R",Entry,Contract,"Jenniferburgh, AE",126302,21-09-2023,Large,LangChain
1620,"Herman, Johnson and Barnes",Tech,Data Analyst,"SQL, CUDA, LangChain, Scikit-learn, Reinforcement Learning",Mid,Remote,"Maciasfort, LR",184067,09-05-2025,Large,"KDB+, LangChain, BigQuery"
1621,Perez-Bailey,Education,AI Product Manager,"AWS, Power BI, FastAPI",Entry,Contract,"Santiagoshire, PH",103434,04-12-2023,Mid,"MLflow, BigQuery"
1622,"Summers, Swanson and Brown",Tech,NLP Engineer,"Reinforcement Learning, SQL, C++, Pandas",Entry,Remote,"West Cynthiaburgh, AD",88404,28-12-2023,Startup,"BigQuery, FastAPI, MLflow"
1623,Schmidt-Payne,Finance,Computer Vision Engineer,"Reinforcement Learning, PyTorch, GCP, R, Excel",Senior,Full-time,"Kyleside, JP",109861,26-02-2024,Startup,"LangChain, KDB+"
1624,"Ortiz, Hill and Anderson",Healthcare,Data Analyst,"Pandas, Excel, FastAPI, Reinforcement Learning, LangChain",Entry,Remote,"West Cynthiaton, SM",125039,11-01-2024,Startup,"TensorFlow, FastAPI, PyTorch"
1625,Dalton-Galloway,E-commerce,Quant Researcher,"Azure, Excel, Power BI, C++, NumPy",Mid,Internship,"East Priscilla, DO",151444,04-12-2024,Mid,"KDB+, FastAPI, MLflow"
1626,Brown-Garcia,Healthcare,Computer Vision Engineer,"PyTorch, AWS, LangChain, Pandas, GCP",Mid,Internship,"Dillonville, TL",150204,28-04-2024,Mid,"FastAPI, LangChain"
1627,"Ramirez, Morrison and Shaffer",Healthcare,ML Engineer,"SQL, Azure, MLflow, LangChain",Mid,Full-time,"East Bobbymouth, LU",179766,12-12-2024,Mid,KDB+
1628,Fisher LLC,Automotive,NLP Engineer,"AWS, NumPy, CUDA, Azure, SQL, Hugging Face",Mid,Full-time,"Changview, CU",132423,24-06-2024,Mid,"TensorFlow, FastAPI"
1629,Barnes-Gonzalez,Automotive,NLP Engineer,"Keras, PyTorch, Azure, C++, Python, LangChain",Mid,Remote,"New Cameron, IR",161002,30-06-2024,Mid,LangChain
1630,"Mann, Taylor and Martin",Tech,Computer Vision Engineer,"LangChain, Scikit-learn, Hugging Face",Mid,Full-time,"Wendytown, KR",114351,10-02-2024,Startup,"MLflow, Scikit-learn, FastAPI"
1631,Bush and Sons,Education,Computer Vision Engineer,"PyTorch, CUDA, Keras",Entry,Contract,"Robertstown, GA",82125,23-05-2025,Startup,BigQuery
1632,"Callahan, Sullivan and Flynn",Retail,Computer Vision Engineer,"Hugging Face, GCP, R, Scikit-learn",Mid,Full-time,"Port Jennifer, ES",138121,06-10-2023,Large,"MLflow, TensorFlow, KDB+"
1633,Joseph-Romero,Retail,Quant Researcher,"Power BI, LangChain, FastAPI, Flask, SQL, Scikit-learn",Mid,Contract,"Kristenberg, AL",150454,15-10-2024,Startup,"BigQuery, MLflow, TensorFlow"
1634,"Singh, Shannon and Castaneda",Automotive,AI Product Manager,"NumPy, Reinforcement Learning, GCP, Azure, LangChain, Scikit-learn",Entry,Remote,"West Justin, IN",62986,14-10-2024,Mid,"KDB+, TensorFlow, LangChain"
1635,"Johnson, Sweeney and Hall",Tech,AI Researcher,"Azure, Flask, PyTorch, Excel, Pandas",Mid,Contract,"Lindachester, PA",164671,20-09-2024,Startup,"FastAPI, MLflow, PyTorch"
1636,Wu Inc,Healthcare,Data Analyst,"TensorFlow, Power BI, MLflow, Flask, CUDA, Reinforcement Learning",Entry,Remote,"Barnesfurt, SV",74230,03-07-2025,Large,"BigQuery, FastAPI, MLflow"
1637,Lopez-Williams,Healthcare,Data Analyst,"PyTorch, NumPy, SQL, FastAPI",Senior,Contract,"North Mark, IN",87503,23-07-2024,Mid,FastAPI
1638,Hughes-Figueroa,Healthcare,Computer Vision Engineer,"TensorFlow, Pandas, Excel, LangChain, MLflow",Entry,Internship,"Castilloborough, CH",164225,07-05-2025,Mid,"MLflow, BigQuery"
1639,"Randall, Grant and Rosario",Finance,AI Researcher,"Hugging Face, FastAPI, AWS, Scikit-learn, Keras",Mid,Internship,"Kimberlyfort, BJ",96766,08-06-2025,Startup,"KDB+, FastAPI"
1640,Griffith Ltd,Education,NLP Engineer,"SQL, Pandas, AWS, Power BI, Scikit-learn",Entry,Contract,"Johnstad, ET",103487,17-03-2025,Mid,"Scikit-learn, PyTorch"
1641,"Smith, Woods and Tucker",Retail,Data Analyst,"TensorFlow, AWS, Flask",Mid,Full-time,"South Dylanmouth, SY",80897,10-08-2025,Mid,KDB+
1642,Frazier Inc,Automotive,NLP Engineer,"Hugging Face, FastAPI, TensorFlow, GCP",Mid,Contract,"North Joel, PG",71305,08-08-2025,Large,TensorFlow
1643,"Torres, Campbell and Krause",Tech,ML Engineer,"TensorFlow, Keras, R",Mid,Internship,"East Hollyfurt, AR",168212,07-04-2024,Large,"MLflow, TensorFlow, KDB+"
1644,Snyder Group,Finance,NLP Engineer,"CUDA, Azure, Python, Scikit-learn, Power BI",Senior,Remote,"North Susan, SG",172026,16-03-2025,Mid,BigQuery
1645,Lucas-Morris,Retail,Quant Researcher,"Azure, TensorFlow, AWS, Flask, Reinforcement Learning, LangChain",Mid,Remote,"Jordanshire, PS",104560,14-07-2024,Mid,"KDB+, BigQuery"
1646,Martinez-Weaver,Education,Data Scientist,"Python, Power BI, Flask",Senior,Full-time,"Lake Valerie, IN",121501,22-03-2024,Large,"LangChain, KDB+"
1647,Mendez and Sons,Retail,AI Researcher,"Scikit-learn, AWS, Python, MLflow",Senior,Internship,"Jonesbury, PA",181185,19-08-2024,Mid,FastAPI
1648,"Johnson, Wright and Quinn",Automotive,NLP Engineer,"LangChain, R, C++",Senior,Internship,"North Brian, FI",173264,23-12-2024,Startup,"PyTorch, Scikit-learn"
1649,"Mitchell, Collins and Collins",E-commerce,Computer Vision Engineer,"Azure, C++, TensorFlow, Hugging Face, Python, PyTorch",Senior,Internship,"Cobbtown, SZ",189827,06-02-2025,Large,TensorFlow
1650,Williams-Torres,E-commerce,Data Analyst,"CUDA, SQL, Keras, Azure, LangChain, Reinforcement Learning",Entry,Remote,"Port Tiffanystad, DO",138457,24-12-2024,Startup,"MLflow, PyTorch"
1651,Martinez Group,Education,Quant Researcher,"LangChain, Keras, Python, FastAPI, R, C++",Senior,Full-time,"Gabriellaborough, HT",87344,23-08-2025,Startup,"TensorFlow, KDB+, PyTorch"
1652,Weaver-Mcdonald,Tech,AI Product Manager,"Python, Power BI, GCP",Entry,Internship,"West Richard, SV",86841,26-10-2024,Mid,LangChain
1653,Cook-Jarvis,E-commerce,ML Engineer,"TensorFlow, Power BI, Scikit-learn, Python, GCP, SQL",Mid,Full-time,"Jayton, GB",129528,07-11-2023,Large,LangChain
1654,Moreno-Sanchez,Automotive,AI Researcher,"GCP, MLflow, TensorFlow",Mid,Internship,"Fosterville, TT",152066,14-09-2024,Mid,"KDB+, BigQuery, Scikit-learn"
1655,Kline Group,Education,Computer Vision Engineer,"Flask, Scikit-learn, NumPy",Mid,Contract,"Lake Donaldstad, NP",145093,20-06-2025,Mid,"PyTorch, MLflow, TensorFlow"
1656,Brown and Sons,Finance,AI Researcher,"NumPy, Reinforcement Learning, AWS, Power BI, PyTorch, SQL",Mid,Contract,"Lake Chris, AO",57359,13-01-2024,Startup,"KDB+, MLflow, BigQuery"
1657,Quinn Group,Tech,Data Scientist,"Reinforcement Learning, GCP, TensorFlow, Pandas",Mid,Internship,"East Michael, UY",70578,05-09-2024,Large,FastAPI
1658,Mills-Mitchell,Finance,Data Scientist,"PyTorch, NumPy, MLflow",Entry,Full-time,"Bryantton, CO",123764,18-07-2025,Large,"BigQuery, FastAPI"
1659,"Andrews, Sanchez and Carroll",Healthcare,Data Analyst,"Reinforcement Learning, Python, PyTorch, Keras",Mid,Internship,"Anthonyberg, DM",181603,22-08-2024,Large,"LangChain, KDB+"
1660,Smith and Sons,Automotive,NLP Engineer,"PyTorch, NumPy, Power BI",Mid,Internship,"Meyermouth, GN",105810,26-12-2023,Large,"KDB+, BigQuery"
1661,Smith-Hall,Tech,AI Researcher,"Flask, Keras, GCP, Power BI",Entry,Remote,"South Dustinbury, BY",131204,23-07-2025,Large,KDB+
1662,"Anderson, Tucker and Phillips",Healthcare,Data Scientist,"Scikit-learn, GCP, MLflow",Mid,Remote,"Jenniferborough, CO",85302,08-12-2023,Large,"FastAPI, Scikit-learn, LangChain"
1663,Kirk-Meyers,Retail,Quant Researcher,"Scikit-learn, CUDA, Python",Entry,Full-time,"New Jose, ET",102845,15-03-2024,Mid,"PyTorch, FastAPI"
1664,Bishop-Contreras,Tech,Computer Vision Engineer,"PyTorch, Excel, TensorFlow, Scikit-learn, Power BI",Mid,Internship,"South Ronaldfurt, BB",97476,07-06-2024,Startup,"KDB+, LangChain"
1665,"Poole, Ramirez and Sims",Education,NLP Engineer,"Reinforcement Learning, MLflow, Scikit-learn, Flask, Python, FastAPI",Mid,Contract,"East David, BW",186828,04-04-2024,Mid,"FastAPI, KDB+, LangChain"
1666,Sandoval Ltd,E-commerce,AI Researcher,"LangChain, Hugging Face, Scikit-learn, Flask, Reinforcement Learning, Excel",Mid,Remote,"Williamsville, EG",116645,29-09-2023,Startup,"TensorFlow, PyTorch, Scikit-learn"
1667,Skinner Inc,Education,ML Engineer,"Keras, R, Power BI, LangChain",Entry,Contract,"Port James, BS",144383,13-07-2024,Startup,KDB+
1668,"Kelly, Pace and Rodriguez",Retail,Data Analyst,"Hugging Face, SQL, LangChain, Reinforcement Learning",Entry,Remote,"Esparzaberg, SY",154662,04-05-2024,Mid,LangChain
1669,Hunt-Phillips,Finance,ML Engineer,"PyTorch, Python, Azure, C++, GCP",Entry,Remote,"New Emily, DJ",172814,16-05-2025,Large,"PyTorch, Scikit-learn, LangChain"
1670,Edwards-Jones,E-commerce,Computer Vision Engineer,"TensorFlow, C++, AWS, CUDA",Entry,Internship,"Stephanieside, KG",68256,25-02-2024,Large,"KDB+, TensorFlow"
1671,"Williams, Glass and Benson",Finance,Data Scientist,"Flask, NumPy, C++, Keras, Power BI",Entry,Internship,"Matthewburgh, GB",168285,27-11-2024,Large,"FastAPI, TensorFlow"
1672,"Jackson, Carrillo and Anderson",Healthcare,AI Researcher,"Scikit-learn, Azure, MLflow, LangChain, TensorFlow",Mid,Full-time,"Dustinborough, LT",145733,09-01-2025,Startup,PyTorch
1673,Richardson and Sons,Automotive,NLP Engineer,"Excel, C++, MLflow, Pandas",Senior,Full-time,"Lake Austin, AT",107125,06-02-2025,Startup,PyTorch
1674,"Weber, Thompson and Williams",Healthcare,Data Analyst,"GCP, MLflow, Reinforcement Learning, SQL, Azure, Scikit-learn",Senior,Full-time,"Valenciafort, RW",160715,17-05-2025,Large,"PyTorch, TensorFlow"
1675,"Lee, Scott and Franco",Education,ML Engineer,"R, C++, FastAPI, Excel",Mid,Contract,"Shawnfurt, LK",77280,14-01-2024,Mid,"KDB+, FastAPI"
1676,Wright Group,Finance,Quant Researcher,"Python, Hugging Face, R",Mid,Remote,"Josephville, MW",96103,09-03-2025,Large,MLflow
1677,Daniels and Sons,Tech,NLP Engineer,"TensorFlow, Python, AWS, Power BI, NumPy",Entry,Remote,"Shannonhaven, MY",135997,08-04-2025,Startup,Scikit-learn
1678,"Taylor, Hodges and Martinez",E-commerce,AI Product Manager,"Python, PyTorch, GCP, Keras, Azure, Flask",Mid,Full-time,"Charlesville, VA",107284,19-11-2024,Large,"KDB+, BigQuery"
1679,Hanson-Weeks,Education,AI Product Manager,"GCP, SQL, Power BI, CUDA, AWS",Mid,Full-time,"Wilsonberg, PA",135302,14-04-2025,Large,KDB+
1680,Barton-Kirby,Automotive,ML Engineer,"GCP, TensorFlow, MLflow",Mid,Contract,"West Aliceberg, LV",129661,24-06-2024,Large,PyTorch
1681,Johnson Inc,Retail,AI Researcher,"SQL, Pandas, Excel",Entry,Internship,"Rioston, AF",77142,03-10-2023,Large,"LangChain, KDB+"
1682,"Schmitt, James and Campbell",E-commerce,Computer Vision Engineer,"FastAPI, SQL, Pandas, TensorFlow, MLflow",Mid,Contract,"Port Joanne, AZ",90814,15-09-2024,Large,"KDB+, TensorFlow, LangChain"
1683,Yates-Brown,Automotive,Quant Researcher,"PyTorch, Flask, Reinforcement Learning, Power BI",Entry,Full-time,"Port Samuel, IQ",101711,26-09-2024,Startup,"KDB+, LangChain"
1684,"James, Wagner and Johnson",Finance,Computer Vision Engineer,"Flask, AWS, Hugging Face",Entry,Contract,"Stevenmouth, MK",193166,23-05-2025,Mid,"TensorFlow, LangChain"
1685,Cummings-Reyes,Retail,AI Product Manager,"Hugging Face, Azure, CUDA, NumPy",Senior,Full-time,"Port Mindyborough, SI",77275,20-12-2023,Mid,"PyTorch, FastAPI"
1686,Bishop Ltd,Retail,Computer Vision Engineer,"FastAPI, Keras, Hugging Face, Azure, NumPy",Senior,Internship,"Cartershire, DK",158424,07-11-2023,Large,BigQuery
1687,Daniels-Jones,Retail,Computer Vision Engineer,"TensorFlow, NumPy, CUDA, Python, AWS, Pandas",Entry,Full-time,"Olsontown, MK",140929,26-05-2025,Startup,MLflow
1688,Reed-Wilson,E-commerce,Quant Researcher,"Scikit-learn, Reinforcement Learning, Pandas, Azure, R, GCP",Entry,Remote,"Edgarhaven, MX",176150,01-12-2024,Large,TensorFlow
1689,Smith-Moore,Healthcare,Data Analyst,"LangChain, Scikit-learn, Azure, Python, Pandas",Mid,Contract,"Gabrielport, TT",115478,04-03-2024,Mid,"TensorFlow, KDB+"
1690,Briggs-House,Tech,Data Analyst,"GCP, Python, PyTorch, Excel, Power BI",Mid,Internship,"South Brandon, MG",125602,12-02-2024,Large,"MLflow, LangChain"
1691,"Chen, Moore and Ray",Tech,Computer Vision Engineer,"R, LangChain, FastAPI, Reinforcement Learning, Pandas, GCP",Mid,Full-time,"Lewisville, SZ",69673,23-03-2024,Startup,"LangChain, FastAPI"
1692,Torres-King,Healthcare,AI Researcher,"CUDA, MLflow, C++, Python, Power BI, NumPy",Entry,Internship,"East Bryanton, KP",130342,30-07-2024,Large,FastAPI
1693,"Johnson, Espinoza and Ali",Healthcare,AI Product Manager,"FastAPI, C++, R, TensorFlow, Reinforcement Learning",Mid,Contract,"Cynthialand, ZM",171336,20-04-2025,Startup,PyTorch
1694,Blackwell Ltd,Tech,Data Scientist,"TensorFlow, SQL, AWS, PyTorch, LangChain",Mid,Remote,"Stevenberg, SM",83416,19-10-2023,Startup,PyTorch
1695,Day-Mckee,Healthcare,Data Analyst,"LangChain, MLflow, Azure, Pandas",Entry,Internship,"Amytown, TD",91874,08-01-2025,Large,KDB+
1696,Ellis LLC,Retail,AI Researcher,"C++, R, CUDA, Pandas, Azure",Entry,Contract,"Lake Michaelberg, IN",49123,01-02-2024,Mid,"BigQuery, Scikit-learn"
1697,Good-Gordon,Automotive,Data Scientist,"Keras, PyTorch, Flask",Entry,Internship,"South Anthonymouth, HR",137623,06-10-2023,Large,KDB+
1698,Taylor Ltd,Automotive,Quant Researcher,"Keras, SQL, PyTorch, Python, Pandas, Azure",Mid,Remote,"East Andrew, OM",178848,06-01-2024,Mid,"MLflow, TensorFlow"
1699,Walker LLC,Finance,ML Engineer,"AWS, Scikit-learn, Azure, Python, TensorFlow, LangChain",Mid,Internship,"Port Matthew, VN",152613,11-09-2025,Large,PyTorch
1700,"Simpson, Davis and Higgins",Automotive,Computer Vision Engineer,"Flask, R, Excel",Mid,Full-time,"Cassidybury, MU",155366,31-01-2024,Startup,LangChain
1701,Simpson Group,Retail,AI Researcher,"TensorFlow, NumPy, FastAPI",Entry,Remote,"Arnoldmouth, NE",92446,14-02-2025,Startup,"BigQuery, LangChain, MLflow"
1702,"Klein, Ward and Cooper",Retail,Data Scientist,"Reinforcement Learning, GCP, TensorFlow",Senior,Full-time,"Huntville, HN",149526,30-11-2024,Large,"Scikit-learn, MLflow, LangChain"
1703,Horton-Collins,E-commerce,Data Scientist,"Azure, Excel, Power BI, SQL",Senior,Internship,"Georgemouth, UZ",143229,26-11-2024,Large,Scikit-learn
1704,"Johnson, Oconnell and Williams",Finance,AI Product Manager,"PyTorch, TensorFlow, SQL, LangChain, CUDA",Mid,Remote,"Lake Bradley, AU",99750,07-02-2025,Large,"FastAPI, Scikit-learn"
1705,"Powers, Lewis and Stewart",E-commerce,NLP Engineer,"Flask, Azure, R",Senior,Full-time,"Andrewview, NA",128315,22-10-2023,Large,PyTorch
1706,"Foley, Green and Farley",E-commerce,Data Analyst,"Power BI, GCP, Hugging Face",Entry,Remote,"Port Ashlee, LI",152813,02-10-2023,Startup,"Scikit-learn, BigQuery"
1707,Smith-Fernandez,Tech,AI Product Manager,"Excel, Hugging Face, R",Entry,Contract,"South Ruthview, CI",92245,05-08-2025,Mid,"FastAPI, Scikit-learn, MLflow"
1708,"Smith, Tapia and Jones",Education,Quant Researcher,"NumPy, Power BI, LangChain, C++, Keras, SQL",Mid,Contract,"East Martin, GB",75049,24-03-2024,Mid,KDB+
1709,Sanchez Ltd,Retail,AI Product Manager,"SQL, LangChain, AWS, NumPy, Azure",Senior,Internship,"Port Anna, PG",102118,15-08-2024,Startup,"Scikit-learn, BigQuery, MLflow"
1710,Floyd Ltd,Healthcare,Computer Vision Engineer,"Python, C++, NumPy, Reinforcement Learning, GCP",Mid,Internship,"Clarkefort, MD",128032,26-09-2023,Large,"MLflow, TensorFlow"
1711,Clark-Holloway,Tech,Data Analyst,"Python, Reinforcement Learning, CUDA",Senior,Internship,"Karenland, AL",96137,21-12-2023,Mid,"Scikit-learn, TensorFlow"
1712,Johnson Ltd,E-commerce,ML Engineer,"TensorFlow, Azure, LangChain, Flask, Excel",Mid,Contract,"Sosaview, CI",105039,21-01-2024,Startup,Scikit-learn
1713,Fox-Cochran,Finance,ML Engineer,"Azure, SQL, Reinforcement Learning, PyTorch, Hugging Face",Mid,Full-time,"South Marymouth, UG",164295,16-01-2025,Startup,"LangChain, PyTorch"
1714,"Villarreal, Ellis and Crane",Education,NLP Engineer,"Flask, CUDA, FastAPI, Pandas, Excel",Mid,Full-time,"New Williamshire, LI",177817,12-04-2025,Mid,"TensorFlow, BigQuery"
1715,"Fox, Davis and Houston",Finance,Quant Researcher,"C++, GCP, LangChain, PyTorch, FastAPI",Senior,Remote,"Gregoryborough, TN",178011,16-03-2024,Large,"Scikit-learn, TensorFlow, KDB+"
1716,Nash-Perry,Tech,AI Researcher,"C++, PyTorch, Power BI",Entry,Full-time,"Thomasberg, MZ",127517,06-01-2025,Mid,MLflow
1717,Murphy and Sons,Healthcare,AI Researcher,"Python, Reinforcement Learning, CUDA, Flask, Excel",Senior,Internship,"West Vernon, LA",172100,16-07-2025,Startup,BigQuery
1718,Bailey Inc,Tech,Quant Researcher,"R, C++, Hugging Face, Scikit-learn, Python, LangChain",Senior,Full-time,"Johnsonburgh, HR",117758,03-09-2024,Large,MLflow
1719,Wright PLC,E-commerce,NLP Engineer,"FastAPI, NumPy, LangChain, Scikit-learn, Power BI",Senior,Internship,"South James, JM",154057,07-10-2023,Mid,"MLflow, PyTorch"
1720,Grimes-Cruz,Healthcare,Data Analyst,"Scikit-learn, Hugging Face, LangChain",Entry,Contract,"West Nicolefurt, US",183919,03-10-2024,Large,"PyTorch, KDB+, LangChain"
1721,"Spence, Mcconnell and Fleming",Automotive,Data Analyst,"AWS, PyTorch, C++, FastAPI",Senior,Full-time,"Garrettville, NR",117427,06-11-2024,Large,"FastAPI, LangChain, MLflow"
1722,Rush Inc,Finance,AI Researcher,"Python, Scikit-learn, Pandas",Mid,Full-time,"North Mary, BA",138981,24-02-2025,Mid,TensorFlow
1723,Davis PLC,Automotive,Computer Vision Engineer,"C++, Pandas, NumPy, R",Entry,Full-time,"Lake Paulside, TH",91853,29-07-2024,Mid,"BigQuery, LangChain"
1724,Beard Group,Retail,Data Scientist,"FastAPI, Scikit-learn, CUDA",Entry,Full-time,"Williamchester, BG",87754,19-06-2025,Mid,"LangChain, KDB+, BigQuery"
1725,Johnson-Marshall,Healthcare,Data Analyst,"Reinforcement Learning, C++, GCP, AWS, FastAPI",Senior,Internship,"New Timothy, KG",117624,08-06-2025,Startup,"Scikit-learn, FastAPI"
1726,Adams and Sons,Retail,AI Product Manager,"R, Hugging Face, Flask, NumPy, Keras, C++",Entry,Internship,"Duncanhaven, KH",167929,17-10-2023,Mid,KDB+
1727,"Baker, Lawson and Newton",E-commerce,AI Product Manager,"MLflow, TensorFlow, Power BI, CUDA, NumPy, PyTorch",Entry,Internship,"Perezstad, PW",161904,29-09-2023,Startup,BigQuery
1728,Chandler Group,Tech,AI Product Manager,"PyTorch, Scikit-learn, C++",Mid,Internship,"New Abigail, SD",155929,27-09-2023,Large,MLflow
1729,Hensley LLC,Healthcare,Quant Researcher,"Power BI, Hugging Face, NumPy, R, PyTorch, Keras",Entry,Internship,"Johnstad, CH",109527,28-11-2023,Mid,KDB+
1730,"Burke, Mitchell and Wright",Education,NLP Engineer,"Power BI, Hugging Face, Keras",Mid,Internship,"Flemingmouth, TM",110281,29-09-2024,Large,"LangChain, TensorFlow, MLflow"
1731,Hernandez Ltd,Retail,AI Product Manager,"Flask, GCP, MLflow, Pandas",Mid,Full-time,"New Nicoleview, KM",136016,29-08-2024,Startup,"BigQuery, PyTorch"
1732,Meadows and Sons,Healthcare,Data Analyst,"Pandas, Power BI, MLflow, Python, AWS",Senior,Internship,"New Michaelland, IR",137314,20-03-2025,Startup,"MLflow, KDB+"
1733,Barr PLC,Healthcare,ML Engineer,"TensorFlow, LangChain, AWS",Senior,Full-time,"New Chaseberg, PK",157525,27-05-2024,Startup,"TensorFlow, KDB+, FastAPI"
1734,Marshall Inc,Healthcare,Data Scientist,"CUDA, Hugging Face, Python",Entry,Remote,"Port James, IE",94879,07-11-2023,Mid,"FastAPI, PyTorch, TensorFlow"
1735,"Steele, Sherman and Liu",E-commerce,Data Scientist,"R, Python, LangChain, FastAPI",Entry,Full-time,"Stuartchester, PS",115305,15-05-2025,Large,"BigQuery, FastAPI, PyTorch"
1736,"Crane, Johnson and Robinson",Automotive,AI Product Manager,"Keras, Excel, GCP",Entry,Remote,"Ericside, BI",137175,03-03-2025,Startup,"KDB+, FastAPI, MLflow"
1737,Ferguson PLC,Automotive,Quant Researcher,"Reinforcement Learning, Excel, NumPy, PyTorch, Pandas, SQL",Entry,Internship,"Johnsonmouth, TN",116678,21-03-2024,Large,"FastAPI, LangChain"
1738,Marshall Group,Healthcare,Data Analyst,"Pandas, Power BI, SQL",Senior,Remote,"Zacharyside, PG",159549,14-02-2025,Startup,"KDB+, LangChain"
1739,"Williams, Brown and Howard",Retail,Computer Vision Engineer,"R, Hugging Face, Flask",Mid,Full-time,"Owensborough, GE",188355,22-08-2024,Large,"LangChain, FastAPI, TensorFlow"
1740,"Miller, Waters and Clark",Education,ML Engineer,"Power BI, CUDA, AWS",Entry,Remote,"Lake John, CO",92758,21-12-2023,Mid,"Scikit-learn, BigQuery, KDB+"
1741,Montgomery Inc,Healthcare,Data Analyst,"Flask, TensorFlow, C++",Senior,Internship,"West Coreyton, VE",132437,15-03-2024,Large,"KDB+, FastAPI, PyTorch"
1742,Middleton and Sons,Healthcare,Data Scientist,"Scikit-learn, Python, Hugging Face, Pandas, Keras, MLflow",Senior,Full-time,"Lake Melissa, LY",139253,14-12-2023,Mid,"BigQuery, MLflow"
1743,Allen Ltd,Tech,Quant Researcher,"LangChain, SQL, PyTorch, Excel",Mid,Internship,"Cantrellmouth, AE",153107,21-09-2024,Mid,KDB+
1744,Scott-Norris,Finance,NLP Engineer,"Python, MLflow, PyTorch, FastAPI",Senior,Full-time,"Lauramouth, FR",104650,13-02-2025,Startup,"TensorFlow, FastAPI, KDB+"
1745,Ramos Ltd,Retail,Computer Vision Engineer,"Scikit-learn, Flask, PyTorch, SQL",Senior,Remote,"West Tyler, CN",144972,26-09-2023,Large,"BigQuery, TensorFlow"
1746,Daniel-Williams,Tech,AI Researcher,"Keras, Pandas, AWS, SQL",Mid,Full-time,"West Raymondshire, SK",173483,22-07-2025,Mid,BigQuery
1747,Lowery-Henry,Healthcare,AI Researcher,"NumPy, Scikit-learn, SQL, LangChain, C++",Senior,Internship,"Jacobschester, KH",114000,03-04-2024,Startup,"Scikit-learn, LangChain"
1748,"Gutierrez, Salazar and Rowe",Tech,Data Analyst,"MLflow, Keras, CUDA, FastAPI, Flask",Mid,Remote,"West Scott, ER",155205,07-12-2023,Large,TensorFlow
1749,Parker Ltd,E-commerce,Data Analyst,"Pandas, R, AWS, TensorFlow, NumPy, Reinforcement Learning",Mid,Internship,"West Amandafort, AR",151404,22-09-2024,Startup,"FastAPI, TensorFlow"
1750,"Montes, Graham and Leach",Healthcare,Data Scientist,"LangChain, Power BI, Azure, C++, Scikit-learn, TensorFlow",Entry,Contract,"Lake Michelle, CH",118644,04-02-2025,Startup,"Scikit-learn, BigQuery"
1751,"King, Stevens and Schmidt",Education,ML Engineer,"Power BI, LangChain, Python, Reinforcement Learning, TensorFlow, PyTorch",Senior,Internship,"Donnaton, AD",86092,04-06-2024,Large,"Scikit-learn, MLflow"
1752,Barron-Zuniga,Tech,Data Analyst,"GCP, Keras, Flask",Senior,Remote,"Stevenstad, SD",167463,25-03-2025,Large,KDB+
1753,"Caldwell, Silva and Edwards",Tech,NLP Engineer,"SQL, Flask, Azure, LangChain",Entry,Internship,"Lake Keith, RO",157781,12-12-2024,Mid,Scikit-learn
1754,Bell and Sons,Retail,NLP Engineer,"SQL, Python, C++, MLflow, CUDA",Mid,Full-time,"Lake Kathy, HR",92728,14-12-2023,Startup,PyTorch
1755,Lee Inc,E-commerce,AI Researcher,"TensorFlow, PyTorch, LangChain",Mid,Internship,"Allenchester, NI",153126,23-04-2025,Startup,KDB+
1756,Schroeder Group,Education,AI Researcher,"C++, TensorFlow, AWS",Entry,Contract,"East Kevinfurt, CY",152568,26-04-2024,Large,"PyTorch, MLflow"
1757,Fields PLC,Automotive,Data Scientist,"FastAPI, Excel, Pandas",Mid,Full-time,"South Bethhaven, BT",146813,24-10-2024,Large,"Scikit-learn, TensorFlow"
1758,"Hawkins, Holland and Peters",Healthcare,Computer Vision Engineer,"FastAPI, PyTorch, Excel, SQL",Entry,Internship,"Lake Nicoleberg, FM",115711,10-03-2024,Mid,PyTorch
1759,Robertson and Sons,Healthcare,ML Engineer,"GCP, PyTorch, Power BI, TensorFlow",Entry,Contract,"East Christine, BW",109269,24-07-2025,Large,"TensorFlow, MLflow"
1760,"Harrison, Marquez and Bailey",Healthcare,Data Scientist,"PyTorch, GCP, Reinforcement Learning, Excel, C++",Senior,Contract,"Nunezmouth, UY",174161,31-12-2024,Startup,"MLflow, TensorFlow, BigQuery"
1761,Chen-Erickson,Finance,Data Scientist,"FastAPI, SQL, GCP, AWS",Senior,Internship,"Williamsmouth, GT",174468,06-12-2024,Startup,"BigQuery, KDB+, PyTorch"
1762,Copeland-Mitchell,Finance,ML Engineer,"TensorFlow, Scikit-learn, Flask, NumPy, SQL, LangChain",Entry,Remote,"Bradleyport, AR",156237,13-08-2024,Large,"Scikit-learn, PyTorch"
1763,"Marsh, Foster and Taylor",Retail,Quant Researcher,"NumPy, GCP, Flask, TensorFlow",Entry,Contract,"Kathyside, SK",90035,03-01-2024,Large,LangChain
1764,Benson PLC,Healthcare,AI Product Manager,"TensorFlow, PyTorch, Pandas, Excel, Scikit-learn, MLflow",Senior,Contract,"West Angelastad, FJ",129987,08-05-2025,Startup,"MLflow, KDB+"
1765,"Williams, Thomas and Mueller",Education,Data Analyst,"Flask, Keras, GCP, Python, R, C++",Mid,Internship,"New Stacybury, UZ",84063,29-07-2024,Startup,PyTorch
1766,"Bartlett, Hodge and Jones",Tech,Quant Researcher,"Pandas, FastAPI, PyTorch, CUDA, Azure",Mid,Full-time,"Lake Jordan, GD",53651,01-02-2024,Startup,"FastAPI, TensorFlow, KDB+"
1767,Baldwin LLC,Healthcare,AI Product Manager,"Keras, Azure, Excel, MLflow, FastAPI, Hugging Face",Entry,Remote,"Comptonstad, UA",86111,14-03-2025,Mid,"Scikit-learn, BigQuery, FastAPI"
1768,Mcbride Inc,Tech,Computer Vision Engineer,"TensorFlow, SQL, NumPy, Flask, Scikit-learn, Hugging Face",Entry,Contract,"Lake Joshuabury, LB",158958,27-09-2024,Mid,"BigQuery, Scikit-learn, PyTorch"
1769,Colon LLC,E-commerce,AI Product Manager,"Reinforcement Learning, Pandas, AWS, PyTorch, Azure, C++",Entry,Remote,"Lake Brian, ZM",74667,11-07-2024,Startup,"LangChain, BigQuery, KDB+"
1770,"Ashley, Boone and Stein",Education,Computer Vision Engineer,"Hugging Face, FastAPI, GCP, Pandas, SQL",Mid,Contract,"Jasminville, SA",88082,31-05-2024,Large,"Scikit-learn, LangChain"
1771,"Wilson, Taylor and Watts",Tech,Computer Vision Engineer,"NumPy, Python, Excel",Mid,Internship,"Lake Edward, IE",149790,16-12-2024,Startup,"BigQuery, MLflow, LangChain"
1772,Hodge-Fernandez,Automotive,Computer Vision Engineer,"Hugging Face, LangChain, Azure, C++",Entry,Internship,"New Alanville, BB",147927,08-12-2023,Startup,"TensorFlow, FastAPI, PyTorch"
1773,"Roman, Moody and Larson",Education,Data Analyst,"CUDA, Hugging Face, GCP, FastAPI",Entry,Full-time,"Port Alisonville, AT",134408,29-05-2024,Large,"BigQuery, TensorFlow, FastAPI"
1774,Waller-Buchanan,E-commerce,NLP Engineer,"MLflow, Python, Excel, NumPy, LangChain, Power BI",Senior,Full-time,"North Jonathan, MN",152291,21-01-2025,Startup,"MLflow, LangChain, PyTorch"
1775,Lane-Vaughn,Finance,Quant Researcher,"Python, GCP, Power BI, MLflow",Entry,Remote,"Maryville, GQ",132938,09-01-2025,Large,"BigQuery, TensorFlow, PyTorch"
1776,"Shaffer, Jones and Weaver",Automotive,Data Scientist,"GCP, AWS, Keras, Azure",Senior,Full-time,"Port Melissa, KE",146937,17-07-2025,Mid,KDB+
1777,Wilkinson Ltd,Finance,AI Researcher,"GCP, Excel, PyTorch",Entry,Internship,"Port Sabrinaburgh, KI",91029,20-03-2024,Startup,"Scikit-learn, PyTorch"
1778,Gomez PLC,Retail,Data Scientist,"NumPy, LangChain, FastAPI",Entry,Contract,"West Rhondabury, ES",104207,06-10-2024,Startup,"LangChain, FastAPI"
1779,Gray-Thompson,Finance,Computer Vision Engineer,"CUDA, Azure, MLflow, NumPy",Mid,Remote,"Jenniferfurt, RW",81514,25-02-2024,Mid,"FastAPI, Scikit-learn"
1780,"Rubio, Lutz and Sanders",E-commerce,AI Product Manager,"PyTorch, Reinforcement Learning, Excel",Entry,Remote,"Trevinobury, IL",114217,23-01-2024,Large,"MLflow, Scikit-learn"
1781,Avila LLC,Retail,Data Scientist,"GCP, Excel, Scikit-learn, Azure",Mid,Full-time,"North Dominicmouth, MY",90210,08-05-2024,Startup,"Scikit-learn, LangChain, MLflow"
1782,Phillips Inc,Education,NLP Engineer,"GCP, PyTorch, NumPy, FastAPI, Excel, Pandas",Senior,Internship,"Davidberg, SZ",158658,02-05-2025,Mid,"MLflow, TensorFlow"
1783,"Page, Mccoy and Walsh",Healthcare,Data Scientist,"Python, Reinforcement Learning, Hugging Face",Mid,Remote,"Johnmouth, GT",185408,06-12-2023,Mid,PyTorch
1784,Alvarado-Rhodes,E-commerce,Quant Researcher,"Azure, Flask, TensorFlow",Mid,Remote,"Danieltown, SB",87963,02-10-2024,Mid,FastAPI
1785,Green-Fleming,Healthcare,AI Product Manager,"LangChain, CUDA, TensorFlow, Reinforcement Learning, Excel, Scikit-learn",Senior,Full-time,"East Timothybury, GT",126045,28-12-2024,Startup,MLflow
1786,Miller-Walker,Education,Computer Vision Engineer,"Azure, Power BI, Flask",Mid,Full-time,"East Martha, WS",106946,30-12-2023,Large,"BigQuery, MLflow, TensorFlow"
1787,"Thomas, Mccarthy and King",Retail,ML Engineer,"Azure, Reinforcement Learning, Flask, Scikit-learn",Entry,Contract,"New Christopherville, UY",187985,12-11-2023,Mid,"BigQuery, MLflow, FastAPI"
1788,"Smith, King and Miller",Finance,Computer Vision Engineer,"Excel, Power BI, GCP, AWS, CUDA, C++",Senior,Full-time,"East Joanna, BY",170937,24-04-2024,Mid,"Scikit-learn, TensorFlow"
1789,Mann PLC,Finance,AI Researcher,"LangChain, Power BI, Azure",Senior,Remote,"Schwartzport, LB",85968,03-08-2024,Startup,"Scikit-learn, LangChain"
1790,"Ellis, Wilson and Ochoa",Tech,AI Researcher,"Flask, Scikit-learn, FastAPI, CUDA, Azure",Mid,Internship,"South Deborahfurt, PT",152660,08-10-2024,Large,"BigQuery, LangChain"
1791,Quinn Ltd,Healthcare,Data Analyst,"Flask, SQL, Azure",Entry,Remote,"Kellychester, PW",86950,10-03-2025,Mid,MLflow
1792,Ward PLC,Finance,Data Analyst,"Reinforcement Learning, Excel, Azure, Pandas, GCP, MLflow",Senior,Contract,"Tiffanyville, MD",94448,23-11-2023,Mid,"LangChain, KDB+, Scikit-learn"
1793,Grant Group,Retail,Data Scientist,"R, PyTorch, FastAPI, Pandas, Reinforcement Learning, Scikit-learn",Senior,Contract,"Lake Ann, TO",110923,28-02-2024,Mid,Scikit-learn
1794,Gomez and Sons,Retail,AI Researcher,"FastAPI, NumPy, PyTorch, Hugging Face, Flask",Senior,Remote,"Hollyside, NP",173363,30-08-2025,Mid,"LangChain, MLflow"
1795,Wilson-Myers,Tech,AI Product Manager,"Hugging Face, NumPy, Flask",Mid,Internship,"Lake Jeffreymouth, AD",111301,08-05-2025,Large,"Scikit-learn, FastAPI"
1796,Morton-Simpson,Finance,Data Scientist,"Flask, FastAPI, Scikit-learn, AWS, Reinforcement Learning, MLflow",Entry,Full-time,"Davidmouth, JP",132821,26-07-2024,Large,"PyTorch, Scikit-learn"
1797,Nguyen LLC,E-commerce,Data Analyst,"R, Reinforcement Learning, MLflow, C++, Scikit-learn",Senior,Full-time,"South Nathan, NI",89037,14-12-2024,Startup,"PyTorch, FastAPI"
1798,Combs Inc,Healthcare,ML Engineer,"C++, Flask, NumPy, LangChain, SQL",Senior,Full-time,"Susanshire, TL",136211,13-12-2023,Large,"MLflow, Scikit-learn, KDB+"
1799,Ferguson and Sons,Healthcare,Data Scientist,"Power BI, Python, GCP, MLflow",Entry,Remote,"West Coryburgh, SL",145244,23-09-2024,Large,"BigQuery, KDB+, MLflow"
1800,Cook Group,Automotive,AI Researcher,"Flask, Power BI, AWS, NumPy, CUDA, Azure",Mid,Remote,"East Rodney, DM",146527,09-06-2024,Mid,"PyTorch, Scikit-learn"
1801,"White, Weber and Terry",Education,ML Engineer,"Power BI, CUDA, PyTorch, SQL, Excel, GCP",Senior,Internship,"Jessicabury, DE",108523,26-07-2024,Startup,"TensorFlow, MLflow"
1802,Le-Brown,Finance,Computer Vision Engineer,"C++, Hugging Face, TensorFlow",Senior,Full-time,"Jonesmouth, GT",147769,27-04-2024,Startup,"PyTorch, MLflow"
1803,"Boyd, Cochran and Golden",Education,ML Engineer,"Python, Excel, FastAPI, PyTorch, LangChain, GCP",Mid,Internship,"South Kaitlyn, MD",72866,21-10-2024,Mid,"BigQuery, MLflow, Scikit-learn"
1804,"Warren, Kirby and Thomas",Tech,ML Engineer,"R, LangChain, Hugging Face",Entry,Remote,"Dennisstad, GW",115746,22-08-2024,Mid,LangChain
1805,Berry LLC,Automotive,AI Product Manager,"MLflow, Excel, Scikit-learn, Reinforcement Learning, Python",Mid,Remote,"Mahoneyshire, CO",148010,17-07-2024,Startup,PyTorch
1806,"Walker, Brown and Monroe",E-commerce,Data Scientist,"GCP, AWS, Pandas, Flask, Python",Senior,Contract,"Jadefort, BY",89316,28-11-2023,Mid,"FastAPI, KDB+, MLflow"
1807,Armstrong-Clark,Education,Quant Researcher,"NumPy, C++, SQL",Entry,Full-time,"Reidfurt, MM",159898,21-05-2024,Mid,BigQuery
1808,Hall-Gill,Education,AI Product Manager,"NumPy, C++, MLflow",Senior,Remote,"Scottberg, KG",50713,12-01-2025,Startup,PyTorch
1809,"Riley, Rasmussen and Baker",E-commerce,Data Scientist,"Python, Excel, Hugging Face, CUDA, Flask",Entry,Contract,"Atkinsstad, AF",115405,14-08-2024,Large,MLflow
1810,Martinez and Sons,Automotive,Computer Vision Engineer,"Scikit-learn, C++, Power BI",Entry,Contract,"Kennethshire, HR",148615,02-06-2025,Large,MLflow
1811,Hernandez Inc,Retail,Data Analyst,"Excel, Flask, C++, Scikit-learn",Mid,Remote,"Rileyside, IS",84443,20-03-2024,Startup,LangChain
1812,Moore-Ramirez,Finance,Data Analyst,"NumPy, MLflow, PyTorch, Power BI, Scikit-learn, C++",Entry,Remote,"Kimberlyfort, DO",156826,29-03-2024,Large,"MLflow, LangChain"
1813,Duran-Rangel,Retail,NLP Engineer,"Reinforcement Learning, MLflow, SQL, NumPy",Mid,Full-time,"North Lindsey, CA",82759,07-05-2025,Large,TensorFlow
1814,"Black, Rodriguez and Hicks",Education,NLP Engineer,"CUDA, Keras, Hugging Face, Reinforcement Learning",Senior,Internship,"Jerrychester, GE",98025,27-04-2024,Mid,MLflow
1815,Wilson PLC,Tech,NLP Engineer,"Power BI, LangChain, AWS, Hugging Face, Flask",Senior,Full-time,"Allenfurt, RO",156797,20-12-2023,Mid,"KDB+, LangChain, MLflow"
1816,"Hines, Castillo and Patterson",Tech,Computer Vision Engineer,"CUDA, C++, Power BI, FastAPI",Senior,Full-time,"Andrewhaven, HR",77765,04-10-2023,Mid,"FastAPI, KDB+"
1817,Mitchell-Rivera,Education,Data Scientist,"Power BI, Reinforcement Learning, R, TensorFlow, GCP, Python",Mid,Internship,"Collinsside, UZ",153219,19-02-2025,Startup,"MLflow, KDB+, PyTorch"
1818,"Williams, Mcdonald and Martin",Education,ML Engineer,"TensorFlow, Hugging Face, LangChain",Mid,Internship,"Lake Melindabury, ER",96865,18-03-2025,Large,"PyTorch, LangChain, TensorFlow"
1819,Lee PLC,Finance,ML Engineer,"Scikit-learn, MLflow, FastAPI",Entry,Contract,"Cliffordview, IS",114658,01-09-2025,Startup,"FastAPI, KDB+, Scikit-learn"
1820,Wright Inc,E-commerce,Data Analyst,"Power BI, CUDA, Pandas",Entry,Internship,"Port Carrie, ME",71421,27-01-2024,Mid,"LangChain, BigQuery, TensorFlow"
1821,Townsend Inc,Education,ML Engineer,"Reinforcement Learning, PyTorch, Scikit-learn",Mid,Remote,"Cooperstad, CO",140248,21-08-2024,Large,"FastAPI, LangChain, MLflow"
1822,Valentine-Hodge,Healthcare,AI Researcher,"AWS, Scikit-learn, Keras, PyTorch, LangChain",Entry,Contract,"Jasonborough, CG",96218,08-04-2025,Large,"KDB+, FastAPI"
1823,Scott-Jackson,Healthcare,Data Analyst,"Scikit-learn, PyTorch, CUDA",Mid,Full-time,"East Tyler, KP",122172,25-12-2023,Startup,"KDB+, TensorFlow, LangChain"
1824,Austin Group,Finance,Data Analyst,"Flask, FastAPI, CUDA, AWS",Entry,Full-time,"Caseychester, SA",90235,22-09-2023,Startup,LangChain
1825,Garza-Gilbert,Education,Data Scientist,"R, PyTorch, SQL, NumPy, CUDA",Mid,Contract,"Robertbury, HR",158832,24-11-2023,Large,KDB+
1826,Nichols-Cook,Retail,AI Product Manager,"Pandas, Power BI, SQL, Reinforcement Learning, LangChain",Entry,Internship,"Stevenshire, UG",158674,10-09-2024,Startup,"MLflow, LangChain, KDB+"
1827,Thompson-Powell,Healthcare,NLP Engineer,"Azure, AWS, Keras, Flask, SQL",Mid,Full-time,"Katherinebury, PH",107349,27-08-2024,Mid,MLflow
1828,Sawyer-Cooper,E-commerce,AI Product Manager,"R, C++, Keras, Hugging Face",Entry,Remote,"Lake Daisyfurt, MC",141440,07-03-2024,Startup,"Scikit-learn, FastAPI"
1829,"Ray, Torres and Cortez",Automotive,AI Product Manager,"CUDA, Azure, Power BI, LangChain",Senior,Internship,"Silvastad, LI",109304,19-08-2025,Mid,PyTorch
1830,Stokes-Cameron,E-commerce,Quant Researcher,"GCP, CUDA, PyTorch, FastAPI, TensorFlow, Excel",Mid,Contract,"Perrymouth, BG",79038,01-04-2025,Startup,KDB+
1831,Hudson-Robertson,Finance,Data Analyst,"GCP, Pandas, R",Mid,Remote,"Port Kristin, LB",137865,21-07-2024,Large,KDB+
1832,Carter-Jimenez,Healthcare,NLP Engineer,"Power BI, Pandas, Flask",Senior,Remote,"South Jenniferton, KG",111783,19-07-2024,Large,"Scikit-learn, KDB+, FastAPI"
1833,Freeman-Reyes,Tech,Computer Vision Engineer,"TensorFlow, Hugging Face, Pandas, Flask, Reinforcement Learning, Keras",Mid,Internship,"Janetmouth, VE",117541,14-01-2024,Large,FastAPI
1834,"Hicks, Webb and Krueger",Finance,Data Analyst,"Power BI, NumPy, R, FastAPI, Keras",Entry,Full-time,"Jessicaborough, CA",72768,30-11-2024,Large,"TensorFlow, LangChain"
1835,"Cannon, Martin and Watson",Tech,NLP Engineer,"AWS, Excel, Keras, Hugging Face, Azure, Reinforcement Learning",Senior,Full-time,"South Debra, AD",70060,08-03-2024,Large,"BigQuery, PyTorch"
1836,Blevins PLC,Automotive,ML Engineer,"Python, Hugging Face, Keras, LangChain",Entry,Internship,"Jeremyland, AU",133894,03-12-2023,Startup,KDB+
1837,"Butler, Brown and Thomas",Automotive,Data Analyst,"Excel, Hugging Face, GCP",Mid,Remote,"Evelynhaven, CN",120373,08-08-2025,Large,"Scikit-learn, BigQuery, PyTorch"
1838,Ellis Inc,Healthcare,Quant Researcher,"NumPy, Reinforcement Learning, Python, Hugging Face, PyTorch, GCP",Entry,Internship,"Susantown, GB",69606,08-06-2024,Large,TensorFlow
1839,Lindsey Ltd,Education,Quant Researcher,"NumPy, Python, MLflow, Flask, GCP",Entry,Contract,"New Shaun, BJ",109146,30-07-2024,Mid,"FastAPI, PyTorch"
1840,Wu Ltd,Healthcare,Quant Researcher,"Excel, Keras, GCP, Scikit-learn, Hugging Face, Pandas",Mid,Full-time,"East Christinachester, BO",121157,24-03-2024,Startup,"KDB+, LangChain, TensorFlow"
1841,Ruiz-Payne,Tech,Data Scientist,"PyTorch, Hugging Face, Excel",Entry,Remote,"East Christopherberg, BJ",88599,01-08-2024,Large,MLflow
1842,Stewart Group,Tech,Data Scientist,"Reinforcement Learning, LangChain, Pandas, TensorFlow, MLflow, FastAPI",Senior,Full-time,"Jefferymouth, KW",160923,05-01-2025,Large,"LangChain, Scikit-learn"
1843,"Adams, Finley and Perez",Tech,AI Product Manager,"CUDA, SQL, Azure, Excel, Pandas",Mid,Full-time,"Downsland, TW",103472,13-08-2025,Large,"LangChain, FastAPI, Scikit-learn"
1844,Ponce-Brewer,Education,AI Product Manager,"R, Azure, TensorFlow",Mid,Remote,"Daymouth, MK",108013,23-03-2025,Mid,BigQuery
1845,Strickland-Gray,Tech,NLP Engineer,"AWS, R, Pandas, Power BI, SQL, Scikit-learn",Mid,Internship,"Taylorport, VU",131980,17-04-2024,Mid,"KDB+, LangChain"
1846,Mckee PLC,E-commerce,Data Scientist,"Hugging Face, R, TensorFlow, MLflow, NumPy",Senior,Internship,"Danielletown, MH",110467,27-12-2023,Startup,"BigQuery, TensorFlow, LangChain"
1847,Keith Inc,Healthcare,Data Scientist,"Power BI, Scikit-learn, Excel",Senior,Internship,"Lake Robert, TN",90220,23-02-2025,Large,"BigQuery, TensorFlow"
1848,Willis-Olson,Automotive,NLP Engineer,"Hugging Face, Azure, Keras",Entry,Full-time,"North Aaronberg, ME",120778,28-08-2025,Mid,"MLflow, PyTorch"
1849,"Roberts, Gill and Williams",Tech,ML Engineer,"LangChain, PyTorch, Power BI, Pandas, Scikit-learn, R",Mid,Remote,"Lake Scottbury, LB",163236,31-05-2025,Large,"LangChain, TensorFlow, PyTorch"
1850,Johnson LLC,Education,Data Analyst,"Hugging Face, Excel, Pandas, Keras, Reinforcement Learning, AWS",Mid,Internship,"New Richard, HT",157888,09-03-2024,Startup,"KDB+, FastAPI"
1851,"Houston, Ponce and Pennington",Automotive,Computer Vision Engineer,"PyTorch, Excel, Pandas, MLflow, Hugging Face",Senior,Full-time,"Lake Jamesside, DM",167177,19-03-2024,Startup,"LangChain, BigQuery, MLflow"
1852,"Smith, Willis and Johnson",Healthcare,AI Researcher,"LangChain, SQL, Pandas, R, Reinforcement Learning, Python",Entry,Remote,"Cathyport, PH",125017,23-01-2025,Large,"TensorFlow, KDB+"
1853,Greene and Sons,Retail,NLP Engineer,"Reinforcement Learning, TensorFlow, NumPy",Mid,Contract,"Pearsonberg, KG",135968,12-06-2025,Mid,TensorFlow
1854,Lloyd PLC,Finance,Computer Vision Engineer,"Flask, LangChain, PyTorch, MLflow, SQL",Entry,Internship,"New Ericafurt, LU",146830,24-11-2024,Large,"LangChain, Scikit-learn, BigQuery"
1855,Abbott-Gray,E-commerce,ML Engineer,"FastAPI, NumPy, C++",Senior,Internship,"Howardview, MA",92519,23-07-2024,Mid,BigQuery
1856,Ramos and Sons,Healthcare,Computer Vision Engineer,"Reinforcement Learning, LangChain, CUDA, Hugging Face",Entry,Remote,"Rileyborough, HU",162770,23-10-2023,Mid,"LangChain, MLflow"
1857,Hicks Inc,Retail,Data Analyst,"TensorFlow, Python, SQL",Entry,Contract,"North Haileyville, UA",142798,05-08-2025,Large,KDB+
1858,Adams-Bright,Tech,Computer Vision Engineer,"AWS, Keras, GCP, SQL",Mid,Internship,"Laneberg, JM",143040,11-07-2024,Startup,LangChain
1859,Martin-Gregory,Education,Data Analyst,"Python, SQL, PyTorch",Senior,Internship,"Dawnmouth, MM",95504,23-10-2024,Startup,"Scikit-learn, MLflow"
1860,Wood LLC,Education,Quant Researcher,"Hugging Face, Flask, Scikit-learn, GCP",Mid,Internship,"North Brooke, US",184653,21-09-2023,Large,"MLflow, FastAPI"
1861,Schultz-Sanders,Healthcare,AI Product Manager,"FastAPI, TensorFlow, Python, GCP",Entry,Internship,"South Elizabeth, BI",144411,07-06-2024,Mid,"FastAPI, BigQuery, PyTorch"
1862,Ray LLC,Automotive,Quant Researcher,"Hugging Face, C++, NumPy, R",Senior,Remote,"West Charles, ZM",142923,17-09-2025,Mid,"PyTorch, BigQuery"
1863,"Lee, Rodgers and Hunter",Finance,AI Researcher,"LangChain, Python, Excel, AWS, Power BI, Hugging Face",Mid,Remote,"West Whitney, BH",153684,05-12-2023,Mid,"KDB+, MLflow"
1864,Jones and Sons,Finance,AI Researcher,"Power BI, Excel, Azure, Keras, C++",Entry,Contract,"New Matthew, UG",149314,31-10-2023,Large,"TensorFlow, LangChain"
1865,Morse-Hodges,Finance,NLP Engineer,"Python, MLflow, PyTorch, C++, GCP, Hugging Face",Senior,Full-time,"Beckerstad, IN",164228,26-08-2025,Mid,"MLflow, TensorFlow, PyTorch"
1866,"West, Williams and Stewart",Healthcare,Quant Researcher,"Scikit-learn, AWS, Python, CUDA",Mid,Internship,"Macdonaldfort, JM",91591,04-07-2025,Large,"KDB+, FastAPI"
1867,Lopez LLC,Automotive,Quant Researcher,"Flask, LangChain, AWS, Reinforcement Learning",Entry,Internship,"South Ralphfort, MH",114223,09-11-2024,Startup,"Scikit-learn, BigQuery, PyTorch"
1868,Nunez Inc,Retail,Data Analyst,"Azure, Pandas, Excel, Reinforcement Learning, LangChain",Entry,Internship,"New Brianborough, AF",109084,20-11-2024,Mid,MLflow
1869,"Lewis, Pollard and Rogers",Retail,Computer Vision Engineer,"GCP, C++, Azure, TensorFlow, CUDA, R",Senior,Internship,"Pearsonmouth, RW",131081,26-05-2025,Startup,"PyTorch, KDB+"
1870,"Moody, Oconnor and Brewer",Finance,ML Engineer,"CUDA, Azure, FastAPI, Flask",Mid,Internship,"Thompsonborough, AF",125686,16-09-2024,Mid,"Scikit-learn, BigQuery"
1871,Rodriguez-Moore,Finance,AI Product Manager,"Pandas, Python, PyTorch, R, Flask",Senior,Internship,"Parkerchester, TN",143568,17-07-2024,Startup,"TensorFlow, PyTorch"
1872,Baker-Williams,E-commerce,Data Analyst,"Python, Power BI, Hugging Face, AWS",Mid,Internship,"Bakerland, NG",96105,08-06-2024,Mid,"LangChain, BigQuery"
1873,"Summers, Carter and James",Automotive,Data Scientist,"AWS, SQL, CUDA, GCP, TensorFlow, C++",Mid,Contract,"Swansonburgh, MV",154217,10-04-2024,Large,KDB+
1874,"Hughes, Neal and Davis",Automotive,Computer Vision Engineer,"Reinforcement Learning, R, Azure, CUDA, TensorFlow",Entry,Remote,"Davidbury, CM",146172,03-09-2025,Startup,"Scikit-learn, KDB+, FastAPI"
1875,Robinson Inc,Healthcare,AI Product Manager,"C++, Keras, Flask, Pandas, PyTorch, Excel",Senior,Contract,"Wuland, BO",122663,04-02-2025,Large,TensorFlow
1876,Marsh Inc,Education,Quant Researcher,"Keras, Reinforcement Learning, Scikit-learn",Mid,Contract,"Lake Patrickville, SK",169682,08-09-2024,Startup,"MLflow, BigQuery"
1877,Kim-Thornton,Finance,Data Scientist,"Reinforcement Learning, Excel, C++, CUDA, Keras",Mid,Full-time,"South Peggyton, PW",120869,16-04-2025,Mid,"LangChain, MLflow"
1878,"Miller, Wilson and Barker",Retail,Quant Researcher,"Scikit-learn, Azure, Hugging Face",Mid,Remote,"Helenport, OM",163848,20-08-2024,Large,Scikit-learn
1879,"Stewart, Rodriguez and Jenkins",Education,Computer Vision Engineer,"TensorFlow, NumPy, CUDA, Power BI",Senior,Full-time,"Port Mitchell, US",145817,13-12-2023,Large,"TensorFlow, Scikit-learn, MLflow"
1880,Kelly-Cline,Education,Data Scientist,"PyTorch, Power BI, Scikit-learn, Flask, NumPy, Keras",Mid,Contract,"Port Caroline, NI",168212,11-04-2024,Large,"FastAPI, MLflow"
1881,Beltran Inc,Tech,Data Analyst,"Azure, SQL, NumPy",Mid,Internship,"Lake Joshua, CU",107700,10-08-2025,Large,"Scikit-learn, BigQuery"
1882,"Kennedy, Lopez and Bell",Retail,ML Engineer,"Python, LangChain, SQL, AWS, GCP, Power BI",Entry,Contract,"New Michael, TW",124874,29-12-2023,Mid,TensorFlow
1883,Watson-Mitchell,Tech,ML Engineer,"SQL, MLflow, PyTorch, Power BI",Entry,Full-time,"Mariaton, SZ",81090,02-01-2025,Mid,LangChain
1884,"Wolfe, Stephenson and Sanchez",Tech,NLP Engineer,"Reinforcement Learning, NumPy, Python, Pandas",Mid,Full-time,"Wallacetown, MG",111206,23-12-2023,Startup,"FastAPI, BigQuery, PyTorch"
1885,Gaines-Nelson,Automotive,Data Analyst,"PyTorch, Power BI, Keras",Entry,Internship,"West Ryanport, MZ",179578,09-03-2024,Large,"MLflow, PyTorch, TensorFlow"
1886,"Calhoun, Thomas and Brandt",Automotive,AI Researcher,"Reinforcement Learning, AWS, FastAPI, C++, Azure, LangChain",Entry,Remote,"Shepherdport, CY",126134,16-01-2025,Large,"TensorFlow, FastAPI"
1887,"Hernandez, Griffith and Simmons",Retail,AI Researcher,"FastAPI, Power BI, CUDA",Mid,Internship,"West Mark, ET",136694,22-07-2025,Large,BigQuery
1888,Davies-Payne,Tech,AI Product Manager,"FastAPI, CUDA, C++, PyTorch",Senior,Full-time,"Kristyton, GW",162686,02-10-2023,Large,"FastAPI, MLflow, TensorFlow"
1889,Hicks Group,Automotive,Data Analyst,"Pandas, TensorFlow, AWS",Senior,Remote,"Hollyberg, BB",149303,12-06-2025,Large,"BigQuery, TensorFlow, PyTorch"
1890,Myers Ltd,Retail,Computer Vision Engineer,"AWS, Excel, TensorFlow, Scikit-learn, Hugging Face",Entry,Contract,"Amandahaven, MX",132648,13-08-2024,Mid,"LangChain, PyTorch, MLflow"
1891,Ramirez and Sons,Automotive,NLP Engineer,"NumPy, PyTorch, AWS, Hugging Face",Senior,Remote,"Brendashire, LR",114547,28-04-2025,Mid,PyTorch
1892,Adams-Lee,Retail,ML Engineer,"Keras, R, Reinforcement Learning, PyTorch",Entry,Internship,"New Marthaview, PH",91096,13-09-2025,Large,"BigQuery, Scikit-learn"
1893,Rosario PLC,Retail,Data Analyst,"PyTorch, C++, R, Keras, Reinforcement Learning, Hugging Face",Senior,Remote,"East John, TV",177180,05-01-2025,Large,LangChain
1894,Mack and Sons,Automotive,Quant Researcher,"GCP, FastAPI, Keras, R, CUDA, Hugging Face",Senior,Full-time,"Rhodestown, LI",103013,16-10-2023,Mid,KDB+
1895,"Ramos, Hines and Faulkner",Finance,Data Scientist,"MLflow, Reinforcement Learning, LangChain, CUDA, Python",Entry,Remote,"Martinbury, PW",152899,24-07-2024,Startup,"PyTorch, TensorFlow"
1896,Smith-Hall,E-commerce,AI Researcher,"Pandas, Excel, R, AWS",Senior,Remote,"Debbieburgh, FI",130631,12-10-2024,Startup,"PyTorch, FastAPI"
1897,"Santos, Lowe and Lindsey",Finance,ML Engineer,"Flask, Azure, SQL, Hugging Face, Keras, C++",Senior,Remote,"Humphreyfort, PT",155238,09-04-2024,Large,PyTorch
1898,Wilkins-King,E-commerce,Quant Researcher,"TensorFlow, C++, Excel, FastAPI, Pandas",Entry,Internship,"Lake Mark, CH",149986,23-10-2024,Mid,PyTorch
1899,Parker-Harris,Healthcare,Computer Vision Engineer,"CUDA, Pandas, Scikit-learn, LangChain, Azure, FastAPI",Mid,Internship,"Morrisburgh, MH",78574,04-10-2024,Startup,"MLflow, KDB+, PyTorch"
1900,Mitchell-Ayers,Retail,ML Engineer,"CUDA, SQL, Python, Reinforcement Learning",Mid,Full-time,"Andersonberg, GA",84420,19-12-2024,Mid,"PyTorch, MLflow"
1901,"James, Scott and Armstrong",E-commerce,AI Product Manager,"Azure, MLflow, FastAPI, Hugging Face, LangChain",Entry,Remote,"Kellyton, TG",150134,29-12-2024,Mid,"MLflow, KDB+, PyTorch"
1902,Mcdonald-Hines,Retail,NLP Engineer,"SQL, Reinforcement Learning, LangChain, R",Senior,Remote,"West Christian, RS",154143,31-05-2024,Startup,"PyTorch, KDB+"
1903,Alvarez and Sons,Education,Data Scientist,"PyTorch, NumPy, C++, AWS, Scikit-learn, CUDA",Senior,Internship,"Rebeccamouth, CZ",137876,15-11-2024,Startup,"PyTorch, TensorFlow, Scikit-learn"
1904,Shaw-May,E-commerce,Data Analyst,"Excel, Power BI, C++, CUDA, Flask",Senior,Contract,"Saraberg, SO",89190,10-10-2024,Mid,"FastAPI, MLflow, PyTorch"
1905,"Deleon, Johnson and Shah",Automotive,Data Analyst,"FastAPI, SQL, GCP",Mid,Remote,"Markview, TZ",114680,04-07-2025,Startup,"KDB+, PyTorch, TensorFlow"
1906,Stevens LLC,Retail,ML Engineer,"AWS, LangChain, Hugging Face, Pandas",Entry,Remote,"Palmershire, ES",124595,30-03-2024,Large,LangChain
1907,"Moore, Edwards and Greene",Finance,Data Analyst,"PyTorch, TensorFlow, Azure, Excel, GCP",Mid,Full-time,"North Angelaside, RU",119141,14-01-2024,Mid,"LangChain, PyTorch"
1908,Lee Group,Automotive,AI Researcher,"Python, Hugging Face, GCP, AWS",Senior,Full-time,"Buchananfort, PS",75696,22-01-2025,Startup,MLflow
1909,"Smith, Rodriguez and Foster",Tech,AI Researcher,"LangChain, Power BI, Scikit-learn, SQL, Keras",Senior,Remote,"East Laura, YE",88504,22-04-2025,Mid,FastAPI
1910,Hale Group,Automotive,Data Analyst,"AWS, TensorFlow, CUDA, Reinforcement Learning, FastAPI",Mid,Internship,"Jasonbury, ZM",172442,20-05-2025,Mid,FastAPI
1911,James PLC,Education,Quant Researcher,"Scikit-learn, SQL, Python, Hugging Face",Entry,Internship,"Port Jacqueline, NG",169486,30-08-2025,Mid,"Scikit-learn, BigQuery"
1912,Wagner-Doyle,Automotive,NLP Engineer,"CUDA, LangChain, Python, Azure",Entry,Full-time,"Stephaniefurt, SL",98319,22-12-2024,Startup,"KDB+, BigQuery"
1913,Martinez PLC,Tech,AI Product Manager,"Azure, Pandas, C++, CUDA",Entry,Internship,"Mollyside, JO",117034,18-07-2025,Mid,"PyTorch, BigQuery, Scikit-learn"
1914,"Allen, Ward and Smith",Tech,AI Product Manager,"Reinforcement Learning, FastAPI, SQL, Excel, Keras, NumPy",Mid,Full-time,"Morganshire, HT",99380,30-07-2024,Large,"MLflow, BigQuery, FastAPI"
1915,Nelson PLC,Education,Computer Vision Engineer,"TensorFlow, Scikit-learn, NumPy, C++, FastAPI",Senior,Internship,"Bennettshire, IR",84225,11-10-2023,Mid,"KDB+, PyTorch, Scikit-learn"
1916,Roach-Flores,Education,AI Researcher,"Keras, Reinforcement Learning, GCP, CUDA",Senior,Full-time,"Brownfurt, LA",79159,06-04-2025,Startup,LangChain
1917,Mullins Group,Automotive,Data Analyst,"Pandas, Reinforcement Learning, GCP, Hugging Face",Entry,Internship,"Goodwinshire, ME",168637,18-11-2023,Large,"MLflow, PyTorch, TensorFlow"
1918,Smith-Garcia,E-commerce,Data Analyst,"Flask, R, LangChain, NumPy, Reinforcement Learning, MLflow",Entry,Contract,"Craigport, CV",120673,17-09-2024,Mid,BigQuery
1919,White-Frye,Retail,Data Analyst,"R, Python, Keras",Senior,Remote,"Nicoletown, NZ",140698,20-02-2024,Mid,"TensorFlow, BigQuery"
1920,"Lewis, Mccormick and Rowland",Tech,NLP Engineer,"AWS, SQL, Reinforcement Learning, TensorFlow",Entry,Full-time,"Lake Andrea, DM",173018,19-01-2025,Mid,"LangChain, PyTorch"
1921,"Mccann, Atkinson and Durham",Finance,AI Researcher,"MLflow, Power BI, CUDA, R",Mid,Contract,"Atkinschester, CO",121813,27-08-2024,Startup,"PyTorch, LangChain"
1922,Campbell PLC,Education,NLP Engineer,"AWS, Azure, R",Entry,Internship,"Lucaschester, FJ",150053,22-01-2025,Startup,"KDB+, FastAPI"
1923,Edwards-Pacheco,E-commerce,AI Researcher,"R, AWS, Pandas",Mid,Full-time,"Stevenside, CD",82135,03-11-2023,Large,"LangChain, TensorFlow"
1924,Arroyo Ltd,Healthcare,ML Engineer,"Pandas, C++, FastAPI, Excel",Entry,Internship,"North Jennifer, HR",144133,06-08-2025,Mid,"FastAPI, BigQuery"
1925,Banks-Wright,Healthcare,ML Engineer,"Power BI, AWS, Python, MLflow, Excel, Reinforcement Learning",Entry,Full-time,"South Devintown, MT",115102,02-09-2025,Mid,"BigQuery, KDB+"
1926,Hayes PLC,Tech,AI Researcher,"PyTorch, Scikit-learn, Azure, LangChain",Mid,Internship,"Port Kaylatown, SO",191780,17-10-2024,Large,MLflow
1927,"Moore, Mitchell and Tapia",Finance,NLP Engineer,"Scikit-learn, Reinforcement Learning, Azure, Power BI, TensorFlow",Mid,Internship,"North Kimberly, HN",91536,20-02-2025,Large,LangChain
1928,Martin PLC,E-commerce,ML Engineer,"Scikit-learn, FastAPI, PyTorch, Hugging Face, GCP, LangChain",Entry,Contract,"Port Stevenburgh, KN",194744,16-07-2024,Mid,"BigQuery, MLflow"
1929,"Garcia, Chambers and Sutton",Finance,ML Engineer,"CUDA, Excel, Flask, Hugging Face, MLflow, Python",Mid,Full-time,"South Paulstad, BY",119843,16-07-2024,Mid,"MLflow, KDB+"
1930,Wyatt LLC,Healthcare,NLP Engineer,"AWS, GCP, Python, MLflow, Scikit-learn, Power BI",Entry,Internship,"Jaredport, NA",52736,20-01-2025,Large,"KDB+, FastAPI, BigQuery"
1931,"Weeks, Diaz and Fisher",Education,Data Analyst,"Excel, PyTorch, Python, TensorFlow, Hugging Face",Mid,Remote,"Hernandeztown, PS",94409,16-11-2023,Large,"LangChain, KDB+, Scikit-learn"
1932,Murphy Inc,Healthcare,AI Researcher,"Hugging Face, Flask, Excel, CUDA, Pandas",Mid,Remote,"East Samuelburgh, SL",138299,07-12-2023,Startup,"MLflow, Scikit-learn"
1933,Mahoney LLC,Retail,Data Scientist,"Keras, CUDA, C++, Python, SQL, Scikit-learn",Entry,Contract,"North Paigemouth, TO",96463,22-08-2025,Large,"KDB+, Scikit-learn, FastAPI"
1934,Larsen-Armstrong,E-commerce,AI Researcher,"MLflow, PyTorch, GCP, Python",Entry,Contract,"North Albert, NP",136708,28-07-2025,Startup,"PyTorch, KDB+"
1935,Chavez and Sons,Retail,NLP Engineer,"C++, SQL, NumPy, R, Keras",Senior,Internship,"Natashaberg, BA",136223,19-05-2024,Startup,"MLflow, KDB+, Scikit-learn"
1936,Davis Ltd,Automotive,NLP Engineer,"C++, SQL, AWS, Azure, R",Entry,Remote,"North Maryborough, CL",105900,13-03-2025,Mid,PyTorch
1937,Baldwin-Norman,Retail,Computer Vision Engineer,"Reinforcement Learning, PyTorch, Pandas, Scikit-learn",Senior,Internship,"North Oscar, DJ",52170,25-04-2024,Mid,Scikit-learn
1938,"Lyons, Gardner and Moss",E-commerce,Data Scientist,"Hugging Face, TensorFlow, FastAPI, Excel, Pandas",Senior,Remote,"Tarahaven, IN",59838,08-05-2024,Large,"FastAPI, MLflow, Scikit-learn"
1939,Smith-Silva,Retail,Data Scientist,"AWS, Excel, PyTorch, R, Pandas",Senior,Full-time,"West Claudia, RO",82702,03-02-2024,Large,LangChain
1940,Craig-Snyder,Healthcare,AI Product Manager,"Excel, Flask, CUDA",Entry,Remote,"Timothyfort, DZ",79592,10-05-2025,Mid,PyTorch
1941,Shah PLC,E-commerce,NLP Engineer,"Keras, Hugging Face, Flask, NumPy",Senior,Full-time,"Roberttown, AG",188397,15-08-2024,Startup,PyTorch
1942,"Robinson, Mcdowell and Robinson",E-commerce,NLP Engineer,"Excel, FastAPI, Keras, PyTorch, Azure, Flask",Entry,Contract,"South Elizabeth, GE",96742,12-05-2024,Large,"PyTorch, TensorFlow, MLflow"
1943,"Williams, Brown and Chen",Finance,Data Analyst,"SQL, Scikit-learn, FastAPI, GCP",Entry,Contract,"Cassandraport, MC",103684,15-01-2024,Mid,"MLflow, TensorFlow"
1944,"Lopez, Davis and Chapman",E-commerce,NLP Engineer,"FastAPI, CUDA, C++, Flask, MLflow, Python",Entry,Contract,"Lake Alisonhaven, NI",149994,01-01-2024,Mid,"MLflow, Scikit-learn, FastAPI"
1945,"Walker, Williamson and Brown",E-commerce,Data Scientist,"Azure, SQL, Keras, C++, LangChain, TensorFlow",Entry,Remote,"Staciechester, AO",122116,08-08-2025,Large,TensorFlow
1946,"Fry, Farrell and Hernandez",Education,Quant Researcher,"SQL, CUDA, GCP",Mid,Internship,"Taylorview, PL",68972,19-11-2023,Large,FastAPI
1947,"Gomez, King and Thompson",Automotive,Quant Researcher,"Azure, Keras, TensorFlow",Entry,Remote,"North Sheryl, TD",107183,01-07-2025,Startup,KDB+
1948,Kim-Woodward,E-commerce,Quant Researcher,"R, Power BI, Python, Azure, TensorFlow, Reinforcement Learning",Entry,Internship,"New Andrea, NI",186602,16-09-2025,Mid,TensorFlow
1949,"Williams, Moore and Rogers",Education,Data Scientist,"TensorFlow, Pandas, Power BI, AWS, Keras, Reinforcement Learning",Senior,Contract,"New Kimberlyhaven, SN",154500,20-04-2025,Mid,LangChain
1950,"Roberson, Lucero and Smith",Healthcare,Data Analyst,"CUDA, Excel, FastAPI, MLflow",Mid,Internship,"New Roberto, JP",87819,17-06-2024,Large,Scikit-learn
1951,"Hoffman, Gaines and Medina",Finance,Quant Researcher,"GCP, Flask, Scikit-learn, Keras, LangChain",Mid,Internship,"Harperfort, MT",174852,06-07-2025,Mid,"TensorFlow, BigQuery"
1952,Robinson Ltd,Education,Data Analyst,"C++, Pandas, Azure, Keras",Mid,Internship,"Stevenborough, GR",77668,14-07-2025,Mid,"KDB+, PyTorch, Scikit-learn"
1953,Stark-Collins,Healthcare,Data Analyst,"SQL, Excel, LangChain, MLflow, Scikit-learn, Python",Senior,Internship,"Port Meganshire, MH",133033,15-10-2024,Large,"BigQuery, PyTorch"
1954,Allen-Sandoval,Tech,NLP Engineer,"NumPy, Hugging Face, R, CUDA, Pandas, Reinforcement Learning",Entry,Remote,"Mallorymouth, MY",125130,30-08-2025,Large,"FastAPI, Scikit-learn, TensorFlow"
1955,Reid-Armstrong,Automotive,ML Engineer,"Python, R, Hugging Face, Scikit-learn, NumPy",Entry,Remote,"Williamstad, VE",72501,17-11-2023,Large,"FastAPI, LangChain"
1956,Jones-Lopez,Finance,Quant Researcher,"Excel, R, GCP",Mid,Contract,"Emilyberg, CH",193918,24-04-2025,Large,"MLflow, KDB+, LangChain"
1957,Bennett Ltd,Healthcare,NLP Engineer,"LangChain, FastAPI, C++",Senior,Internship,"East Casey, EE",148143,11-02-2025,Large,"FastAPI, TensorFlow, LangChain"
1958,Moore-Martin,Tech,Data Scientist,"PyTorch, Python, Excel",Entry,Internship,"Gregorytown, GA",113908,22-10-2023,Mid,"FastAPI, BigQuery, TensorFlow"
1959,Diaz-Reed,Education,AI Researcher,"C++, R, NumPy, PyTorch, GCP, Hugging Face",Mid,Remote,"South Benjamin, FR",96142,02-05-2024,Mid,LangChain
1960,"Clark, Olsen and Williams",Education,Computer Vision Engineer,"Pandas, Azure, Hugging Face, Power BI",Senior,Internship,"Lake Janicehaven, BH",127691,08-03-2025,Mid,"Scikit-learn, TensorFlow, FastAPI"
1961,Daniels-Moore,E-commerce,Data Scientist,"NumPy, Hugging Face, C++, Power BI, LangChain",Mid,Contract,"West Justinfort, AO",60277,22-04-2025,Large,"KDB+, FastAPI, TensorFlow"
1962,"Ramos, Long and Smith",E-commerce,Data Scientist,"C++, Python, R",Senior,Internship,"West Danielle, LU",171255,04-11-2024,Mid,BigQuery
1963,Miller-Vaughan,Automotive,Quant Researcher,"FastAPI, Power BI, CUDA, Keras, Hugging Face",Entry,Internship,"New Mistyland, SL",58072,25-07-2025,Mid,BigQuery
1964,"Hines, Stevens and Johnson",Education,Quant Researcher,"Azure, FastAPI, Excel, Keras, C++",Mid,Remote,"Gutierrezmouth, UG",155313,05-09-2025,Large,"TensorFlow, FastAPI, BigQuery"
1965,Williams-Mcdonald,Finance,Data Scientist,"PyTorch, AWS, Keras, Excel, SQL",Mid,Remote,"West Natalieville, GD",87717,06-02-2025,Mid,"Scikit-learn, FastAPI, PyTorch"
1966,Chen Ltd,Tech,Quant Researcher,"Hugging Face, LangChain, Python, FastAPI, CUDA",Senior,Full-time,"East Markville, GM",161191,27-01-2025,Startup,"KDB+, BigQuery, LangChain"
1967,Joseph Ltd,Education,AI Researcher,"GCP, Flask, Hugging Face, AWS",Entry,Contract,"South Christopher, NE",99495,13-12-2024,Startup,LangChain
1968,Williams LLC,E-commerce,ML Engineer,"FastAPI, Reinforcement Learning, MLflow",Mid,Remote,"Wrightburgh, ML",173089,23-10-2023,Large,"MLflow, TensorFlow"
1969,"Jones, Reyes and Watkins",Automotive,AI Researcher,"Reinforcement Learning, Keras, PyTorch, Pandas, C++, Hugging Face",Mid,Remote,"Lindashire, SC",155058,20-06-2024,Large,"KDB+, Scikit-learn"
1970,"Rodriguez, Mccoy and Rojas",Finance,Data Scientist,"C++, LangChain, Azure, Keras",Mid,Remote,"Carterport, UG",112385,29-01-2024,Mid,"MLflow, LangChain, Scikit-learn"
1971,"Kim, Mitchell and York",Tech,ML Engineer,"Power BI, CUDA, TensorFlow",Entry,Internship,"Lovemouth, VN",125098,02-08-2024,Large,FastAPI
1972,Jackson-Ortiz,Education,Data Analyst,"TensorFlow, Excel, Azure, GCP",Entry,Internship,"East Randy, BA",143311,14-05-2025,Startup,"BigQuery, FastAPI"
1973,"Miller, Russell and Reed",Education,AI Researcher,"Hugging Face, LangChain, Excel, NumPy, Power BI",Senior,Full-time,"East Sylviaborough, ML",115847,20-06-2025,Mid,"BigQuery, FastAPI, LangChain"
1974,Mclaughlin-Woodard,Automotive,ML Engineer,"Reinforcement Learning, Flask, Power BI, TensorFlow",Senior,Contract,"Lake Alexanderfurt, QA",141710,01-04-2025,Mid,"KDB+, MLflow, PyTorch"
1975,"Smith, Simon and Bennett",Tech,Quant Researcher,"CUDA, Hugging Face, GCP, Python, AWS",Entry,Remote,"West Loganburgh, DJ",133650,31-08-2025,Startup,"FastAPI, LangChain"
1976,Horton and Sons,Education,Computer Vision Engineer,"Scikit-learn, Keras, NumPy, Reinforcement Learning",Senior,Contract,"Nicholasmouth, BD",129979,20-04-2025,Large,"LangChain, PyTorch"
1977,Allen-Patterson,Tech,Data Analyst,"Pandas, PyTorch, CUDA, Power BI, Flask",Mid,Contract,"East Shelley, DE",90826,06-03-2024,Startup,"FastAPI, BigQuery, Scikit-learn"
1978,Tate-Burnett,Tech,Data Analyst,"LangChain, Reinforcement Learning, CUDA, Pandas, Excel",Senior,Remote,"Harrischester, ER",122518,13-07-2024,Large,TensorFlow
1979,"Johnson, Hughes and Smith",E-commerce,AI Product Manager,"Python, Power BI, MLflow, Hugging Face, FastAPI",Senior,Full-time,"New Michaelmouth, NP",151538,09-11-2024,Large,"TensorFlow, Scikit-learn"
1980,Cook-Fowler,Finance,AI Product Manager,"FastAPI, Keras, Flask, AWS, GCP",Mid,Internship,"Kevinborough, SE",92771,18-03-2024,Mid,"MLflow, LangChain"
1981,Fleming LLC,E-commerce,AI Product Manager,"R, SQL, Pandas, Python",Entry,Contract,"East Michelleborough, ZA",72060,11-09-2025,Startup,"Scikit-learn, FastAPI, LangChain"
1982,Schmidt Inc,E-commerce,NLP Engineer,"Flask, GCP, Keras, LangChain, PyTorch",Senior,Remote,"South Craigchester, KG",125751,23-03-2024,Startup,"Scikit-learn, LangChain"
1983,Ramirez-Love,Finance,ML Engineer,"C++, PyTorch, MLflow, Scikit-learn, TensorFlow",Mid,Contract,"Tylerland, GA",113837,12-09-2025,Startup,FastAPI
1984,Ball-Kelly,Automotive,AI Researcher,"Keras, Excel, R",Senior,Full-time,"North Melissashire, LA",166592,06-08-2024,Startup,"BigQuery, MLflow, FastAPI"
1985,Grimes-Moore,Automotive,Data Analyst,"TensorFlow, Excel, LangChain",Mid,Contract,"Melissamouth, VC",91657,02-05-2025,Mid,"KDB+, FastAPI, PyTorch"
1986,"Jackson, Anthony and Woods",Finance,Data Analyst,"Reinforcement Learning, LangChain, MLflow, Hugging Face, NumPy, Python",Entry,Full-time,"Danielview, SA",149266,30-10-2024,Startup,MLflow
1987,"Douglas, Thomas and Smith",Healthcare,Data Scientist,"GCP, Power BI, Hugging Face, SQL",Entry,Contract,"Gailmouth, PK",83510,13-07-2024,Mid,"BigQuery, MLflow"
1988,"Solis, Peters and Walsh",Tech,ML Engineer,"AWS, Azure, Python, R, Scikit-learn, GCP",Senior,Internship,"Jennifermouth, HR",121704,12-10-2024,Large,"BigQuery, TensorFlow, LangChain"
1989,Webb-Walls,Finance,AI Product Manager,"NumPy, R, FastAPI, SQL",Mid,Remote,"Port Camerontown, BB",118122,10-02-2025,Large,"KDB+, TensorFlow"
1990,"Hall, Barber and Young",Tech,Data Scientist,"AWS, Azure, C++, LangChain, Python, Flask",Entry,Internship,"Williamshaven, NI",126160,09-01-2025,Startup,"KDB+, BigQuery"
1991,Sanchez Group,Finance,Computer Vision Engineer,"C++, Python, Keras, Scikit-learn",Entry,Full-time,"Brownton, LB",165924,12-12-2024,Startup,"FastAPI, PyTorch"
1992,Wood-Salas,Finance,Quant Researcher,"Python, C++, Azure, MLflow, Excel, CUDA",Entry,Contract,"East Brianborough, IL",114291,14-02-2024,Startup,"MLflow, FastAPI"
1993,Young and Sons,Automotive,Computer Vision Engineer,"CUDA, TensorFlow, Scikit-learn, PyTorch",Mid,Contract,"Lesliefort, ZW",54934,28-02-2025,Startup,"MLflow, PyTorch"
1994,Moran-Brown,Tech,NLP Engineer,"Azure, C++, Keras",Senior,Internship,"Brownburgh, WS",191729,08-01-2025,Mid,LangChain
1995,Williams-Curtis,Education,AI Researcher,"Scikit-learn, Azure, FastAPI, C++",Mid,Full-time,"Melissaside, ZA",107884,30-01-2025,Startup,"MLflow, LangChain"
1996,"Mueller, Ellis and Clark",Finance,NLP Engineer,"Flask, FastAPI, Power BI",Senior,Internship,"Washingtonmouth, SD",100254,22-04-2024,Large,MLflow
1997,Roberts-Yu,Automotive,AI Product Manager,"R, Flask, Excel, C++, CUDA, Scikit-learn",Mid,Remote,"Joshuafort, ZA",92522,02-12-2023,Large,"KDB+, LangChain, MLflow"
1998,"Brooks, Williams and Randolph",Education,Data Analyst,"Hugging Face, Excel, Scikit-learn, R, MLflow",Entry,Contract,"West Brittanyburgh, CG",157551,29-10-2023,Large,PyTorch
1999,Castaneda-Smith,Education,Quant Researcher,"AWS, Python, Scikit-learn",Senior,Contract,"Anthonyshire, OM",72464,10-08-2024,Large,"MLflow, TensorFlow, FastAPI"
2000,Estes Group,Finance,Quant Researcher,"Flask, TensorFlow, Power BI",Senior,Full-time,"Benjaminview, NE",76605,20-02-2025,Startup,MLflow
